customer_id,age,age_group,gender,region,device,subscription_type,monthly_fee,annual_value,payment_method,number_of_profiles,favorite_genre,watch_hours,avg_watch_time_per_day,engagement_level,last_login_days,recency_flag,churned,churn_status,revenue_at_risk
a9b75100-82a8-427a-a208-72f24052884a,51,46-55,Other,Africa,TV,Basic,8.99,107.88,Gift Card,1,Action,14.73,0.49,Medium,29,At Risk,1,Churned,8.99
49a5dfd9-7e69-4022-a6ad-0a1b9767fb5b,47,46-55,Other,Europe,Mobile,Standard,13.99,167.88,Gift Card,5,Sci-Fi,0.7,0.03,Low,19,Active,1,Churned,13.99
4d71f6ce-fca9-4ff7-8afa-197ac24de14b,27,26-35,Female,Asia,TV,Standard,13.99,167.88,Crypto,2,Drama,16.32,1.48,High,10,Active,0,Retained,0.0
d3c72c38-631b-4f9e-8a0e-de103cad1a7d,53,46-55,Other,Oceania,TV,Premium,17.99,215.88,Crypto,2,Horror,4.51,0.35,Medium,12,Active,1,Churned,17.99
4e265c34-103a-4dbb-9553-76c9aa47e946,56,56+,Other,Africa,Mobile,Standard,13.99,167.88,Crypto,2,Action,1.89,0.13,Low,13,Active,1,Churned,13.99
d8079475-5be7-47e9-8782-ceb7ff61395e,58,56+,Female,Oceania,Mobile,Standard,13.99,167.88,Debit Card,3,Action,13.8,0.51,Medium,26,At Risk,0,Retained,0.0
8e63450a-13d6-4e83-bbb5-6aebde9152cb,48,46-55,Other,Asia,TV,Basic,8.99,107.88,Gift Card,5,Romance,13.83,0.66,High,20,Active,0,Retained,0.0
02387681-8c42-462a-807a-de0168c73b38,51,46-55,Male,Europe,Mobile,Basic,8.99,107.88,Gift Card,1,Action,14.3,0.25,Medium,56,At Risk,1,Churned,8.99
0bcaad0c-545c-4ee1-85a6-75e165f39361,45,36-45,Other,Asia,Mobile,Basic,8.99,107.88,PayPal,3,Romance,9.98,0.91,High,10,Active,0,Retained,0.0
eae6439e-8cdf-4258-ab49-c493925b927a,32,26-35,Other,Europe,TV,Premium,17.99,215.88,Debit Card,1,Drama,2.22,0.06,Low,34,At Risk,1,Churned,17.99
45a03ce3-26d0-4cd5-a9bd-22d42490b612,26,26-35,Male,Asia,Laptop,Premium,17.99,215.88,Debit Card,4,Comedy,15.42,0.42,Medium,36,At Risk,0,Retained,0.0
9df43ad1-d6ee-44d0-a79b-c8ab444f10bf,28,26-35,Other,South America,Mobile,Standard,13.99,167.88,Crypto,5,Horror,22.26,0.57,High,38,At Risk,0,Retained,0.0
4690bf9c-b828-44d3-bdb6-f91b10668288,47,46-55,Other,South America,TV,Standard,13.99,167.88,Crypto,1,Sci-Fi,7.92,0.33,Medium,23,At Risk,0,Retained,0.0
0aac0e54-7d40-4cf2-abe4-45f3ff73f5ff,49,46-55,Female,South America,Mobile,Basic,8.99,107.88,Crypto,3,Documentary,5.26,0.15,Low,33,At Risk,1,Churned,8.99
e2a75072-5f48-47ed-a533-eb1b0301aad9,39,36-45,Female,Oceania,Mobile,Basic,8.99,107.88,PayPal,1,Comedy,10.97,1.0,High,10,Active,0,Retained,0.0
25db8257-f409-4acd-81f8-99629fbf15a0,32,26-35,Female,South America,Desktop,Premium,17.99,215.88,Crypto,1,Action,40.94,5.12,High,7,Active,0,Retained,0.0
bf48551e-a8e6-4fd9-bb32-3f798ed84680,46,46-55,Other,Europe,Tablet,Premium,17.99,215.88,Debit Card,3,Comedy,1.25,0.09,Low,13,Active,1,Churned,17.99
3819aaed-bed6-49c8-ab53-0fd9d917e4e1,48,46-55,Female,Africa,Desktop,Standard,13.99,167.88,Crypto,2,Action,8.12,0.25,Medium,32,At Risk,1,Churned,13.99
e2f28860-44e4-4fc2-a445-014332e7fb11,68,56+,Female,Oceania,Tablet,Premium,17.99,215.88,PayPal,4,Romance,7.67,0.19,Medium,40,At Risk,0,Retained,0.0
a088d61d-be5a-409e-b943-73b145b358d1,21,18-25,Female,South America,Laptop,Standard,13.99,167.88,Credit Card,1,Comedy,15.53,0.55,High,27,At Risk,0,Retained,0.0
109cc416-0a22-4c41-93e9-2c7dd24ddd3f,60,56+,Male,Oceania,Tablet,Basic,8.99,107.88,Crypto,2,Comedy,31.9,6.38,High,4,Active,0,Retained,0.0
a8c8dcff-92d3-4a79-849d-42c6e6bbc7bc,70,56+,Other,Europe,Laptop,Premium,17.99,215.88,Gift Card,5,Drama,7.97,0.14,Low,57,At Risk,1,Churned,17.99
8071c1be-1197-49a1-aa75-5fb6a6b3087a,53,46-55,Other,South America,Tablet,Standard,13.99,167.88,Crypto,1,Action,43.02,0.98,High,43,At Risk,0,Retained,0.0
98b7c57d-1094-45dd-bb45-d9bb8dff9b83,36,36-45,Other,Oceania,Tablet,Standard,13.99,167.88,Crypto,3,Action,34.6,1.73,High,19,Active,0,Retained,0.0
18be905c-203f-4de2-8e78-ef10061fc57f,55,46-55,Other,Asia,Desktop,Basic,8.99,107.88,Debit Card,1,Documentary,24.58,1.29,High,18,Active,0,Retained,0.0
b7c1bdad-cafb-4586-a15d-fc9ff30a8115,45,36-45,Female,Oceania,TV,Standard,13.99,167.88,PayPal,1,Romance,7.39,1.06,High,6,Active,0,Retained,0.0
6e061f35-b1b5-4efe-9e37-f40a14d929b1,24,18-25,Male,Africa,Desktop,Premium,17.99,215.88,Crypto,2,Action,6.92,0.49,Medium,13,Active,0,Retained,0.0
8c2d377b-f6ec-44b5-ae08-3660c4358a93,30,26-35,Other,North America,Mobile,Premium,17.99,215.88,Debit Card,1,Horror,1.37,0.02,Low,55,At Risk,1,Churned,17.99
afcc5c55-a3d8-4e2f-ab95-3d34f5e0390d,69,56+,Female,Oceania,Laptop,Basic,8.99,107.88,Gift Card,1,Action,24.56,0.45,Medium,53,At Risk,1,Churned,8.99
2211b077-0300-4e0c-834c-e7751a45eb96,47,46-55,Other,Africa,Laptop,Standard,13.99,167.88,Crypto,1,Sci-Fi,15.87,0.3,Medium,52,At Risk,1,Churned,13.99
8d755725-4f16-4006-bdae-fa3dc9fa2579,49,46-55,Female,Asia,TV,Standard,13.99,167.88,Debit Card,3,Action,7.62,0.27,Medium,27,At Risk,0,Retained,0.0
c39a5943-fe7c-46ec-8d3c-2a24ab46733b,67,56+,Male,Oceania,Tablet,Standard,13.99,167.88,PayPal,1,Drama,3.05,0.1,Low,29,At Risk,1,Churned,13.99
e62d9bc8-dab9-42e0-b6b2-e8d076fe843b,23,18-25,Female,Africa,Mobile,Premium,17.99,215.88,Debit Card,2,Romance,13.31,0.38,Medium,34,At Risk,1,Churned,17.99
7a89d8b6-28ec-4b0c-9d3b-88e0a5119e3b,67,56+,Male,Oceania,Desktop,Basic,8.99,107.88,Crypto,5,Documentary,1.56,1.56,High,0,Active,0,Retained,0.0
c8648f0f-0b92-4445-a3a7-5c48711cbc07,57,56+,Male,South America,Mobile,Premium,17.99,215.88,Gift Card,2,Comedy,0.97,0.03,Low,32,At Risk,1,Churned,17.99
ebe928a7-de65-4567-b349-06056b35e6a6,55,46-55,Other,North America,Mobile,Standard,13.99,167.88,Credit Card,5,Romance,21.58,0.44,Medium,48,At Risk,0,Retained,0.0
8b3597af-7da9-405d-9815-60d1e4dbe2e5,35,26-35,Other,Europe,Tablet,Standard,13.99,167.88,Credit Card,2,Comedy,22.59,1.33,High,16,Active,0,Retained,0.0
839ec473-5f41-4a8b-955a-ec14b3a9cad4,22,18-25,Female,Asia,TV,Standard,13.99,167.88,Crypto,4,Documentary,9.69,0.27,Medium,35,At Risk,1,Churned,13.99
cdf4012d-14b0-41d5-ab40-cc6627fe1e3b,34,26-35,Male,North America,Mobile,Premium,17.99,215.88,PayPal,2,Romance,12.82,0.28,Medium,45,At Risk,1,Churned,17.99
aa97d1a3-c4ad-4c76-bd2a-56f1b46a753c,19,18-25,Male,Asia,Tablet,Standard,13.99,167.88,PayPal,1,Sci-Fi,4.34,2.17,High,1,Active,0,Retained,0.0
6ead42f9-86d8-4c66-b2fc-3d791323186d,25,18-25,Female,South America,Laptop,Premium,17.99,215.88,Credit Card,1,Action,15.95,1.0,High,15,Active,0,Retained,0.0
9235d289-6d46-46ba-a48a-1cf4ea18b599,49,46-55,Other,North America,Tablet,Premium,17.99,215.88,Debit Card,5,Romance,2.05,0.14,Low,14,Active,0,Retained,0.0
20529e32-d3e7-4cfc-8210-b6468cdbe2a4,55,46-55,Other,Europe,Tablet,Premium,17.99,215.88,PayPal,3,Action,3.86,0.15,Low,25,At Risk,1,Churned,17.99
bfe7729e-7d5d-4850-b496-51e891158836,36,36-45,Other,Africa,TV,Basic,8.99,107.88,PayPal,4,Action,1.68,0.15,Low,10,Active,1,Churned,8.99
783c7652-37b8-4be0-b8bc-fb51bd4b5578,27,26-35,Other,Oceania,TV,Premium,17.99,215.88,Crypto,3,Drama,46.88,0.82,High,56,At Risk,0,Retained,0.0
2117b36a-9e3e-4077-ac5b-03540bb38461,49,46-55,Male,Oceania,Desktop,Standard,13.99,167.88,Gift Card,2,Comedy,4.22,0.08,Low,50,At Risk,1,Churned,13.99
ceec2c10-9770-48d1-8366-344fa66195b1,54,46-55,Female,South America,Desktop,Basic,8.99,107.88,Gift Card,3,Drama,26.88,0.6,High,44,At Risk,0,Retained,0.0
854b2bfd-6773-413f-b385-02338fa3a316,31,26-35,Female,North America,Mobile,Standard,13.99,167.88,Debit Card,5,Drama,2.23,0.06,Low,39,At Risk,1,Churned,13.99
ee53be31-fb36-41d9-8eb2-1a4c1d976552,31,26-35,Male,South America,Desktop,Premium,17.99,215.88,PayPal,5,Drama,14.15,0.57,High,24,At Risk,0,Retained,0.0
c9c8202c-992c-4e6c-b04f-0e2961ea87cc,42,36-45,Female,Europe,Mobile,Basic,8.99,107.88,Credit Card,5,Horror,49.49,1.24,High,39,At Risk,0,Retained,0.0
022f9c7a-8276-494a-8629-086ad5e81df1,30,26-35,Male,Europe,Tablet,Premium,17.99,215.88,Crypto,4,Comedy,8.79,0.4,Medium,21,At Risk,0,Retained,0.0
1a0f21b6-454a-4a22-88a8-5045b9d00fa4,58,56+,Male,North America,Mobile,Standard,13.99,167.88,Debit Card,2,Romance,14.57,0.63,High,22,At Risk,0,Retained,0.0
616199ed-33c4-4ff5-9450-251fc608d3a1,63,56+,Other,Africa,TV,Standard,13.99,167.88,PayPal,1,Comedy,25.73,2.14,High,11,Active,0,Retained,0.0
d1593b1d-ef59-4d4a-a169-5ff338b8baef,60,56+,Male,Asia,Desktop,Standard,13.99,167.88,Gift Card,3,Documentary,3.01,0.1,Low,30,At Risk,1,Churned,13.99
749b69f5-8a24-428a-880c-86057af2a485,66,56+,Male,South America,Tablet,Basic,8.99,107.88,PayPal,3,Drama,12.05,0.35,Medium,33,At Risk,1,Churned,8.99
a2eab47c-dc4c-427f-88f8-755051b303fb,51,46-55,Female,South America,Mobile,Premium,17.99,215.88,Credit Card,2,Horror,3.7,0.1,Low,37,At Risk,1,Churned,17.99
b313f39d-0675-4bef-9b10-573146872adf,63,56+,Male,Oceania,Mobile,Premium,17.99,215.88,Credit Card,1,Documentary,5.84,0.28,Medium,20,Active,0,Retained,0.0
09a76bc9-4048-4403-8087-a31cdb16556e,31,26-35,Male,Oceania,Desktop,Basic,8.99,107.88,Debit Card,5,Comedy,48.35,4.03,High,11,Active,0,Retained,0.0
af9b0f0d-9532-48f2-ad24-bf41faa164a6,55,46-55,Other,North America,Desktop,Standard,13.99,167.88,Debit Card,4,Action,2.89,0.08,Low,37,At Risk,1,Churned,13.99
ec202012-e4bf-4b14-b5fe-4447d8cfb730,38,36-45,Male,South America,Desktop,Premium,17.99,215.88,Credit Card,4,Drama,29.84,0.52,High,56,At Risk,0,Retained,0.0
8c78b61b-0d41-4470-ade0-3ed2e2b36c28,65,56+,Other,North America,Desktop,Standard,13.99,167.88,Credit Card,1,Comedy,19.33,0.6,High,31,At Risk,0,Retained,0.0
da57899f-77b4-4b23-bcab-700db438f6d1,43,36-45,Female,Europe,TV,Premium,17.99,215.88,Credit Card,3,Action,2.5,0.07,Low,33,At Risk,1,Churned,17.99
361aff57-8a5f-4229-b4f5-f52544178dc7,63,56+,Male,North America,Tablet,Premium,17.99,215.88,Crypto,1,Romance,6.97,0.22,Medium,31,At Risk,1,Churned,17.99
900034d1-e7de-4e99-914e-4ad863061834,64,56+,Female,Africa,Mobile,Standard,13.99,167.88,PayPal,1,Romance,3.66,0.52,High,6,Active,0,Retained,0.0
6082e011-4f6d-4acb-93f2-3bfefd532880,58,56+,Female,North America,Mobile,Basic,8.99,107.88,Debit Card,5,Action,30.85,0.66,High,46,At Risk,0,Retained,0.0
4c7d404a-ebd5-4881-9fb5-302ad47f2fb8,31,26-35,Male,Europe,TV,Standard,13.99,167.88,PayPal,3,Sci-Fi,1.77,0.05,Low,34,At Risk,1,Churned,13.99
33146637-8d6b-4a63-b0be-65c67a894825,62,56+,Other,North America,Tablet,Standard,13.99,167.88,Debit Card,3,Romance,16.65,0.4,Medium,41,At Risk,1,Churned,13.99
746cea20-f12a-4b78-900d-fe19b5eaf91d,35,26-35,Male,Oceania,TV,Standard,13.99,167.88,Crypto,5,Action,25.08,8.36,High,2,Active,0,Retained,0.0
44361538-0ea0-4b91-bef5-4c5af2dc15bd,34,26-35,Other,Asia,Tablet,Standard,13.99,167.88,Debit Card,1,Comedy,23.2,1.22,High,18,Active,0,Retained,0.0
05e8a643-0a5c-4413-ae75-a4dcdccf9c62,65,56+,Other,Oceania,Tablet,Premium,17.99,215.88,Gift Card,3,Sci-Fi,37.82,1.18,High,31,At Risk,0,Retained,0.0
85b74247-a98b-47b1-91ba-8b7db3c3662c,68,56+,Male,Europe,Laptop,Standard,13.99,167.88,Crypto,3,Romance,28.44,0.51,Medium,55,At Risk,0,Retained,0.0
aaf3513b-97c7-46fa-b889-0d78c2ca0be7,46,46-55,Other,South America,Laptop,Standard,13.99,167.88,Credit Card,2,Romance,13.38,3.35,High,3,Active,0,Retained,0.0
62d2ca00-38a2-4f3b-a517-e212fb24e26e,62,56+,Female,South America,Mobile,Standard,13.99,167.88,Crypto,5,Drama,14.8,0.36,Medium,40,At Risk,1,Churned,13.99
005b6afc-cff9-432f-ae0e-265d9acb5a59,63,56+,Other,South America,Mobile,Premium,17.99,215.88,PayPal,4,Sci-Fi,3.39,0.06,Low,57,At Risk,1,Churned,17.99
4dbbc3f7-6ede-48ad-bf36-84c7e9188e3c,62,56+,Female,Oceania,Desktop,Premium,17.99,215.88,Debit Card,1,Comedy,13.15,1.1,High,11,Active,0,Retained,0.0
60559c1a-4093-4379-9e24-d2f033256395,41,36-45,Male,South America,Desktop,Basic,8.99,107.88,Debit Card,5,Drama,15.26,0.69,High,21,At Risk,0,Retained,0.0
842cacde-7763-4505-bef1-538dedd13be7,27,26-35,Other,South America,Tablet,Premium,17.99,215.88,Debit Card,2,Drama,79.17,6.09,High,12,Active,0,Retained,0.0
73772dd0-a793-479a-a5fa-51423747291a,60,56+,Female,North America,Laptop,Basic,8.99,107.88,Debit Card,1,Documentary,9.13,0.21,Medium,43,At Risk,1,Churned,8.99
52aa9ac1-8625-4421-8d2c-3ed00cf83389,60,56+,Male,Asia,Mobile,Premium,17.99,215.88,Debit Card,2,Drama,3.29,0.16,Low,20,Active,1,Churned,17.99
72452f35-f1ef-4881-a0f6-df6de0351844,58,56+,Female,Europe,Laptop,Standard,13.99,167.88,PayPal,1,Sci-Fi,9.52,0.18,Medium,51,At Risk,1,Churned,13.99
fdf130c6-cd3c-434b-abbf-4645c8ca928d,18,18-25,Male,Oceania,Tablet,Standard,13.99,167.88,Debit Card,4,Horror,3.56,0.15,Low,23,At Risk,0,Retained,0.0
f3dd9f07-99ca-4425-8eaa-62f1a949e8b1,48,46-55,Other,Africa,Mobile,Premium,17.99,215.88,Gift Card,5,Documentary,11.1,0.26,Medium,41,At Risk,1,Churned,17.99
f67b2663-cc48-4d48-a855-fc3e1e323a0f,26,26-35,Other,Oceania,Mobile,Standard,13.99,167.88,Debit Card,2,Documentary,23.13,0.83,High,27,At Risk,0,Retained,0.0
da8c00ec-40b0-400a-90b6-ed24b0b37c89,21,18-25,Male,Asia,Desktop,Premium,17.99,215.88,Debit Card,2,Sci-Fi,9.91,0.35,Medium,27,At Risk,0,Retained,0.0
6be0b14c-eaea-4580-b845-457df93bb828,46,46-55,Other,Asia,Laptop,Basic,8.99,107.88,Credit Card,2,Horror,6.22,0.17,Medium,36,At Risk,1,Churned,8.99
134e6a09-9723-4652-9213-fbfecaa84377,62,56+,Female,Europe,Tablet,Premium,17.99,215.88,Debit Card,5,Sci-Fi,0.45,0.02,Low,20,Active,0,Retained,0.0
31563b13-7c8d-41c6-bdf2-6a1a554574cd,35,26-35,Female,Oceania,Laptop,Standard,13.99,167.88,Credit Card,1,Action,17.53,0.45,Medium,38,At Risk,1,Churned,13.99
ce40f5f8-42ee-44e2-b754-bd3a626cf48d,61,56+,Female,Europe,Tablet,Standard,13.99,167.88,Crypto,2,Drama,4.52,0.21,Medium,21,At Risk,1,Churned,13.99
2682c90e-8e16-4cb6-88ae-1348cd5a62fb,37,36-45,Male,Asia,Mobile,Basic,8.99,107.88,Credit Card,4,Horror,9.69,0.39,Medium,24,At Risk,0,Retained,0.0
84cbf173-d71c-49cf-b015-0ea96838663a,46,46-55,Female,Asia,Laptop,Standard,13.99,167.88,Credit Card,2,Sci-Fi,5.78,1.16,High,4,Active,0,Retained,0.0
55587cf4-5322-467e-8066-2ac35e023421,41,36-45,Female,Europe,TV,Premium,17.99,215.88,Gift Card,3,Documentary,18.87,1.89,High,9,Active,0,Retained,0.0
72c5f29b-8e0a-4b81-99c2-6db14fd602a6,21,18-25,Female,Oceania,Desktop,Premium,17.99,215.88,Debit Card,4,Sci-Fi,4.89,1.22,High,3,Active,0,Retained,0.0
f1e8f248-727d-47f5-92da-d6f7610cfc5b,55,46-55,Female,Oceania,TV,Premium,17.99,215.88,PayPal,4,Drama,1.66,0.03,Low,54,At Risk,1,Churned,17.99
1cb5c1a8-8724-4edc-8255-06b1152f5dea,64,56+,Female,South America,Laptop,Premium,17.99,215.88,Crypto,3,Horror,4.42,0.25,Medium,17,Active,1,Churned,17.99
72e27837-1995-4843-8284-fadf89a8cfe8,36,36-45,Other,North America,Mobile,Premium,17.99,215.88,Gift Card,4,Documentary,13.38,0.58,High,22,At Risk,0,Retained,0.0
40e78b9f-b88b-4eb9-b6dd-f288901b072d,67,56+,Female,Europe,TV,Premium,17.99,215.88,PayPal,3,Action,9.87,1.41,High,6,Active,0,Retained,0.0
c82cb034-7c20-47af-901e-91379d90a183,23,18-25,Female,South America,TV,Premium,17.99,215.88,PayPal,4,Sci-Fi,23.6,0.41,Medium,56,At Risk,0,Retained,0.0
6d9e258d-3110-475f-ac1c-1eba0f56b7e8,19,18-25,Male,North America,Mobile,Basic,8.99,107.88,Credit Card,1,Romance,3.89,0.11,Low,33,At Risk,1,Churned,8.99
a9661b26-d812-406e-a1e2-58f640879a0a,20,18-25,Other,Africa,Tablet,Premium,17.99,215.88,Crypto,5,Drama,3.4,0.1,Low,33,At Risk,1,Churned,17.99
747d7b40-97b1-4207-923c-72d5c3e65343,50,46-55,Female,Europe,Tablet,Standard,13.99,167.88,Credit Card,4,Romance,3.58,0.07,Low,54,At Risk,1,Churned,13.99
8ba94dad-4f0e-4aaf-b8d5-c8b4deb2195b,33,26-35,Other,South America,Mobile,Premium,17.99,215.88,Crypto,4,Comedy,31.11,0.78,High,39,At Risk,0,Retained,0.0
cd2fbe59-0226-47ac-83f9-3aad8fdd9fd1,31,26-35,Other,Europe,Desktop,Premium,17.99,215.88,Credit Card,5,Horror,2.81,0.07,Low,39,At Risk,1,Churned,17.99
e443c6b3-1d47-4274-b231-23f2ffe08dc9,20,18-25,Male,Africa,Desktop,Standard,13.99,167.88,PayPal,3,Documentary,9.87,0.33,Medium,29,At Risk,0,Retained,0.0
7fdace55-3767-41d2-85d3-e43a5eddede6,18,18-25,Female,South America,Tablet,Basic,8.99,107.88,Crypto,3,Action,35.52,0.87,High,40,At Risk,0,Retained,0.0
85d2824e-34b3-4e81-8e27-d1426f49ae4b,31,26-35,Male,South America,Desktop,Premium,17.99,215.88,Gift Card,1,Sci-Fi,4.6,2.3,High,1,Active,0,Retained,0.0
4b1e6601-b97e-479b-b01c-5228f3c6681e,47,46-55,Other,Africa,Tablet,Premium,17.99,215.88,Gift Card,2,Documentary,14.24,0.37,Medium,37,At Risk,1,Churned,17.99
fa19687b-872c-4163-a900-59f1b4098ed9,49,46-55,Female,Asia,Mobile,Basic,8.99,107.88,Debit Card,2,Horror,2.9,0.06,Low,46,At Risk,1,Churned,8.99
90b17b2a-6b37-4913-acb5-70b9a7fb7400,30,26-35,Female,Oceania,Laptop,Basic,8.99,107.88,Credit Card,5,Comedy,24.74,1.37,High,17,Active,0,Retained,0.0
f2d0a49a-a99d-440c-8495-66a3e2e4d7f9,22,18-25,Other,Asia,TV,Basic,8.99,107.88,Gift Card,2,Sci-Fi,2.93,0.1,Low,27,At Risk,1,Churned,8.99
79f6a459-5e71-40e9-831a-8657ed6f160b,61,56+,Other,North America,Tablet,Standard,13.99,167.88,Gift Card,5,Romance,5.98,2.99,High,1,Active,0,Retained,0.0
fd3c898e-3bfd-453b-b00e-839eaf2dd443,59,56+,Other,North America,Desktop,Premium,17.99,215.88,Crypto,3,Romance,24.59,0.49,Medium,49,At Risk,0,Retained,0.0
d88332b4-4d6a-49a9-a74c-55a5d43f3785,42,36-45,Male,South America,Laptop,Premium,17.99,215.88,Crypto,4,Sci-Fi,18.17,6.06,High,2,Active,0,Retained,0.0
ad1d5a11-4a28-49fe-ab0d-9d9708af9ae4,21,18-25,Female,North America,Laptop,Basic,8.99,107.88,Credit Card,3,Romance,13.97,0.93,High,14,Active,0,Retained,0.0
f5a0302a-6df7-4cad-b563-199ad2af75da,35,26-35,Male,South America,Tablet,Basic,8.99,107.88,Credit Card,4,Romance,4.58,0.11,Low,42,At Risk,1,Churned,8.99
2dab7db6-0652-42aa-9bbd-c685fadca648,32,26-35,Other,Africa,TV,Basic,8.99,107.88,Crypto,4,Romance,17.18,0.75,High,22,At Risk,0,Retained,0.0
123f622f-26f1-431d-bc19-2219c6e7fc86,65,56+,Female,Asia,TV,Premium,17.99,215.88,Gift Card,1,Documentary,4.89,0.7,High,6,Active,0,Retained,0.0
4b9d865e-50f1-447e-8e49-89d2c6acd3b3,59,56+,Other,Oceania,Tablet,Standard,13.99,167.88,Debit Card,1,Sci-Fi,6.77,0.29,Medium,22,At Risk,0,Retained,0.0
4891e3c6-f53b-45af-ad62-12572f687302,70,56+,Other,Asia,Mobile,Basic,8.99,107.88,Credit Card,5,Action,1.28,0.02,Low,52,At Risk,1,Churned,8.99
2e3a45b3-b511-42dd-b3e3-e9ce9d182b7a,63,56+,Male,North America,Tablet,Premium,17.99,215.88,Credit Card,5,Documentary,8.54,0.16,Low,51,At Risk,0,Retained,0.0
5519a119-ca14-4ca1-9518-40ab23d4ea93,29,26-35,Other,Europe,Desktop,Basic,8.99,107.88,PayPal,1,Action,17.58,5.86,High,2,Active,0,Retained,0.0
ccaded82-6e9b-4863-b165-cb90cb39fd26,30,26-35,Other,North America,Tablet,Basic,8.99,107.88,PayPal,4,Action,9.28,0.21,Medium,44,At Risk,1,Churned,8.99
52c7f909-500a-4c6d-851d-e504c27ec859,52,46-55,Other,South America,Tablet,Basic,8.99,107.88,Gift Card,3,Comedy,6.18,0.15,Low,41,At Risk,1,Churned,8.99
d019bb17-c284-4b18-b15e-a8625a16d93f,49,46-55,Other,North America,Mobile,Standard,13.99,167.88,Crypto,2,Action,5.88,0.14,Low,40,At Risk,1,Churned,13.99
efe01bcd-e159-4494-a1d3-6e8432a0c269,33,26-35,Male,Europe,Tablet,Standard,13.99,167.88,Gift Card,5,Drama,2.86,0.09,Low,30,At Risk,1,Churned,13.99
552fb14c-c171-4f05-895a-61d49233686b,22,18-25,Female,Europe,TV,Basic,8.99,107.88,Crypto,1,Horror,3.71,0.13,Low,28,At Risk,1,Churned,8.99
99e08a07-d0de-46c9-997d-1fb9452bea46,29,26-35,Male,South America,Mobile,Basic,8.99,107.88,Debit Card,5,Horror,1.7,0.04,Low,43,At Risk,1,Churned,8.99
45291e8c-5116-4068-9168-545eecfaf691,67,56+,Female,Europe,Laptop,Standard,13.99,167.88,Gift Card,1,Sci-Fi,1.02,0.05,Low,20,Active,1,Churned,13.99
00477256-578d-4abd-8ed8-3a5e75539e7a,53,46-55,Female,South America,Mobile,Premium,17.99,215.88,Gift Card,2,Romance,1.36,0.04,Low,35,At Risk,1,Churned,17.99
a8f0268f-cb07-4c40-9fde-dbe0f1c737fc,40,36-45,Male,North America,Mobile,Premium,17.99,215.88,Debit Card,5,Romance,12.26,3.06,High,3,Active,0,Retained,0.0
3b237337-1044-4e5d-a612-e1a9e5f6eb36,56,56+,Other,Europe,Laptop,Premium,17.99,215.88,Debit Card,2,Action,1.43,0.08,Low,16,Active,1,Churned,17.99
80e4a598-68b9-48e1-8bc0-4dbfa54d769e,35,26-35,Female,South America,Desktop,Basic,8.99,107.88,Gift Card,2,Drama,26.9,0.54,High,49,At Risk,0,Retained,0.0
33563d42-7f51-405c-8328-8cd881128656,54,46-55,Male,Oceania,TV,Basic,8.99,107.88,Credit Card,5,Drama,3.13,0.18,Medium,16,Active,1,Churned,8.99
4949efaa-be29-41cc-a0ee-683eaa53f442,19,18-25,Other,Asia,Desktop,Basic,8.99,107.88,Crypto,5,Documentary,3.72,0.31,Medium,11,Active,1,Churned,8.99
4cea2a42-ffdf-49e0-a1c0-5a13b3bdffe3,28,26-35,Male,Africa,Laptop,Premium,17.99,215.88,Crypto,4,Horror,16.17,0.34,Medium,46,At Risk,1,Churned,17.99
e301bbbc-80e3-4e8a-9016-545ab980b0cf,19,18-25,Other,Europe,Tablet,Basic,8.99,107.88,PayPal,4,Horror,5.18,0.12,Low,43,At Risk,1,Churned,8.99
5945dc09-1b5b-4511-ac0d-20135699628e,34,26-35,Male,Asia,Tablet,Basic,8.99,107.88,Credit Card,5,Action,1.89,0.03,Low,59,At Risk,1,Churned,8.99
69281385-44f2-48fb-abf2-dc483ee5be8b,19,18-25,Male,Asia,TV,Premium,17.99,215.88,Gift Card,3,Drama,8.03,4.01,High,1,Active,0,Retained,0.0
844f2522-32e3-4f44-a960-cd0c13881618,45,36-45,Other,North America,Laptop,Basic,8.99,107.88,Crypto,3,Sci-Fi,3.4,0.12,Low,27,At Risk,1,Churned,8.99
8bc108d0-ddb9-4aa9-8c28-081008f38cb6,50,46-55,Other,South America,Tablet,Basic,8.99,107.88,Gift Card,2,Sci-Fi,0.11,0.06,Low,1,Active,1,Churned,8.99
7bb33e01-e208-48b0-9c0b-cd38833b1124,47,46-55,Female,Africa,Desktop,Standard,13.99,167.88,PayPal,1,Action,40.12,0.72,High,55,At Risk,0,Retained,0.0
21f1a30f-ff82-424c-b085-7770795446c1,40,36-45,Female,South America,Desktop,Standard,13.99,167.88,Crypto,4,Sci-Fi,32.88,0.89,High,36,At Risk,0,Retained,0.0
5fa579a5-f777-4206-98c3-de5d03627c6c,41,36-45,Female,Oceania,Tablet,Standard,13.99,167.88,Crypto,4,Action,6.26,0.37,Medium,16,Active,0,Retained,0.0
ffdade4e-d794-42ce-a50d-25f0a5729e88,48,46-55,Other,Europe,Mobile,Premium,17.99,215.88,PayPal,1,Drama,16.78,5.59,High,2,Active,0,Retained,0.0
e8fda88a-2847-4cb4-b5a0-b7f0c3454405,67,56+,Other,North America,Tablet,Standard,13.99,167.88,Crypto,1,Documentary,3.29,0.13,Low,25,At Risk,1,Churned,13.99
e19a5270-f0e0-4586-8893-ca3fabdc2fc8,59,56+,Female,South America,Desktop,Basic,8.99,107.88,PayPal,2,Sci-Fi,20.11,0.49,Medium,40,At Risk,1,Churned,8.99
46fe1eb8-c6f9-4bd4-8a9a-d91919ed031a,60,56+,Female,South America,Desktop,Standard,13.99,167.88,Debit Card,2,Drama,19.36,0.42,Medium,45,At Risk,1,Churned,13.99
6735d050-2af6-4030-b34f-9687ab1a8914,33,26-35,Male,South America,Desktop,Basic,8.99,107.88,Debit Card,3,Romance,2.27,0.11,Low,20,Active,1,Churned,8.99
629a11d7-4bd9-4698-b40f-8638ffd900c7,24,18-25,Female,Europe,Tablet,Basic,8.99,107.88,Crypto,3,Comedy,2.42,0.04,Low,56,At Risk,1,Churned,8.99
39287652-cd55-45d3-99bc-5b4917558f5e,23,18-25,Other,North America,Mobile,Basic,8.99,107.88,PayPal,3,Romance,10.85,0.78,High,13,Active,0,Retained,0.0
071f4ab9-b7c8-42b9-9571-dac40f75fe29,34,26-35,Male,Europe,Mobile,Premium,17.99,215.88,PayPal,4,Action,9.59,0.33,Medium,28,At Risk,0,Retained,0.0
ebfb8aef-3cb5-40e2-9eed-15a73a544d43,30,26-35,Male,Asia,TV,Premium,17.99,215.88,Debit Card,5,Documentary,7.24,0.18,Medium,40,At Risk,0,Retained,0.0
1ce9139b-2013-4a00-b77f-fbab1b020a00,69,56+,Male,Europe,TV,Standard,13.99,167.88,Gift Card,5,Action,7.85,0.18,Medium,43,At Risk,1,Churned,13.99
9fbdd1e9-64e2-41a4-8753-fb3412bea228,70,56+,Female,North America,Mobile,Basic,8.99,107.88,Debit Card,4,Action,6.8,0.97,High,6,Active,0,Retained,0.0
76d56597-dfb2-4223-845f-b8ff46b00ccd,42,36-45,Male,Oceania,Laptop,Premium,17.99,215.88,Credit Card,1,Comedy,0.88,0.03,Low,33,At Risk,1,Churned,17.99
7da43629-4c0f-49ff-8bf2-047e7d6ff102,34,26-35,Male,Asia,Tablet,Premium,17.99,215.88,Gift Card,2,Comedy,12.48,0.23,Medium,53,At Risk,1,Churned,17.99
fb2804df-cb81-4735-a73b-15241d47b179,51,46-55,Female,South America,TV,Premium,17.99,215.88,Debit Card,2,Drama,2.04,0.29,Medium,6,Active,0,Retained,0.0
fd5c0b28-152d-47e2-bc46-c8db8eb99985,27,26-35,Other,Africa,Laptop,Premium,17.99,215.88,Gift Card,4,Documentary,4.57,0.18,Medium,24,At Risk,1,Churned,17.99
54ff35f5-4b7d-4740-a2b3-4755a628e79a,19,18-25,Male,Oceania,Laptop,Standard,13.99,167.88,Debit Card,3,Romance,19.23,0.92,High,20,Active,0,Retained,0.0
8af34fa6-55d3-4e2f-bb67-94d27ba89512,18,18-25,Other,Oceania,Tablet,Standard,13.99,167.88,Credit Card,2,Drama,16.81,0.29,Medium,56,At Risk,1,Churned,13.99
4ab4899e-8602-4207-8d66-b1d0037f9061,23,18-25,Other,Europe,Desktop,Premium,17.99,215.88,PayPal,3,Documentary,8.17,0.21,Medium,38,At Risk,1,Churned,17.99
d0882378-87e1-4f8c-ae52-9b4c6650ed1d,23,18-25,Male,Europe,TV,Basic,8.99,107.88,Credit Card,2,Romance,7.09,0.21,Medium,32,At Risk,1,Churned,8.99
95506f85-ac7c-441f-9653-2ff87e09cf22,50,46-55,Female,Asia,Desktop,Premium,17.99,215.88,Gift Card,4,Drama,7.92,0.13,Low,58,At Risk,1,Churned,17.99
78f24d23-96c3-46bf-a87a-fb61569fc00b,54,46-55,Other,Oceania,TV,Standard,13.99,167.88,PayPal,5,Horror,10.1,0.25,Medium,40,At Risk,0,Retained,0.0
3d2a67b3-9cdb-4e45-9066-27e51d45cb66,68,56+,Female,Africa,TV,Basic,8.99,107.88,Crypto,3,Romance,9.07,0.27,Medium,32,At Risk,1,Churned,8.99
a8582720-4d1c-4377-8be1-a414bc51938d,70,56+,Other,Europe,Laptop,Basic,8.99,107.88,PayPal,5,Documentary,2.24,0.04,Low,50,At Risk,1,Churned,8.99
6ad7f0b7-91f7-4c49-9d03-085ce4845c8e,28,26-35,Male,Europe,Laptop,Basic,8.99,107.88,PayPal,5,Action,11.25,0.21,Medium,52,At Risk,1,Churned,8.99
a9bb3c30-19d3-4f1c-ab31-2749363de6ca,37,36-45,Male,South America,Mobile,Standard,13.99,167.88,Gift Card,1,Sci-Fi,31.31,0.58,High,53,At Risk,0,Retained,0.0
6517898e-2c6a-4f44-a25a-33272efdc08d,51,46-55,Female,Europe,TV,Premium,17.99,215.88,Credit Card,2,Horror,8.32,0.17,Medium,48,At Risk,1,Churned,17.99
ce63b3cf-0d7a-499f-a1d7-5ee3a26a0257,18,18-25,Female,South America,Laptop,Premium,17.99,215.88,Credit Card,4,Drama,6.8,0.32,Medium,20,Active,0,Retained,0.0
5911a679-cdb3-4ccc-8ce8-491fb5a5f538,25,18-25,Female,Asia,TV,Basic,8.99,107.88,Debit Card,4,Drama,18.4,0.33,Medium,55,At Risk,1,Churned,8.99
8f45c680-7d92-47c2-910e-2e4c69803700,33,26-35,Other,Oceania,Tablet,Basic,8.99,107.88,PayPal,4,Horror,44.72,5.59,High,7,Active,0,Retained,0.0
9141433d-3463-435d-9b27-87d08766f03d,30,26-35,Female,Africa,Tablet,Premium,17.99,215.88,PayPal,4,Comedy,3.61,0.08,Low,43,At Risk,1,Churned,17.99
5131e34f-e327-4746-9132-241d79255ecc,22,18-25,Male,Africa,Tablet,Premium,17.99,215.88,Debit Card,5,Action,10.68,0.18,Medium,60,At Risk,0,Retained,0.0
8a93c9a8-86d1-4fb8-9f0f-89ff6671601a,40,36-45,Other,Oceania,Tablet,Basic,8.99,107.88,Gift Card,4,Romance,8.13,1.63,High,4,Active,0,Retained,0.0
61e92891-b875-4291-8e37-00d10b069367,44,36-45,Male,Oceania,TV,Premium,17.99,215.88,Gift Card,3,Documentary,38.18,0.76,High,49,At Risk,0,Retained,0.0
c96e98a2-6211-4466-9096-6c389ef0143a,68,56+,Male,Africa,Mobile,Basic,8.99,107.88,Debit Card,5,Horror,1.83,1.83,High,0,Active,0,Retained,0.0
dd0dd66b-b4e4-4077-b128-50039b87c68f,24,18-25,Female,Oceania,Laptop,Basic,8.99,107.88,Debit Card,4,Romance,47.9,2.18,High,21,At Risk,0,Retained,0.0
9945eeb5-7747-4c17-a171-35bfde1b29ff,34,26-35,Female,South America,Desktop,Standard,13.99,167.88,Gift Card,3,Romance,3.85,0.07,Low,55,At Risk,1,Churned,13.99
e3e9c377-2cb7-4ec4-a85a-f59b9e6f298d,62,56+,Female,South America,Tablet,Basic,8.99,107.88,Debit Card,2,Action,1.55,0.09,Low,17,Active,1,Churned,8.99
01bcc59b-2ffe-4146-9c55-05195c1bfd4f,29,26-35,Female,Asia,Tablet,Standard,13.99,167.88,Credit Card,5,Drama,7.46,0.13,Low,58,At Risk,0,Retained,0.0
66ee8b3e-54d4-47b0-9bdf-a9830a3be6f0,62,56+,Female,North America,TV,Basic,8.99,107.88,Gift Card,2,Documentary,6.67,0.14,Low,47,At Risk,1,Churned,8.99
042c6d84-17fa-4c97-a537-dcc1ebfc9b19,20,18-25,Female,South America,Laptop,Premium,17.99,215.88,Gift Card,1,Comedy,4.57,0.25,Medium,17,Active,1,Churned,17.99
37bf780f-45c1-471c-8158-9f211fbf9e0a,60,56+,Female,Asia,Tablet,Standard,13.99,167.88,PayPal,5,Documentary,1.03,0.34,Medium,2,Active,0,Retained,0.0
57bea9bb-8e3b-4a70-831b-89ec71163a30,25,18-25,Other,Africa,Tablet,Standard,13.99,167.88,Credit Card,4,Sci-Fi,6.71,2.24,High,2,Active,0,Retained,0.0
ea197301-ecc0-4b24-b3f2-f9c7aa3efccf,57,56+,Male,North America,TV,Standard,13.99,167.88,Gift Card,4,Horror,12.95,0.46,Medium,27,At Risk,0,Retained,0.0
31dab47e-d021-4d4b-8284-98460539ef0a,47,46-55,Male,Africa,Tablet,Standard,13.99,167.88,PayPal,5,Horror,3.92,0.07,Low,58,At Risk,1,Churned,13.99
339bd217-4512-4fce-8e0f-a8ee2938f548,54,46-55,Male,North America,Laptop,Basic,8.99,107.88,Gift Card,4,Drama,24.44,0.84,High,28,At Risk,0,Retained,0.0
e4696783-b60d-40f9-8556-b6aaca0439bb,34,26-35,Female,North America,Mobile,Standard,13.99,167.88,PayPal,2,Documentary,28.76,2.4,High,11,Active,0,Retained,0.0
6131b5ac-7daf-4a54-9f44-63fe0fcca85f,52,46-55,Male,Asia,TV,Standard,13.99,167.88,Crypto,1,Action,1.35,0.17,Medium,7,Active,1,Churned,13.99
c81ba12a-e438-42fc-9d0a-045fb8a0e87a,53,46-55,Other,Asia,Tablet,Premium,17.99,215.88,PayPal,1,Romance,0.25,0.0,Low,50,At Risk,1,Churned,17.99
d9706e06-14bf-475c-aeb6-1eaaf5a3dd1b,68,56+,Female,North America,Tablet,Premium,17.99,215.88,PayPal,4,Horror,10.27,0.18,Medium,55,At Risk,0,Retained,0.0
db2af8cb-89e8-4d68-b1b4-6620a2d5d041,68,56+,Male,North America,Laptop,Premium,17.99,215.88,Gift Card,1,Romance,52.22,10.44,High,4,Active,0,Retained,0.0
b84c61be-3dbf-4706-9ac0-bf2c77b54dde,55,46-55,Other,North America,Mobile,Standard,13.99,167.88,PayPal,1,Comedy,7.61,0.2,Medium,37,At Risk,1,Churned,13.99
29c66269-9ffd-4c33-a193-ce878aadd03e,31,26-35,Male,North America,TV,Basic,8.99,107.88,PayPal,1,Horror,11.05,0.21,Medium,51,At Risk,1,Churned,8.99
5515be5c-4926-4e19-abbf-6f2f6c8da2ac,30,26-35,Other,South America,Laptop,Standard,13.99,167.88,PayPal,1,Horror,17.22,2.87,High,5,Active,0,Retained,0.0
65967ad4-dae6-45d3-9af8-3897eed4bdfb,56,56+,Female,South America,Tablet,Premium,17.99,215.88,Debit Card,2,Comedy,2.39,0.11,Low,21,At Risk,1,Churned,17.99
ac2f51d0-0824-4f84-b2cd-ab20ec04b858,44,36-45,Other,Europe,Desktop,Basic,8.99,107.88,Debit Card,5,Horror,14.91,0.31,Medium,47,At Risk,1,Churned,8.99
f1c3c48d-f3d2-4d85-a8c3-f1a96eaacad9,64,56+,Male,Africa,Laptop,Standard,13.99,167.88,Credit Card,3,Comedy,13.86,1.73,High,7,Active,0,Retained,0.0
2986574c-65fa-40e8-ae90-3c745b045804,42,36-45,Other,South America,Laptop,Basic,8.99,107.88,Credit Card,4,Romance,2.6,0.05,Low,50,At Risk,1,Churned,8.99
533ad58f-7675-4e1f-8a7b-27f64e6ac546,18,18-25,Other,Oceania,Desktop,Premium,17.99,215.88,Gift Card,1,Comedy,17.75,1.77,High,9,Active,0,Retained,0.0
bf84e8d8-05ec-42a0-acea-ef18118399c7,56,56+,Male,Asia,Laptop,Basic,8.99,107.88,Debit Card,3,Drama,8.71,2.9,High,2,Active,0,Retained,0.0
ec781d62-dcea-497b-a9e4-c17263747c67,23,18-25,Male,North America,TV,Premium,17.99,215.88,PayPal,4,Romance,10.39,3.46,High,2,Active,0,Retained,0.0
8b81a984-02e2-48aa-9ff5-5f1868dcf643,23,18-25,Female,South America,Mobile,Basic,8.99,107.88,Crypto,5,Documentary,18.25,0.59,High,30,At Risk,0,Retained,0.0
56406333-657b-4c54-8abd-6493fcfb3683,65,56+,Other,Asia,Tablet,Premium,17.99,215.88,Crypto,5,Documentary,20.05,0.91,High,21,At Risk,0,Retained,0.0
7ce062a1-89ad-45c1-a25a-0b3b4ee4ec72,47,46-55,Other,South America,Tablet,Basic,8.99,107.88,PayPal,5,Romance,0.39,0.01,Low,48,At Risk,1,Churned,8.99
2febe28b-3c16-4efb-9188-1f37a1c01d82,36,36-45,Female,Asia,Mobile,Premium,17.99,215.88,Gift Card,4,Comedy,50.98,2.12,High,23,At Risk,0,Retained,0.0
0480261e-6011-440b-862c-17eb4d5f183f,54,46-55,Other,North America,Tablet,Premium,17.99,215.88,Debit Card,2,Horror,0.56,0.02,Low,30,At Risk,1,Churned,17.99
5af996e6-33fe-477d-a99e-1c10776fda79,56,56+,Other,North America,Mobile,Standard,13.99,167.88,Crypto,4,Romance,1.95,0.07,Low,28,At Risk,1,Churned,13.99
dae2da1f-76cb-41c0-b04f-33dc860fcf32,34,26-35,Male,Oceania,TV,Premium,17.99,215.88,Credit Card,5,Comedy,70.61,1.81,High,38,At Risk,0,Retained,0.0
9be09f8c-f7dc-49dd-8c6b-25c8f448d92f,70,56+,Other,Asia,Mobile,Standard,13.99,167.88,Credit Card,3,Action,8.7,0.19,Medium,46,At Risk,1,Churned,13.99
a15b0804-4a6c-4410-b37f-a4986930e827,51,46-55,Male,Africa,Tablet,Basic,8.99,107.88,Debit Card,3,Horror,2.17,0.14,Low,14,Active,1,Churned,8.99
6354bb8b-9f9d-440d-bcaf-fb281e48866e,57,56+,Female,Europe,Desktop,Basic,8.99,107.88,Crypto,3,Horror,15.75,7.88,High,1,Active,0,Retained,0.0
c9c2f14e-1e0f-467a-90f5-e8512a867bf1,36,36-45,Female,North America,Tablet,Basic,8.99,107.88,PayPal,2,Romance,3.58,0.24,Medium,14,Active,1,Churned,8.99
73b4ab33-132d-4c64-b52d-c9aa2e2f85d6,67,56+,Other,Europe,Desktop,Standard,13.99,167.88,Credit Card,2,Sci-Fi,14.58,0.77,High,18,Active,0,Retained,0.0
a03703b4-96da-4fc9-ab23-dc087a013b7d,66,56+,Other,Europe,Laptop,Standard,13.99,167.88,Gift Card,3,Drama,1.42,0.02,Low,57,At Risk,1,Churned,13.99
8e10ed31-6232-49d2-9def-3cb40206c216,42,36-45,Female,Asia,TV,Basic,8.99,107.88,Crypto,4,Comedy,2.98,0.1,Low,29,At Risk,1,Churned,8.99
2c8412ce-38b1-4edd-9a05-23df72e6ec65,34,26-35,Female,Africa,Desktop,Standard,13.99,167.88,Crypto,2,Comedy,0.68,0.02,Low,42,At Risk,1,Churned,13.99
06d02ff5-4241-48cf-88cd-83e965c477fa,49,46-55,Other,Europe,Laptop,Standard,13.99,167.88,PayPal,5,Comedy,2.26,0.07,Low,31,At Risk,1,Churned,13.99
feb1f73a-8cc1-44c9-a58e-83bc8d1fd127,66,56+,Female,South America,Tablet,Basic,8.99,107.88,PayPal,3,Sci-Fi,6.93,0.14,Low,47,At Risk,1,Churned,8.99
8f511109-28d6-4502-bb4a-02a31d2fd9b1,24,18-25,Female,Oceania,Mobile,Premium,17.99,215.88,Crypto,3,Sci-Fi,11.67,0.36,Medium,31,At Risk,1,Churned,17.99
908d1c29-96cd-4d12-9b7b-6f25c85d46ea,49,46-55,Other,Europe,TV,Premium,17.99,215.88,Credit Card,1,Comedy,5.31,0.13,Low,39,At Risk,1,Churned,17.99
59b1d940-2563-4884-9944-87129d5a5399,65,56+,Other,Africa,Desktop,Standard,13.99,167.88,Credit Card,1,Comedy,1.83,0.05,Low,37,At Risk,1,Churned,13.99
a229903c-f733-4e37-8f53-26759271a27d,52,46-55,Female,South America,Mobile,Standard,13.99,167.88,Gift Card,5,Documentary,2.62,0.06,Low,43,At Risk,1,Churned,13.99
ecd9a401-3be9-4ff9-8b82-7491e8de3376,61,56+,Other,Europe,TV,Premium,17.99,215.88,Crypto,1,Horror,0.85,0.12,Low,6,Active,1,Churned,17.99
82247ee5-3c0e-45db-b734-31cf92c63a7a,50,46-55,Female,Africa,Mobile,Standard,13.99,167.88,Crypto,3,Horror,5.02,0.1,Low,47,At Risk,1,Churned,13.99
8874bf6b-73ab-4361-9955-e6d678400a2f,56,56+,Other,Asia,Tablet,Premium,17.99,215.88,Credit Card,4,Sci-Fi,19.81,0.76,High,25,At Risk,0,Retained,0.0
41e580ba-a11a-416e-863f-d94f0fcb729e,36,36-45,Other,Asia,Tablet,Premium,17.99,215.88,Credit Card,2,Horror,18.47,0.64,High,28,At Risk,0,Retained,0.0
80304332-21c7-4123-9691-ec47680ef521,40,36-45,Female,Africa,Laptop,Standard,13.99,167.88,PayPal,5,Comedy,22.52,2.5,High,8,Active,0,Retained,0.0
e2bade9e-76ad-4e9c-b851-f15137431ca2,23,18-25,Female,Europe,Laptop,Premium,17.99,215.88,Gift Card,5,Sci-Fi,11.54,0.4,Medium,28,At Risk,0,Retained,0.0
93991bdd-3b61-4167-ba40-807e3fc24cce,49,46-55,Female,Oceania,Tablet,Basic,8.99,107.88,PayPal,3,Drama,38.43,5.49,High,6,Active,0,Retained,0.0
5b14b084-6bd2-4df4-b9c5-8839f9e9680a,68,56+,Female,Asia,TV,Standard,13.99,167.88,Debit Card,1,Documentary,2.7,0.08,Low,35,At Risk,1,Churned,13.99
10e3667e-01b2-4340-8f1e-f6eca396f00c,52,46-55,Other,Africa,Mobile,Standard,13.99,167.88,Credit Card,1,Drama,1.79,0.05,Low,38,At Risk,1,Churned,13.99
ba539916-0de8-4f60-9b2f-fb07ba7f1193,37,36-45,Male,South America,Laptop,Standard,13.99,167.88,Gift Card,3,Documentary,13.86,0.29,Medium,46,At Risk,1,Churned,13.99
ae95f50e-1e2f-4f65-874d-0b6bc9427707,33,26-35,Female,Europe,TV,Basic,8.99,107.88,PayPal,5,Sci-Fi,0.14,0.0,Low,37,At Risk,1,Churned,8.99
10fa7f05-3ce2-4829-bafa-78e5001ebaa0,26,26-35,Other,Oceania,Laptop,Premium,17.99,215.88,PayPal,5,Horror,19.48,0.54,High,35,At Risk,0,Retained,0.0
c92450d6-b3fa-47a1-82ac-ebbf6f022eac,37,36-45,Male,Africa,Laptop,Basic,8.99,107.88,PayPal,5,Action,4.84,0.19,Medium,25,At Risk,1,Churned,8.99
bc58e790-61ad-438b-9059-67adee68af43,36,36-45,Other,South America,Mobile,Premium,17.99,215.88,PayPal,4,Drama,8.7,0.19,Medium,45,At Risk,0,Retained,0.0
a59003ca-fc14-4078-9ed4-d9dbf9d91826,61,56+,Male,South America,Mobile,Premium,17.99,215.88,PayPal,2,Horror,19.19,0.69,High,27,At Risk,0,Retained,0.0
075f3920-d7be-49de-b9a8-04ae797d2806,43,36-45,Male,Europe,TV,Basic,8.99,107.88,PayPal,1,Romance,0.53,0.02,Low,22,At Risk,1,Churned,8.99
c562cd9e-2437-4343-afd8-740938a1b59b,62,56+,Male,Europe,Mobile,Basic,8.99,107.88,PayPal,2,Romance,7.85,0.15,Low,53,At Risk,1,Churned,8.99
e85f81f9-f1c6-4db6-91b8-a68d9a225b14,70,56+,Other,Europe,Laptop,Premium,17.99,215.88,Credit Card,2,Drama,42.5,0.9,High,46,At Risk,0,Retained,0.0
95b61ee7-ccc7-4c12-b422-3518fa9a9de9,34,26-35,Male,Europe,Laptop,Standard,13.99,167.88,Debit Card,4,Action,6.33,0.13,Low,49,At Risk,0,Retained,0.0
9479a993-2027-4f6b-90c3-76082a333411,38,36-45,Female,Asia,Laptop,Basic,8.99,107.88,PayPal,2,Action,33.5,0.59,High,56,At Risk,0,Retained,0.0
258fb686-a114-48c9-b4d9-45d0e773064f,67,56+,Female,Oceania,Laptop,Basic,8.99,107.88,Gift Card,2,Sci-Fi,2.55,0.05,Low,48,At Risk,1,Churned,8.99
dc507aeb-ca76-409a-9ff8-09dd364e0754,39,36-45,Female,North America,TV,Premium,17.99,215.88,Gift Card,1,Comedy,47.79,3.68,High,12,Active,0,Retained,0.0
ed01a482-affc-4e7f-a7b4-ff9fcde8024a,22,18-25,Other,Europe,TV,Basic,8.99,107.88,Crypto,3,Sci-Fi,26.28,0.54,High,48,At Risk,0,Retained,0.0
af94b7ff-2542-4364-b5fb-a71e0250ef2d,67,56+,Male,Europe,Mobile,Premium,17.99,215.88,Gift Card,2,Romance,1.04,0.06,Low,17,Active,1,Churned,17.99
0e678d61-af68-4c15-8870-34aeb9e546de,42,36-45,Female,Africa,Desktop,Standard,13.99,167.88,Crypto,1,Comedy,9.91,0.66,High,14,Active,0,Retained,0.0
0507202b-60a0-4db0-9d84-d54696712eb1,32,26-35,Other,Europe,Desktop,Premium,17.99,215.88,Gift Card,5,Horror,16.39,0.59,High,27,At Risk,0,Retained,0.0
613bfc9a-f30f-416c-802a-2aa9327cfa58,36,36-45,Other,Asia,Laptop,Standard,13.99,167.88,Debit Card,5,Documentary,32.78,0.63,High,51,At Risk,0,Retained,0.0
77cf8860-f7d9-4320-a1eb-c06c6b3941db,35,26-35,Male,Africa,Tablet,Premium,17.99,215.88,Credit Card,5,Drama,1.95,0.04,Low,52,At Risk,1,Churned,17.99
fe5de36a-ab2a-40c9-9697-4578c5212b9e,49,46-55,Other,South America,Tablet,Standard,13.99,167.88,Credit Card,4,Documentary,5.02,0.19,Medium,26,At Risk,0,Retained,0.0
b512d943-7962-447f-9112-8ff4bf5b2767,41,36-45,Female,Africa,Tablet,Basic,8.99,107.88,Credit Card,4,Drama,36.94,5.28,High,6,Active,0,Retained,0.0
c91b0ee0-8912-4f6a-bad2-32747ee6e7b4,48,46-55,Female,South America,Mobile,Basic,8.99,107.88,Crypto,4,Drama,1.3,0.43,Medium,2,Active,1,Churned,8.99
461b021e-97a5-486b-921b-6642c9d3e82a,34,26-35,Male,Asia,Tablet,Premium,17.99,215.88,Gift Card,2,Horror,0.33,0.04,Low,7,Active,1,Churned,17.99
ce433abe-57fd-4e3d-9342-2e73dfda078b,28,26-35,Other,Oceania,TV,Premium,17.99,215.88,Crypto,1,Drama,5.03,0.08,Low,59,At Risk,1,Churned,17.99
8c0e6937-e5a5-4e4b-80e6-734497960ec4,61,56+,Female,Europe,Tablet,Basic,8.99,107.88,Crypto,3,Drama,1.21,0.04,Low,31,At Risk,1,Churned,8.99
c6b0204e-436a-40a3-8de9-2f3a84d799b7,23,18-25,Other,Asia,Desktop,Premium,17.99,215.88,Credit Card,5,Drama,3.51,0.21,Medium,16,Active,0,Retained,0.0
7b0bee97-a383-498d-a1d0-2de7c824ce74,30,26-35,Female,South America,Desktop,Premium,17.99,215.88,Gift Card,3,Romance,3.55,0.08,Low,45,At Risk,1,Churned,17.99
5ec455c9-3823-4034-b614-261b8e723d17,40,36-45,Female,Africa,Tablet,Basic,8.99,107.88,Gift Card,4,Horror,7.02,0.16,Low,44,At Risk,1,Churned,8.99
95613c6d-17d2-4b03-8c8b-9ebe03768f44,18,18-25,Male,South America,Mobile,Basic,8.99,107.88,PayPal,3,Documentary,15.17,0.52,High,28,At Risk,0,Retained,0.0
8a88927d-a219-4bb5-8f16-acc4c3171dbf,47,46-55,Male,Europe,Desktop,Standard,13.99,167.88,Credit Card,1,Documentary,17.12,0.74,High,22,At Risk,0,Retained,0.0
d8da3b68-dfd2-48bb-8717-352605346780,61,56+,Female,Oceania,Tablet,Basic,8.99,107.88,Debit Card,4,Sci-Fi,12.93,0.23,Medium,55,At Risk,1,Churned,8.99
6627f98b-c514-4d31-9be0-73d1f859e0bc,50,46-55,Male,Europe,Tablet,Standard,13.99,167.88,Crypto,1,Horror,7.88,0.18,Medium,43,At Risk,1,Churned,13.99
c0361c14-77f2-4833-ae4a-4fe578223f75,42,36-45,Other,Europe,Tablet,Basic,8.99,107.88,Gift Card,2,Drama,5.55,0.12,Low,47,At Risk,1,Churned,8.99
8ad4594c-beba-471b-abe6-8071694e4294,60,56+,Male,North America,Mobile,Basic,8.99,107.88,PayPal,3,Sci-Fi,4.61,0.51,Medium,8,Active,1,Churned,8.99
2b408c37-307e-4e4b-aa9e-df26fd74e648,46,46-55,Male,Asia,Mobile,Basic,8.99,107.88,Debit Card,1,Horror,19.74,0.94,High,20,Active,0,Retained,0.0
b943a742-e530-4b1d-a717-b6f72c8eb0df,49,46-55,Other,Europe,Mobile,Premium,17.99,215.88,Credit Card,5,Documentary,19.67,0.36,Medium,54,At Risk,0,Retained,0.0
86ca5953-8687-4fd4-ad11-0d5d680458a8,63,56+,Other,Asia,Laptop,Premium,17.99,215.88,Credit Card,2,Drama,0.3,0.02,Low,12,Active,1,Churned,17.99
1e06d863-a4c7-4967-8340-46c14cb445a0,41,36-45,Male,Asia,Tablet,Basic,8.99,107.88,Gift Card,4,Documentary,7.73,0.24,Medium,31,At Risk,1,Churned,8.99
860a5a69-185b-4aef-8746-502864830574,63,56+,Male,North America,Tablet,Basic,8.99,107.88,Credit Card,5,Documentary,1.03,0.26,Medium,3,Active,1,Churned,8.99
fd6488c2-9e1f-4227-9498-0a49f3702153,33,26-35,Male,South America,Tablet,Standard,13.99,167.88,Debit Card,4,Romance,9.93,0.19,Medium,51,At Risk,0,Retained,0.0
0de32e81-bbd2-465d-a0bd-dc9981e9de95,51,46-55,Male,Oceania,Desktop,Standard,13.99,167.88,PayPal,2,Romance,2.56,0.05,Low,53,At Risk,1,Churned,13.99
d3d8842a-961b-4951-ad19-f2ce40f0bd6c,59,56+,Female,Africa,Desktop,Standard,13.99,167.88,PayPal,3,Drama,2.28,0.06,Low,38,At Risk,1,Churned,13.99
251b46dc-0342-44cf-8868-ac80695ec9df,44,36-45,Male,South America,Tablet,Standard,13.99,167.88,Credit Card,3,Romance,1.17,0.02,Low,51,At Risk,1,Churned,13.99
10b94520-29d7-4845-917f-98fd0a3bf3e7,22,18-25,Female,Oceania,Mobile,Premium,17.99,215.88,Credit Card,1,Horror,21.84,10.92,High,1,Active,0,Retained,0.0
c73edd98-948a-45a2-bf02-d8556d7771c1,25,18-25,Female,Oceania,Tablet,Premium,17.99,215.88,Debit Card,3,Sci-Fi,10.53,0.31,Medium,33,At Risk,1,Churned,17.99
15977af7-baf7-4922-ac0b-06541e0271d3,26,26-35,Male,North America,Laptop,Standard,13.99,167.88,Debit Card,5,Comedy,8.43,0.18,Medium,45,At Risk,0,Retained,0.0
3ca42ba1-9483-49c4-9da0-3261165ecb8e,51,46-55,Other,South America,TV,Premium,17.99,215.88,Credit Card,2,Drama,23.55,1.68,High,13,Active,0,Retained,0.0
14ab6691-c9c4-479d-b472-b54fad1ea99e,46,46-55,Female,South America,Tablet,Standard,13.99,167.88,Debit Card,4,Comedy,41.63,0.89,High,46,At Risk,0,Retained,0.0
32777b99-f320-4575-93f0-635af1cf0b43,35,26-35,Male,South America,Mobile,Premium,17.99,215.88,Credit Card,4,Sci-Fi,1.11,0.08,Low,13,Active,0,Retained,0.0
baee1593-6034-48d7-8a84-7486c56e1563,50,46-55,Female,North America,Desktop,Premium,17.99,215.88,Gift Card,4,Action,5.41,0.15,Low,35,At Risk,1,Churned,17.99
b81c0235-959b-4e73-af06-1a55896f1693,54,46-55,Female,Asia,Laptop,Standard,13.99,167.88,Debit Card,2,Documentary,11.79,0.29,Medium,39,At Risk,1,Churned,13.99
314e27f7-020f-48a3-8914-5c0b51f67d00,27,26-35,Male,South America,Laptop,Standard,13.99,167.88,Gift Card,4,Action,0.39,0.01,Low,32,At Risk,1,Churned,13.99
cb507a43-512e-4dec-be49-2489ad065c20,18,18-25,Male,Africa,Tablet,Premium,17.99,215.88,Debit Card,5,Sci-Fi,0.97,0.1,Low,9,Active,0,Retained,0.0
505fa98f-6743-4996-abac-4dfadbf39cef,59,56+,Female,Europe,Tablet,Basic,8.99,107.88,Crypto,2,Horror,4.16,0.16,Low,25,At Risk,1,Churned,8.99
b7842c18-8a7c-427d-985c-190fa574149d,37,36-45,Male,Asia,Laptop,Premium,17.99,215.88,PayPal,5,Comedy,13.91,0.5,Medium,27,At Risk,0,Retained,0.0
51efc330-55c5-4b72-98ef-7bb6c3a82162,44,36-45,Female,Oceania,TV,Premium,17.99,215.88,Credit Card,5,Drama,3.73,0.07,Low,49,At Risk,1,Churned,17.99
d798a26c-3ede-4a44-b16a-a49c50e8f053,28,26-35,Male,North America,Tablet,Standard,13.99,167.88,Debit Card,4,Drama,10.91,0.64,High,16,Active,0,Retained,0.0
7b5ec85e-2ca0-4c16-a1d2-daa5e187fc5c,23,18-25,Other,Europe,Laptop,Premium,17.99,215.88,Credit Card,1,Romance,5.56,0.1,Low,53,At Risk,1,Churned,17.99
10424d23-f638-4f9b-b107-3a3fc714ebdb,58,56+,Other,Asia,Mobile,Premium,17.99,215.88,Credit Card,4,Romance,4.04,0.2,Medium,19,Active,0,Retained,0.0
318b785e-376e-47cc-bf21-95b314654f83,23,18-25,Female,Europe,Laptop,Standard,13.99,167.88,Crypto,5,Sci-Fi,0.13,0.0,Low,48,At Risk,1,Churned,13.99
844f557e-b944-4ca0-aa50-1ce827d8bcb8,36,36-45,Female,Africa,Desktop,Basic,8.99,107.88,Debit Card,5,Comedy,20.03,1.18,High,16,Active,0,Retained,0.0
03e51425-ede3-4da6-9769-2ac43a43a6c8,37,36-45,Other,Asia,Desktop,Basic,8.99,107.88,Debit Card,4,Action,20.45,0.37,Medium,54,At Risk,0,Retained,0.0
f18f3f06-7f7a-4860-8d04-5656e811782e,48,46-55,Other,North America,Mobile,Basic,8.99,107.88,PayPal,1,Action,4.91,2.46,High,1,Active,1,Churned,8.99
6abb7d1e-a927-4b88-a4f6-a995b5c42361,23,18-25,Male,Asia,TV,Standard,13.99,167.88,Crypto,2,Horror,28.75,1.37,High,20,Active,0,Retained,0.0
3aabb525-5a7b-4668-af65-a641a594a772,35,26-35,Other,Oceania,Mobile,Basic,8.99,107.88,Credit Card,4,Sci-Fi,10.43,0.22,Medium,46,At Risk,1,Churned,8.99
4cb69e88-ac09-4383-b583-af8ac1ed8aa7,52,46-55,Other,Europe,TV,Premium,17.99,215.88,Crypto,5,Documentary,11.5,0.21,Medium,53,At Risk,1,Churned,17.99
9eb4965a-d5d7-4223-abf2-4bc3205567d5,50,46-55,Other,Asia,Laptop,Standard,13.99,167.88,Credit Card,4,Documentary,1.49,0.17,Medium,8,Active,0,Retained,0.0
40c040fc-9b95-4b3b-871a-21ff700d0f77,68,56+,Male,Asia,Laptop,Premium,17.99,215.88,Debit Card,4,Sci-Fi,17.56,0.59,High,29,At Risk,0,Retained,0.0
83a0d0df-f602-47a7-8f84-ff7b087eb234,30,26-35,Other,South America,TV,Premium,17.99,215.88,Credit Card,3,Comedy,15.15,0.27,Medium,55,At Risk,1,Churned,17.99
5226d599-736b-422f-bf60-186a26fdeaca,41,36-45,Other,Asia,Mobile,Basic,8.99,107.88,Credit Card,2,Drama,18.51,2.06,High,8,Active,0,Retained,0.0
fa3df7a7-031b-4bc3-ad1c-12c10ebc05f7,56,56+,Other,Europe,TV,Basic,8.99,107.88,Debit Card,2,Horror,16.89,0.43,Medium,38,At Risk,1,Churned,8.99
330da1e1-f14f-48b1-a950-169e4c02303d,19,18-25,Male,Oceania,Mobile,Basic,8.99,107.88,Debit Card,4,Drama,0.22,0.01,Low,21,At Risk,1,Churned,8.99
d9536bca-b67a-4e23-88b3-27208462b5f0,32,26-35,Female,Europe,Mobile,Standard,13.99,167.88,Credit Card,1,Sci-Fi,11.33,0.26,Medium,42,At Risk,1,Churned,13.99
503bb6a2-47c8-4dee-b381-3b5415ad89c9,60,56+,Other,North America,TV,Basic,8.99,107.88,Debit Card,2,Drama,7.79,0.3,Medium,25,At Risk,0,Retained,0.0
ff0a52b7-4a72-4a00-b2b9-926f67c65a15,52,46-55,Male,South America,Mobile,Basic,8.99,107.88,Gift Card,4,Documentary,0.12,0.0,Low,25,At Risk,1,Churned,8.99
97b76db8-4504-438b-b561-4b8c8976c938,70,56+,Female,South America,Tablet,Premium,17.99,215.88,PayPal,2,Horror,1.04,0.03,Low,37,At Risk,1,Churned,17.99
f5194307-2cf2-4d42-a353-6ed0142b7dee,48,46-55,Female,South America,Mobile,Premium,17.99,215.88,Gift Card,4,Romance,16.1,0.77,High,20,Active,0,Retained,0.0
bb60c0f0-462a-411c-bd4a-be52a830f801,49,46-55,Other,South America,Laptop,Premium,17.99,215.88,Credit Card,3,Drama,0.65,0.02,Low,34,At Risk,1,Churned,17.99
2147d452-2d5c-4618-aaba-e7feb7d322f5,52,46-55,Female,Europe,Mobile,Basic,8.99,107.88,Gift Card,2,Horror,0.3,0.01,Low,21,At Risk,1,Churned,8.99
12f4c115-7090-47f6-9450-7f3c5b7ce2ee,37,36-45,Male,Europe,Laptop,Standard,13.99,167.88,Debit Card,4,Horror,16.01,1.33,High,11,Active,0,Retained,0.0
2f2b96aa-a4b0-47fd-8163-128e7da936ac,39,36-45,Female,South America,TV,Basic,8.99,107.88,Crypto,1,Sci-Fi,33.36,0.88,High,37,At Risk,1,Churned,8.99
071580bb-2081-42f1-82d9-55d269964fed,70,56+,Female,Africa,Laptop,Basic,8.99,107.88,Gift Card,1,Horror,3.99,0.16,Low,24,At Risk,1,Churned,8.99
49460bf3-2d1f-48a8-abca-b6af133f2803,68,56+,Male,South America,Desktop,Basic,8.99,107.88,Credit Card,3,Documentary,17.26,1.57,High,10,Active,0,Retained,0.0
1cddb6f1-fc2f-4e07-887b-e3703974af83,26,26-35,Other,Asia,Desktop,Standard,13.99,167.88,Crypto,1,Comedy,4.64,0.58,High,7,Active,1,Churned,13.99
00ed9abb-99cc-4b26-bac4-eab742a14f5a,49,46-55,Female,Oceania,Mobile,Premium,17.99,215.88,Crypto,1,Drama,5.0,0.28,Medium,17,Active,0,Retained,0.0
304e77f6-80f7-4820-affe-f288fb212762,18,18-25,Male,North America,Laptop,Premium,17.99,215.88,Debit Card,3,Horror,12.42,0.21,Medium,58,At Risk,1,Churned,17.99
f1664406-d734-495d-8499-225258ceb44d,28,26-35,Other,South America,Laptop,Basic,8.99,107.88,Crypto,3,Romance,16.54,0.66,High,24,At Risk,0,Retained,0.0
2e7f0f39-fa6e-4eb0-92de-1ec80999427b,57,56+,Female,Europe,Tablet,Premium,17.99,215.88,Credit Card,2,Action,0.26,0.01,Low,28,At Risk,1,Churned,17.99
6419436c-0144-4b48-a8be-7a43d909a91d,47,46-55,Female,Oceania,Tablet,Basic,8.99,107.88,PayPal,2,Action,17.94,0.9,High,19,Active,0,Retained,0.0
407bcc3b-fda7-46f1-ad86-4fb4b4d34e84,18,18-25,Male,Europe,Desktop,Standard,13.99,167.88,Debit Card,3,Action,41.28,1.65,High,24,At Risk,0,Retained,0.0
0c7c7313-11c4-4127-86d9-7db7dbc296b3,48,46-55,Male,Oceania,Mobile,Basic,8.99,107.88,Credit Card,1,Comedy,3.34,1.67,High,1,Active,1,Churned,8.99
fb18811c-c703-4f82-8119-20f4341d811e,26,26-35,Female,Oceania,Laptop,Premium,17.99,215.88,PayPal,5,Sci-Fi,3.13,0.16,Low,18,Active,0,Retained,0.0
2ef8917f-008f-4cda-ac07-1c700c111afd,24,18-25,Other,Asia,Tablet,Basic,8.99,107.88,Gift Card,5,Comedy,3.02,0.14,Low,21,At Risk,1,Churned,8.99
61e9d50e-dbe8-4e0c-99cc-cfd614f9da3c,40,36-45,Other,North America,Tablet,Standard,13.99,167.88,Credit Card,2,Documentary,7.82,0.87,High,8,Active,0,Retained,0.0
9eb92a08-3a88-47a8-93ed-717e041463d3,50,46-55,Female,North America,Mobile,Basic,8.99,107.88,PayPal,5,Drama,0.82,0.41,Medium,1,Active,1,Churned,8.99
4ed3af39-edab-4a77-a166-978bd2fe04c3,49,46-55,Male,Oceania,Laptop,Basic,8.99,107.88,PayPal,1,Sci-Fi,13.95,0.63,High,21,At Risk,0,Retained,0.0
7325ea2c-d50b-4cd1-aad0-245a0602f7ce,55,46-55,Female,Africa,Laptop,Premium,17.99,215.88,Debit Card,3,Documentary,41.03,0.89,High,45,At Risk,0,Retained,0.0
4e354ac7-0a8e-4e95-bea1-a9075202ef61,20,18-25,Female,Asia,TV,Premium,17.99,215.88,Debit Card,4,Sci-Fi,20.62,1.47,High,13,Active,0,Retained,0.0
4857b9de-1edb-4296-b3ad-7a33e68f0c85,31,26-35,Other,South America,Mobile,Basic,8.99,107.88,PayPal,3,Romance,11.3,0.3,Medium,37,At Risk,1,Churned,8.99
d5092d9c-c22a-462c-ab30-88227da4a8bd,66,56+,Female,Oceania,TV,Premium,17.99,215.88,PayPal,2,Documentary,5.8,0.14,Low,41,At Risk,1,Churned,17.99
cae4eb59-460f-4819-82ee-b5ac5de9a5bc,58,56+,Other,Asia,Laptop,Standard,13.99,167.88,Crypto,1,Comedy,24.34,0.76,High,31,At Risk,0,Retained,0.0
45fae5a6-eb08-4eae-9ec0-d6530ad02310,54,46-55,Other,North America,Desktop,Basic,8.99,107.88,Gift Card,2,Romance,7.19,0.13,Low,56,At Risk,1,Churned,8.99
aaf921c3-5870-4508-8814-a72e0cbd10ff,40,36-45,Male,North America,TV,Standard,13.99,167.88,Crypto,3,Romance,13.33,0.53,High,24,At Risk,0,Retained,0.0
fbf6539b-a9e0-4443-8cd2-46cc1f1c7f81,56,56+,Other,Africa,Mobile,Premium,17.99,215.88,Gift Card,4,Action,1.65,0.05,Low,30,At Risk,1,Churned,17.99
a1683619-5cc2-49c0-9830-26abcf323125,34,26-35,Male,Asia,Tablet,Standard,13.99,167.88,PayPal,5,Sci-Fi,10.55,0.19,Medium,54,At Risk,0,Retained,0.0
8ead4768-c185-45ab-acc0-233037753cf4,52,46-55,Other,Asia,TV,Premium,17.99,215.88,Gift Card,3,Romance,6.19,0.31,Medium,19,Active,0,Retained,0.0
8ee6ec42-bc06-4390-b152-bbf1c1c0b165,45,36-45,Male,Europe,Desktop,Standard,13.99,167.88,Debit Card,4,Comedy,9.87,0.21,Medium,46,At Risk,0,Retained,0.0
9d59350b-6bf3-48ad-aa59-d0fc92f66475,66,56+,Other,North America,Mobile,Premium,17.99,215.88,PayPal,3,Comedy,92.07,1.56,High,58,At Risk,0,Retained,0.0
463e5585-9dae-4c85-94fd-dd5c15096551,49,46-55,Male,Oceania,Laptop,Basic,8.99,107.88,Credit Card,5,Drama,2.89,0.17,Medium,16,Active,1,Churned,8.99
0c8b427b-4b17-4656-9664-805fd9d79d94,35,26-35,Other,Asia,Desktop,Standard,13.99,167.88,Gift Card,5,Drama,0.23,0.0,Low,54,At Risk,1,Churned,13.99
dba7977d-3e9b-444f-9130-e3cf2f18c821,65,56+,Other,Europe,TV,Standard,13.99,167.88,Gift Card,5,Comedy,0.4,0.01,Low,48,At Risk,1,Churned,13.99
57c2ede7-538e-4e16-88a3-fdbea0addc45,64,56+,Other,Africa,Laptop,Basic,8.99,107.88,Crypto,5,Action,11.05,0.85,High,12,Active,0,Retained,0.0
d6cca673-966d-4c20-b758-19c3510c4219,61,56+,Male,North America,Tablet,Premium,17.99,215.88,Debit Card,5,Horror,25.26,3.16,High,7,Active,0,Retained,0.0
b525f0c4-903c-4313-b1b4-48e7c2ed21fa,31,26-35,Other,Africa,TV,Premium,17.99,215.88,Credit Card,5,Documentary,14.43,1.44,High,9,Active,0,Retained,0.0
7aeed096-1bb8-48ca-9bbc-8961abcf5628,56,56+,Other,Oceania,Laptop,Standard,13.99,167.88,Credit Card,1,Sci-Fi,10.6,0.19,Medium,55,At Risk,1,Churned,13.99
066c1a91-ea7d-44ec-8d8a-0a7e16d61fad,70,56+,Female,Asia,Desktop,Standard,13.99,167.88,PayPal,5,Comedy,2.4,0.18,Medium,12,Active,0,Retained,0.0
2d9b4222-589e-4c8d-b433-3b6f82c14e4c,40,36-45,Female,Africa,Tablet,Standard,13.99,167.88,PayPal,4,Sci-Fi,7.02,0.37,Medium,18,Active,0,Retained,0.0
0bd9e2e0-5f3a-43af-a33e-9b91f849e3df,63,56+,Male,North America,TV,Standard,13.99,167.88,Crypto,5,Drama,31.54,0.7,High,44,At Risk,0,Retained,0.0
f98dfba7-4659-4486-af51-c26bb5812dd7,56,56+,Other,Oceania,TV,Standard,13.99,167.88,Crypto,1,Documentary,17.44,1.45,High,11,Active,0,Retained,0.0
136dea6e-2ef8-4543-8646-3a53ecf58c37,64,56+,Male,Europe,Mobile,Basic,8.99,107.88,Crypto,3,Action,4.74,0.12,Low,39,At Risk,1,Churned,8.99
54ba5a09-05cd-4a27-a689-3aacea4bc87a,18,18-25,Male,North America,Tablet,Standard,13.99,167.88,Crypto,2,Drama,14.18,0.51,Medium,27,At Risk,0,Retained,0.0
dacb6f05-14d5-4f84-891e-c6498f9a27f2,60,56+,Male,Europe,Laptop,Standard,13.99,167.88,Crypto,5,Horror,7.61,0.85,High,8,Active,0,Retained,0.0
5ce52697-adf6-410e-9fa4-136a826020d3,18,18-25,Other,Asia,Desktop,Basic,8.99,107.88,Debit Card,5,Horror,0.59,0.01,Low,41,At Risk,1,Churned,8.99
73985dc8-731e-4899-93ad-a2fc6dd855b4,32,26-35,Male,North America,Laptop,Standard,13.99,167.88,PayPal,3,Action,27.72,0.47,Medium,58,At Risk,0,Retained,0.0
65a8b79c-91b9-4e37-8db0-46d6eb08a523,34,26-35,Male,North America,TV,Premium,17.99,215.88,Debit Card,4,Drama,26.06,0.9,High,28,At Risk,0,Retained,0.0
54ac9d64-1c06-4c41-af42-cbde0c8b1fb4,64,56+,Female,Oceania,Mobile,Standard,13.99,167.88,PayPal,3,Drama,10.78,0.98,High,10,Active,0,Retained,0.0
126ecb5d-8652-497f-b5c4-c30d60a9baaa,22,18-25,Female,South America,Laptop,Standard,13.99,167.88,Crypto,2,Drama,8.07,0.22,Medium,36,At Risk,1,Churned,13.99
182a0a12-73f2-430c-ace1-e771d0579b8d,39,36-45,Other,Asia,TV,Standard,13.99,167.88,Crypto,5,Documentary,5.56,0.12,Low,47,At Risk,1,Churned,13.99
32fefe2e-b543-4afe-ad6e-c9a54d4b9a47,59,56+,Other,North America,Laptop,Basic,8.99,107.88,PayPal,5,Drama,0.27,0.01,Low,44,At Risk,1,Churned,8.99
8a8873b4-5397-44ca-a433-9a870d6876bc,68,56+,Male,Oceania,Mobile,Standard,13.99,167.88,Credit Card,5,Sci-Fi,44.63,0.83,High,53,At Risk,0,Retained,0.0
a9b1e2d9-7f36-437e-a38b-9339999f2ae3,38,36-45,Male,Africa,Desktop,Standard,13.99,167.88,PayPal,5,Horror,13.61,0.8,High,16,Active,0,Retained,0.0
fe70faa8-b5c5-4161-8dc8-d3e67b347bbe,22,18-25,Male,Europe,Mobile,Premium,17.99,215.88,Credit Card,5,Horror,13.24,0.35,Medium,37,At Risk,0,Retained,0.0
652a3ef0-a115-4f83-b5bf-451c62ada858,41,36-45,Male,Africa,TV,Premium,17.99,215.88,Gift Card,2,Horror,4.41,0.08,Low,56,At Risk,1,Churned,17.99
335f4a66-cbce-4d08-affb-aa5c6d92ca89,36,36-45,Other,Oceania,Tablet,Premium,17.99,215.88,Gift Card,5,Sci-Fi,12.92,0.86,High,14,Active,0,Retained,0.0
93ea1605-c19e-4faf-8ddb-cd2c4499908c,30,26-35,Male,Africa,TV,Standard,13.99,167.88,Credit Card,5,Action,1.29,0.26,Medium,4,Active,0,Retained,0.0
3fa39771-d81f-4b62-a45d-d864399ac4be,57,56+,Male,Europe,Tablet,Standard,13.99,167.88,Crypto,1,Sci-Fi,2.31,0.08,Low,29,At Risk,1,Churned,13.99
6701c268-e97f-46a1-891b-a5283d199258,54,46-55,Male,South America,Mobile,Standard,13.99,167.88,Gift Card,4,Drama,8.56,0.25,Medium,33,At Risk,1,Churned,13.99
e5b3a35a-183b-4048-9eea-11b59ae5ce5f,18,18-25,Male,South America,Mobile,Standard,13.99,167.88,PayPal,5,Sci-Fi,18.75,0.75,High,24,At Risk,0,Retained,0.0
95e16d3f-1437-48a6-878c-5684ef5f409a,46,46-55,Female,North America,Tablet,Standard,13.99,167.88,Crypto,5,Action,0.71,0.03,Low,26,At Risk,1,Churned,13.99
d482d990-31c6-4a80-a9f3-f4bc26d671cf,38,36-45,Male,Africa,Tablet,Standard,13.99,167.88,Gift Card,4,Horror,18.9,0.34,Medium,54,At Risk,1,Churned,13.99
ad31433b-096b-43e2-b67b-28aac9340c0c,48,46-55,Male,North America,Tablet,Basic,8.99,107.88,PayPal,4,Comedy,6.52,0.19,Medium,34,At Risk,1,Churned,8.99
6a16e21f-e800-42a9-9c0c-3ef09efe57d4,25,18-25,Male,South America,Laptop,Premium,17.99,215.88,Debit Card,3,Comedy,23.81,0.4,Medium,59,At Risk,0,Retained,0.0
5f976666-0c51-493a-9924-14a17c615b89,31,26-35,Other,North America,Mobile,Premium,17.99,215.88,PayPal,2,Sci-Fi,2.47,0.07,Low,33,At Risk,1,Churned,17.99
c71d03ad-0974-4365-9d07-44c31a3dd2ca,37,36-45,Female,Europe,Desktop,Basic,8.99,107.88,Crypto,2,Drama,7.59,1.26,High,5,Active,0,Retained,0.0
b8ca4f83-91e4-4913-bb2a-7af18b9df8a5,57,56+,Other,Europe,Mobile,Basic,8.99,107.88,Debit Card,3,Action,9.88,0.22,Medium,44,At Risk,1,Churned,8.99
09746f94-c065-41ac-aa70-2c6bd5645554,70,56+,Other,Europe,Tablet,Standard,13.99,167.88,Debit Card,1,Sci-Fi,21.33,0.44,Medium,47,At Risk,0,Retained,0.0
efa03a02-4c30-4ef2-a7ea-5d5f76104688,65,56+,Male,North America,Mobile,Basic,8.99,107.88,Crypto,4,Documentary,4.2,0.08,Low,54,At Risk,1,Churned,8.99
b294bf19-b1f0-4b62-ba68-2b8d4d0bb572,44,36-45,Male,Europe,Mobile,Premium,17.99,215.88,Debit Card,4,Sci-Fi,2.51,0.08,Low,30,At Risk,0,Retained,0.0
676427ff-9d86-4bc4-98aa-4904e25ed3ed,47,46-55,Female,South America,Mobile,Premium,17.99,215.88,Gift Card,1,Horror,11.36,0.81,High,13,Active,0,Retained,0.0
0a12e979-14a5-4cd3-bb0f-28768f6a1163,70,56+,Other,Africa,TV,Premium,17.99,215.88,Gift Card,5,Drama,13.24,6.62,High,1,Active,0,Retained,0.0
f27eb411-b0c4-4cad-8568-c071b05101d1,55,46-55,Male,Asia,Mobile,Standard,13.99,167.88,PayPal,3,Drama,7.78,0.97,High,7,Active,0,Retained,0.0
090c334f-63fc-4946-92ad-a588a7600d25,46,46-55,Male,North America,TV,Premium,17.99,215.88,Crypto,4,Sci-Fi,3.18,0.27,Medium,11,Active,1,Churned,17.99
06a94eb2-a132-4bd9-8737-99c282f2fcc5,68,56+,Other,Europe,TV,Premium,17.99,215.88,Credit Card,5,Drama,4.12,0.13,Low,31,At Risk,1,Churned,17.99
5c758e8d-16b7-4015-a0fc-7bb34b34879d,36,36-45,Other,Europe,TV,Basic,8.99,107.88,Gift Card,4,Romance,29.27,0.81,High,35,At Risk,0,Retained,0.0
00499449-d818-4965-b170-d6a300fca0fd,65,56+,Female,South America,TV,Premium,17.99,215.88,Debit Card,5,Drama,14.47,0.45,Medium,31,At Risk,0,Retained,0.0
1d186e14-fe68-41bb-abb3-cf5a3055bdd1,50,46-55,Other,Oceania,Mobile,Premium,17.99,215.88,Crypto,4,Horror,13.98,0.25,Medium,56,At Risk,1,Churned,17.99
d38dd14e-66f0-4a23-8c80-370b4f241ec1,38,36-45,Other,South America,Tablet,Basic,8.99,107.88,Credit Card,1,Documentary,14.43,0.85,High,16,Active,0,Retained,0.0
aa838ade-266b-42a6-96eb-79d73ce1c63a,26,26-35,Female,Oceania,Mobile,Premium,17.99,215.88,Crypto,2,Drama,13.59,0.26,Medium,51,At Risk,1,Churned,17.99
1abd56c9-1fde-473b-89cd-f9d78879fc10,45,36-45,Male,Asia,Laptop,Basic,8.99,107.88,Gift Card,1,Sci-Fi,4.59,0.1,Low,47,At Risk,1,Churned,8.99
d9b3c54f-401e-4ff5-83c5-66c369e26290,38,36-45,Other,Asia,Laptop,Premium,17.99,215.88,Gift Card,4,Action,1.81,0.08,Low,22,At Risk,1,Churned,17.99
dd4567d9-cc06-4eed-bf3c-44042f1d4e6b,41,36-45,Other,Oceania,Desktop,Basic,8.99,107.88,Credit Card,1,Drama,12.04,0.36,Medium,32,At Risk,1,Churned,8.99
dddfa932-69d3-48e0-81df-8c797829701a,70,56+,Other,Asia,TV,Standard,13.99,167.88,Debit Card,3,Documentary,4.69,0.14,Low,32,At Risk,1,Churned,13.99
5c49d257-0de5-4601-a2ec-ff29a72735ab,43,36-45,Female,Europe,Desktop,Premium,17.99,215.88,Crypto,3,Romance,12.37,0.33,Medium,37,At Risk,1,Churned,17.99
b34037d6-c10b-4513-9969-2b2578c9e3a8,42,36-45,Female,Africa,Laptop,Basic,8.99,107.88,Crypto,2,Romance,7.27,0.91,High,7,Active,0,Retained,0.0
31229975-3432-4e6f-9676-3ba672c58f6a,48,46-55,Other,Africa,TV,Premium,17.99,215.88,Crypto,2,Romance,26.34,0.64,High,40,At Risk,0,Retained,0.0
6af6fe1b-f71f-4488-b5a0-749e5ffd0add,67,56+,Male,North America,Mobile,Standard,13.99,167.88,Debit Card,2,Drama,19.48,0.75,High,25,At Risk,0,Retained,0.0
b54f35bd-04b4-4772-bccc-c0914906efd2,22,18-25,Other,Africa,Desktop,Standard,13.99,167.88,PayPal,3,Comedy,1.04,0.02,Low,56,At Risk,1,Churned,13.99
7169fc97-817c-4230-9aaf-514d20a0a711,33,26-35,Other,Asia,Desktop,Standard,13.99,167.88,Credit Card,5,Documentary,59.71,1.07,High,55,At Risk,0,Retained,0.0
b563fad3-459d-424f-b754-d7e38a922faa,66,56+,Female,Europe,TV,Premium,17.99,215.88,Gift Card,2,Drama,16.22,16.22,High,0,Active,0,Retained,0.0
fbd31429-1b1e-4a66-bcb3-1c571dfe6cd3,58,56+,Female,South America,Mobile,Standard,13.99,167.88,Debit Card,5,Romance,4.39,0.37,Medium,11,Active,0,Retained,0.0
6946db19-5d1e-450e-9112-2342b6ebb400,20,18-25,Female,Asia,Mobile,Standard,13.99,167.88,Debit Card,2,Romance,13.2,0.23,Medium,56,At Risk,1,Churned,13.99
d16217df-4ad4-42ad-95da-3c3c95f09d2b,49,46-55,Female,South America,TV,Premium,17.99,215.88,Crypto,3,Horror,20.88,0.5,Medium,41,At Risk,0,Retained,0.0
b039fd18-e62f-4ab4-9bae-db1d0eb6872b,50,46-55,Other,North America,Laptop,Basic,8.99,107.88,Debit Card,3,Drama,7.35,0.27,Medium,26,At Risk,0,Retained,0.0
bed23ab3-6714-42a2-a245-7865f95bf8ed,43,36-45,Other,Africa,TV,Premium,17.99,215.88,Debit Card,3,Romance,86.73,3.21,High,26,At Risk,0,Retained,0.0
0e66bbc5-6d6d-400d-971e-7604323c6e5a,65,56+,Other,Europe,Mobile,Basic,8.99,107.88,Debit Card,4,Sci-Fi,3.9,0.26,Medium,14,Active,1,Churned,8.99
f0f6032f-1fbc-4115-822e-f85a80af44ba,61,56+,Male,Europe,TV,Premium,17.99,215.88,Gift Card,3,Drama,0.42,0.01,Low,51,At Risk,1,Churned,17.99
a00452e6-6d9a-4b59-a93d-d52833512ece,32,26-35,Female,South America,Mobile,Standard,13.99,167.88,Crypto,3,Comedy,6.93,0.2,Medium,34,At Risk,1,Churned,13.99
a78cd558-abc4-4205-8f08-aac802c5d896,31,26-35,Male,Oceania,Tablet,Basic,8.99,107.88,Credit Card,1,Horror,5.18,0.14,Low,36,At Risk,1,Churned,8.99
7c183a33-34e5-4c0b-ad55-ffa5702d8d2e,42,36-45,Male,Europe,Tablet,Premium,17.99,215.88,Crypto,3,Documentary,8.37,0.38,Medium,21,At Risk,0,Retained,0.0
48892130-c90f-4efa-80dd-b26c5de70e6b,69,56+,Other,Europe,Tablet,Premium,17.99,215.88,Debit Card,3,Comedy,38.02,1.23,High,30,At Risk,0,Retained,0.0
d9268020-9d9f-4b1a-a284-87ee535bee3f,65,56+,Female,Europe,Tablet,Premium,17.99,215.88,Gift Card,5,Action,52.33,2.09,High,24,At Risk,0,Retained,0.0
7bbe4107-001f-4bc9-a9b0-c449d046f78b,44,36-45,Male,Africa,TV,Premium,17.99,215.88,PayPal,5,Comedy,1.83,0.07,Low,25,At Risk,0,Retained,0.0
e17a955b-011b-402a-9ee1-58470d595818,58,56+,Female,Asia,Tablet,Basic,8.99,107.88,PayPal,1,Action,0.51,0.04,Low,12,Active,1,Churned,8.99
326aa08e-4b87-4552-ba4b-c12e33b9aadd,56,56+,Female,Oceania,Tablet,Basic,8.99,107.88,Crypto,5,Action,8.54,0.5,Medium,16,Active,0,Retained,0.0
77998b87-1b1a-4e4d-bbdc-63bc7a33610b,40,36-45,Female,South America,Laptop,Premium,17.99,215.88,Debit Card,5,Romance,8.64,0.24,Medium,35,At Risk,0,Retained,0.0
0bc35530-60ff-4701-b4a4-82974657d4ab,25,18-25,Female,South America,TV,Premium,17.99,215.88,Gift Card,5,Drama,6.38,0.27,Medium,23,At Risk,0,Retained,0.0
cd662d41-5e22-45b1-a82a-b10b90503d2e,28,26-35,Other,North America,Laptop,Premium,17.99,215.88,Crypto,3,Horror,7.1,0.59,High,11,Active,0,Retained,0.0
9c2ffacf-8752-49e0-ad2c-018b0373d9d3,36,36-45,Male,North America,TV,Premium,17.99,215.88,PayPal,3,Action,11.31,1.41,High,7,Active,0,Retained,0.0
4af19fec-91fd-4307-897a-8820d828d965,33,26-35,Other,South America,Mobile,Basic,8.99,107.88,Credit Card,3,Horror,3.84,0.13,Low,28,At Risk,1,Churned,8.99
09900f0a-9376-42db-9958-85c35349ccac,21,18-25,Male,Oceania,Tablet,Standard,13.99,167.88,Gift Card,1,Comedy,10.63,2.13,High,4,Active,0,Retained,0.0
2741a884-1629-4cc1-aedb-dd2e1b24bdeb,24,18-25,Female,Africa,Tablet,Standard,13.99,167.88,PayPal,3,Documentary,0.02,0.0,Low,35,At Risk,1,Churned,13.99
0fa0e024-38a5-4cdf-9595-628ca4218902,68,56+,Female,Africa,TV,Premium,17.99,215.88,Credit Card,5,Sci-Fi,9.66,0.35,Medium,27,At Risk,0,Retained,0.0
1972b144-6f74-4774-87db-a6e90f56b0a3,70,56+,Female,Oceania,TV,Premium,17.99,215.88,Gift Card,5,Sci-Fi,0.36,0.02,Low,15,Active,1,Churned,17.99
9bbc806a-c4c0-4de9-8e5e-4f8b28bfa209,68,56+,Male,North America,Tablet,Basic,8.99,107.88,Debit Card,4,Drama,7.63,0.32,Medium,23,At Risk,0,Retained,0.0
3484396b-3ad3-44fe-8288-9cd8fb629122,41,36-45,Female,Africa,TV,Standard,13.99,167.88,Gift Card,4,Drama,6.47,0.2,Medium,32,At Risk,1,Churned,13.99
307992d3-bd88-4d61-8c0f-8131659b3076,58,56+,Other,Asia,Mobile,Premium,17.99,215.88,PayPal,4,Documentary,26.32,1.39,High,18,Active,0,Retained,0.0
1e6a3b73-f6dd-4bbb-aa8d-b0462877ce4f,38,36-45,Female,Europe,TV,Standard,13.99,167.88,Gift Card,4,Romance,7.34,0.13,Low,56,At Risk,1,Churned,13.99
5ad16f1b-83c8-45eb-b506-7a1baafdab4f,33,26-35,Male,Europe,TV,Basic,8.99,107.88,Credit Card,1,Comedy,8.19,0.15,Low,53,At Risk,1,Churned,8.99
f0432d3c-5c75-4cca-b27c-73f92ef194cb,19,18-25,Female,Oceania,TV,Premium,17.99,215.88,Gift Card,1,Romance,11.05,1.84,High,5,Active,0,Retained,0.0
8db6b22f-a49a-49a2-a991-901b21d61905,65,56+,Other,Africa,Mobile,Basic,8.99,107.88,Gift Card,2,Sci-Fi,1.05,0.02,Low,51,At Risk,1,Churned,8.99
eac73a53-f46d-4c9a-ab1e-def6c81b670e,66,56+,Male,Africa,Mobile,Standard,13.99,167.88,Gift Card,3,Romance,27.5,0.83,High,32,At Risk,0,Retained,0.0
a17ade56-9ee7-4d41-8efd-659350776e44,28,26-35,Male,North America,Desktop,Basic,8.99,107.88,Gift Card,5,Drama,9.85,0.21,Medium,46,At Risk,1,Churned,8.99
f81b3026-7189-46a6-8987-bca6172794b3,66,56+,Female,Asia,Desktop,Premium,17.99,215.88,Crypto,5,Action,5.22,0.18,Medium,28,At Risk,0,Retained,0.0
b6f7895c-4a09-4e75-82cb-06baf8b2ef29,21,18-25,Female,North America,Desktop,Basic,8.99,107.88,Crypto,2,Comedy,19.14,0.66,High,28,At Risk,0,Retained,0.0
24fa2911-7aa9-42dd-88f8-c1f76ff94cba,23,18-25,Other,Europe,Tablet,Basic,8.99,107.88,Credit Card,5,Comedy,10.73,0.3,Medium,35,At Risk,1,Churned,8.99
8f6dbb06-4191-4bd6-9147-d9507a3e863b,30,26-35,Male,North America,TV,Standard,13.99,167.88,PayPal,5,Comedy,5.1,0.51,Medium,9,Active,0,Retained,0.0
03b2b19e-62cd-4c9e-a3ef-51cb27a687df,36,36-45,Other,Oceania,Tablet,Basic,8.99,107.88,Debit Card,2,Documentary,16.65,0.45,Medium,36,At Risk,1,Churned,8.99
7afcacfb-38f5-4f28-89d6-93b00a26104c,32,26-35,Other,Asia,Desktop,Premium,17.99,215.88,Crypto,1,Comedy,45.98,1.0,High,45,At Risk,0,Retained,0.0
4a62ea61-7fd3-4f73-9d0f-fea08b4087f7,18,18-25,Male,North America,Tablet,Standard,13.99,167.88,Crypto,4,Sci-Fi,20.65,1.03,High,19,Active,0,Retained,0.0
05232fb1-bb8f-4e7e-a2fd-d7c0957a3fd0,40,36-45,Male,South America,Mobile,Basic,8.99,107.88,Debit Card,1,Action,10.98,0.38,Medium,28,At Risk,1,Churned,8.99
6e8f06ec-bf9b-4aca-82c9-6dfbf5dc0d77,28,26-35,Male,South America,Mobile,Standard,13.99,167.88,Debit Card,3,Action,1.78,0.05,Low,35,At Risk,1,Churned,13.99
9d09dcf2-0456-4e2b-903f-b9e4ccb40654,32,26-35,Male,Asia,Laptop,Premium,17.99,215.88,Credit Card,5,Action,4.11,0.09,Low,45,At Risk,1,Churned,17.99
15d5126a-b913-491a-ba7c-73ceca42478c,20,18-25,Other,North America,Mobile,Standard,13.99,167.88,Crypto,2,Drama,21.21,21.21,High,0,Active,0,Retained,0.0
b48359e4-842d-4aeb-8bd5-9775186a9250,67,56+,Female,Africa,Desktop,Premium,17.99,215.88,Gift Card,5,Comedy,15.45,0.33,Medium,46,At Risk,1,Churned,17.99
6bb29066-b9f3-4312-b7ed-07c422adda79,31,26-35,Male,Europe,Mobile,Premium,17.99,215.88,Credit Card,2,Comedy,12.0,4.0,High,2,Active,0,Retained,0.0
35f0abfa-dfe5-4081-ae01-cece7e233dd1,19,18-25,Other,South America,TV,Premium,17.99,215.88,Gift Card,5,Comedy,1.44,0.04,Low,40,At Risk,1,Churned,17.99
60929da4-5915-4610-b737-ba4e7b7fab9a,47,46-55,Other,North America,Laptop,Standard,13.99,167.88,PayPal,2,Sci-Fi,8.67,0.21,Medium,41,At Risk,1,Churned,13.99
5b71d159-108a-4bc4-ad12-604740c7b9f5,28,26-35,Female,North America,Tablet,Premium,17.99,215.88,Debit Card,4,Action,27.06,0.48,Medium,55,At Risk,0,Retained,0.0
2bcb1598-761e-4e79-bbb3-0a27ee8735ad,22,18-25,Female,Oceania,Tablet,Premium,17.99,215.88,PayPal,2,Romance,7.24,0.23,Medium,30,At Risk,0,Retained,0.0
2c7c944e-7d27-409d-aef6-46659c0fb0c5,29,26-35,Male,North America,Tablet,Premium,17.99,215.88,Gift Card,4,Comedy,63.39,1.67,High,37,At Risk,0,Retained,0.0
6bb3b410-ec41-4958-a6eb-a1109b526c2e,63,56+,Male,Europe,Mobile,Basic,8.99,107.88,Debit Card,1,Documentary,1.44,0.05,Low,26,At Risk,1,Churned,8.99
416a1fd1-5f6d-483d-9fb3-75c6e1f01afb,42,36-45,Other,North America,Tablet,Premium,17.99,215.88,Crypto,5,Horror,4.26,0.61,High,6,Active,0,Retained,0.0
980d0f2a-52e1-4525-94a6-0f04c19414cc,68,56+,Female,North America,Mobile,Standard,13.99,167.88,Gift Card,1,Romance,15.06,0.72,High,20,Active,0,Retained,0.0
fa67e175-0a06-4309-b029-013aca420427,48,46-55,Male,Europe,Laptop,Standard,13.99,167.88,Crypto,5,Sci-Fi,29.96,0.67,High,44,At Risk,0,Retained,0.0
bec1ae44-944b-454d-afbe-fd5358230b23,45,36-45,Female,Africa,TV,Premium,17.99,215.88,Crypto,3,Action,8.05,0.15,Low,54,At Risk,1,Churned,17.99
52a46829-efc4-48f2-adbf-6a7da898af49,57,56+,Male,Oceania,Laptop,Standard,13.99,167.88,Credit Card,1,Documentary,3.51,0.07,Low,50,At Risk,1,Churned,13.99
47e821d7-8960-4158-a530-812f1e4649a9,63,56+,Male,Europe,Laptop,Basic,8.99,107.88,Debit Card,3,Comedy,2.51,0.08,Low,31,At Risk,1,Churned,8.99
9a51ecb7-e23d-429f-b479-95a6d35fc07d,32,26-35,Female,South America,Mobile,Premium,17.99,215.88,PayPal,2,Romance,1.8,0.05,Low,32,At Risk,1,Churned,17.99
943a4f59-f7b3-406d-90c3-4dfff002c6cc,70,56+,Male,Asia,Tablet,Standard,13.99,167.88,Debit Card,3,Action,28.32,7.08,High,3,Active,0,Retained,0.0
7519830f-3b2a-42c3-91c4-d440cec4edd4,48,46-55,Female,Europe,Tablet,Standard,13.99,167.88,Gift Card,2,Documentary,4.19,4.19,High,0,Active,0,Retained,0.0
eab381c2-b6d8-434b-bc0d-a8631c8c5dbe,66,56+,Other,Europe,Tablet,Standard,13.99,167.88,Gift Card,2,Action,0.76,0.02,Low,44,At Risk,1,Churned,13.99
8d11c2a7-db32-4ffa-bd30-00b65f83f249,38,36-45,Male,North America,Mobile,Standard,13.99,167.88,Credit Card,4,Documentary,0.61,0.06,Low,9,Active,0,Retained,0.0
4ef7aca8-5f78-47ac-a29f-e5aba589a6f8,67,56+,Female,Oceania,TV,Premium,17.99,215.88,Crypto,4,Action,27.79,0.96,High,28,At Risk,0,Retained,0.0
5629ff24-b786-4812-b0fd-bc82d7af1f45,61,56+,Female,Europe,Tablet,Premium,17.99,215.88,Crypto,3,Documentary,16.13,0.73,High,21,At Risk,0,Retained,0.0
10bfc352-0f52-44e7-b086-16fb3b7c4834,32,26-35,Other,North America,Tablet,Premium,17.99,215.88,Gift Card,5,Sci-Fi,24.87,0.59,High,41,At Risk,0,Retained,0.0
9440d961-076a-4e3b-bfd3-1faf6b67db3d,23,18-25,Female,Oceania,TV,Standard,13.99,167.88,Debit Card,1,Documentary,29.18,0.79,High,36,At Risk,0,Retained,0.0
ffaf5a8f-4a21-4263-b2e6-1661ea990c16,30,26-35,Other,Africa,Laptop,Premium,17.99,215.88,Credit Card,5,Romance,11.65,0.53,High,21,At Risk,0,Retained,0.0
ce6a5766-b2c1-47e6-b45e-950bdd6eb6ef,23,18-25,Male,Oceania,Laptop,Premium,17.99,215.88,PayPal,3,Romance,6.55,0.23,Medium,27,At Risk,0,Retained,0.0
b3be52ce-4170-4eac-b249-af6b1475451f,20,18-25,Other,Asia,TV,Standard,13.99,167.88,Debit Card,1,Romance,0.52,0.02,Low,29,At Risk,1,Churned,13.99
7d8f6a29-0e4d-47f5-8bb5-3b07c5ba02ef,40,36-45,Female,Africa,Tablet,Basic,8.99,107.88,Debit Card,1,Action,7.31,1.83,High,3,Active,0,Retained,0.0
b7d9b624-c891-4639-87e9-a8eafacf6fc5,28,26-35,Female,Asia,Desktop,Basic,8.99,107.88,Credit Card,4,Comedy,35.03,0.92,High,37,At Risk,0,Retained,0.0
c24a6c5a-5d0d-4590-be69-7316185ba76f,24,18-25,Female,South America,Mobile,Basic,8.99,107.88,Crypto,1,Documentary,9.03,0.17,Medium,52,At Risk,1,Churned,8.99
bf0666fc-cc28-486c-8763-e4ae72e567bd,54,46-55,Other,Europe,Laptop,Premium,17.99,215.88,Crypto,5,Romance,14.2,2.03,High,6,Active,0,Retained,0.0
05806200-9ba0-4323-adfd-4993ce054d36,25,18-25,Female,South America,Laptop,Standard,13.99,167.88,Credit Card,4,Sci-Fi,8.01,0.38,Medium,20,Active,0,Retained,0.0
3eed3d0c-0ee6-4e81-8651-dd2585e2228e,35,26-35,Other,North America,Mobile,Basic,8.99,107.88,Debit Card,1,Horror,9.58,0.68,High,13,Active,0,Retained,0.0
2e50b30b-57f0-4ab7-8aa0-7d1c90049955,30,26-35,Female,Africa,Laptop,Basic,8.99,107.88,Debit Card,3,Drama,0.36,0.01,Low,60,At Risk,1,Churned,8.99
801c7969-7d28-4e6b-8276-b4f92da9f3f6,36,36-45,Female,Asia,TV,Basic,8.99,107.88,Crypto,1,Drama,22.91,22.91,High,0,Active,0,Retained,0.0
6298bd59-6893-401d-94e5-a69aa8b48d25,68,56+,Female,South America,Mobile,Standard,13.99,167.88,Gift Card,1,Drama,18.49,1.54,High,11,Active,0,Retained,0.0
a0503463-95d6-4b99-87c3-f473b095717d,29,26-35,Other,South America,Laptop,Basic,8.99,107.88,PayPal,3,Sci-Fi,4.67,0.78,High,5,Active,0,Retained,0.0
13477d55-06b1-4d0e-a170-4047512eb6c6,39,36-45,Female,Asia,Mobile,Premium,17.99,215.88,Credit Card,5,Comedy,17.14,4.29,High,3,Active,0,Retained,0.0
f807418c-659b-40b0-9741-5045480e70d4,61,56+,Female,Africa,TV,Premium,17.99,215.88,Credit Card,4,Sci-Fi,26.79,0.77,High,34,At Risk,0,Retained,0.0
35634eef-1966-4d15-992c-7486e67a53c4,56,56+,Female,Asia,Mobile,Basic,8.99,107.88,Debit Card,4,Horror,0.97,0.03,Low,33,At Risk,1,Churned,8.99
da7b0235-ccf2-4fc3-8244-cfd2258370ec,61,56+,Other,North America,Desktop,Premium,17.99,215.88,PayPal,2,Sci-Fi,0.25,0.12,Low,1,Active,0,Retained,0.0
b27b7e7d-38bd-4baa-9fd2-cf2aae9c5bd5,22,18-25,Other,Europe,Tablet,Basic,8.99,107.88,Debit Card,4,Comedy,13.16,1.88,High,6,Active,0,Retained,0.0
9fa9433e-9b38-4a44-9a82-5c6014630867,49,46-55,Female,South America,Tablet,Basic,8.99,107.88,Crypto,5,Documentary,4.49,0.08,Low,57,At Risk,1,Churned,8.99
cf7bca4d-00b0-48ef-930e-f08e2422f3d0,21,18-25,Other,South America,Laptop,Premium,17.99,215.88,Crypto,4,Documentary,6.28,1.57,High,3,Active,0,Retained,0.0
a34a0408-ee59-4b6d-ac53-33dd131ba1f2,58,56+,Female,Europe,TV,Basic,8.99,107.88,Gift Card,2,Horror,16.81,8.4,High,1,Active,0,Retained,0.0
d38a661a-9fbe-4961-90d8-0e8100b13965,59,56+,Other,Africa,Tablet,Premium,17.99,215.88,PayPal,4,Drama,28.38,0.54,High,52,At Risk,0,Retained,0.0
f6655409-3486-469e-aa75-61a674188c36,32,26-35,Male,South America,TV,Basic,8.99,107.88,Credit Card,2,Drama,3.87,0.12,Low,32,At Risk,1,Churned,8.99
c08bf813-a733-48df-9388-00b25842fe2b,56,56+,Other,Africa,Desktop,Premium,17.99,215.88,PayPal,5,Action,1.28,0.06,Low,22,At Risk,0,Retained,0.0
cc539484-c58e-4f2a-8d71-499afab22937,45,36-45,Male,Oceania,Tablet,Premium,17.99,215.88,Gift Card,2,Drama,3.31,0.09,Low,34,At Risk,1,Churned,17.99
ece38646-24dc-4bb9-9aa4-c5f22592d6ad,66,56+,Male,Europe,Laptop,Premium,17.99,215.88,PayPal,4,Documentary,22.68,0.44,Medium,50,At Risk,0,Retained,0.0
727582cf-31c0-4f90-bfa3-931b71f80ea4,33,26-35,Female,Africa,TV,Premium,17.99,215.88,Gift Card,4,Drama,11.02,0.48,Medium,22,At Risk,0,Retained,0.0
e2716bd9-d203-499c-8788-c8a7f8b192a9,36,36-45,Other,Oceania,Laptop,Premium,17.99,215.88,PayPal,1,Action,23.5,11.75,High,1,Active,0,Retained,0.0
012128df-8b33-420d-89d1-4716b755bda8,54,46-55,Male,South America,Mobile,Basic,8.99,107.88,Credit Card,1,Comedy,5.47,0.15,Low,36,At Risk,1,Churned,8.99
aaaf0816-0f3c-4a93-8bbc-ace15d6cf5db,61,56+,Male,Asia,Tablet,Standard,13.99,167.88,Debit Card,3,Comedy,21.36,0.53,High,39,At Risk,0,Retained,0.0
f3f3ef4b-6dfa-4504-a0df-68572435dd73,53,46-55,Male,Africa,TV,Standard,13.99,167.88,PayPal,5,Drama,16.62,0.37,Medium,44,At Risk,0,Retained,0.0
3a6e044f-361e-4c4a-be44-67ce2b5fddd5,55,46-55,Female,Africa,Laptop,Standard,13.99,167.88,PayPal,4,Drama,8.26,0.25,Medium,32,At Risk,0,Retained,0.0
12248975-1f7f-458f-b21e-c3a45986b4c0,42,36-45,Female,Asia,Desktop,Basic,8.99,107.88,PayPal,2,Comedy,8.5,0.26,Medium,32,At Risk,1,Churned,8.99
de73097b-d6cb-4862-9308-ed129859bccb,22,18-25,Male,Europe,Desktop,Premium,17.99,215.88,Credit Card,2,Comedy,8.84,0.17,Medium,52,At Risk,1,Churned,17.99
7c48c4cc-32c0-436b-aa5d-da2cb1509f93,19,18-25,Female,North America,Tablet,Premium,17.99,215.88,Gift Card,1,Romance,6.49,0.19,Medium,34,At Risk,1,Churned,17.99
11f37912-99c6-41fe-ac0c-48dd0930a4b4,20,18-25,Male,North America,TV,Standard,13.99,167.88,Gift Card,2,Horror,8.47,0.16,Low,53,At Risk,1,Churned,13.99
3b400433-a639-4fe3-a458-dbbb865f8261,36,36-45,Other,Oceania,Desktop,Standard,13.99,167.88,PayPal,3,Comedy,31.46,0.66,High,47,At Risk,0,Retained,0.0
ca6a16c5-d79c-40a5-949f-ba4b2a45993d,40,36-45,Male,Africa,Mobile,Standard,13.99,167.88,Crypto,1,Documentary,13.4,0.27,Medium,49,At Risk,1,Churned,13.99
d80a7642-b629-4ca4-b51d-91600ae5d0a5,37,36-45,Female,Oceania,Laptop,Basic,8.99,107.88,Debit Card,2,Romance,7.36,0.19,Medium,38,At Risk,1,Churned,8.99
fea2691a-fc62-4a68-b155-bd95ecf587de,21,18-25,Male,Europe,Tablet,Basic,8.99,107.88,PayPal,3,Documentary,5.1,0.09,Low,53,At Risk,1,Churned,8.99
d8127bf4-b7ea-4cf8-81ce-270df2f38163,20,18-25,Female,Oceania,Mobile,Premium,17.99,215.88,Gift Card,1,Horror,4.39,0.13,Low,33,At Risk,1,Churned,17.99
7d980d04-b321-432f-b415-ce55969de68a,35,26-35,Female,Africa,TV,Standard,13.99,167.88,Credit Card,2,Comedy,8.39,8.39,High,0,Active,0,Retained,0.0
928dc2a2-8361-4e04-bfef-dcade10168eb,31,26-35,Other,North America,TV,Basic,8.99,107.88,Debit Card,5,Action,5.12,0.39,Medium,12,Active,0,Retained,0.0
3a5bfad8-d098-4418-bdbb-d15c889a2389,63,56+,Female,Asia,Laptop,Standard,13.99,167.88,Credit Card,3,Horror,1.33,0.04,Low,29,At Risk,1,Churned,13.99
cd918584-dbe4-43ee-8ee4-f35dcf029de4,21,18-25,Female,Africa,Mobile,Standard,13.99,167.88,Crypto,1,Action,3.88,3.88,High,0,Active,0,Retained,0.0
784bbf74-1bec-42e8-805d-d0a12579432c,28,26-35,Male,Europe,Laptop,Standard,13.99,167.88,Gift Card,2,Drama,19.03,1.06,High,17,Active,0,Retained,0.0
e76c1166-9bcf-4959-a627-863f1c621434,61,56+,Other,Oceania,Mobile,Standard,13.99,167.88,Gift Card,3,Sci-Fi,4.08,0.11,Low,35,At Risk,1,Churned,13.99
3ed28f9d-f5ec-4a13-afb8-d65fe7f58ab3,62,56+,Other,Asia,Mobile,Premium,17.99,215.88,Debit Card,5,Action,4.31,0.09,Low,47,At Risk,1,Churned,17.99
c0df8988-6625-4beb-8955-1a12520bd8c5,38,36-45,Female,Africa,Mobile,Premium,17.99,215.88,Debit Card,3,Action,1.18,0.24,Medium,4,Active,0,Retained,0.0
14b07c0b-a32b-4f96-a236-6992f512fd8e,33,26-35,Other,North America,Tablet,Premium,17.99,215.88,Crypto,2,Comedy,1.81,0.09,Low,20,Active,1,Churned,17.99
eec5fa1c-5a41-448a-b4f8-46e7e258acc3,49,46-55,Female,Europe,Tablet,Standard,13.99,167.88,PayPal,3,Documentary,11.06,0.22,Medium,50,At Risk,1,Churned,13.99
bf910ef4-cb21-4375-a624-e57cc2e4c293,26,26-35,Other,South America,TV,Basic,8.99,107.88,Credit Card,4,Action,0.06,0.02,Low,2,Active,1,Churned,8.99
fed18198-3eef-444c-825e-068b5729aac9,70,56+,Other,Europe,TV,Premium,17.99,215.88,Credit Card,2,Romance,22.22,3.7,High,5,Active,0,Retained,0.0
7a2c4939-7e7b-4ada-8f61-e09737ba40b3,39,36-45,Male,Asia,TV,Standard,13.99,167.88,Gift Card,3,Documentary,8.99,0.27,Medium,32,At Risk,1,Churned,13.99
ef372c4a-20ae-4373-a2db-12a114ee5e2b,28,26-35,Male,Oceania,Laptop,Standard,13.99,167.88,Gift Card,1,Action,20.31,0.5,Medium,40,At Risk,0,Retained,0.0
a91bb5e4-a577-4365-8bc6-3a306dcc8dd0,61,56+,Other,Oceania,Tablet,Basic,8.99,107.88,Debit Card,5,Horror,0.65,0.03,Low,24,At Risk,1,Churned,8.99
0f372dc7-03c2-4955-88bd-4b78deb7bdc1,44,36-45,Female,Africa,Desktop,Basic,8.99,107.88,Debit Card,2,Romance,55.55,3.09,High,17,Active,0,Retained,0.0
f5dda56c-7406-4db7-90ed-e6738e422b8f,30,26-35,Male,South America,Mobile,Premium,17.99,215.88,PayPal,4,Romance,13.28,0.3,Medium,44,At Risk,0,Retained,0.0
04c8618d-f34e-4885-b587-6d6b324603b7,61,56+,Female,Oceania,TV,Premium,17.99,215.88,PayPal,3,Horror,7.11,0.21,Medium,33,At Risk,1,Churned,17.99
6732052d-d079-4067-a288-4c23e1a599b9,27,26-35,Male,Oceania,Tablet,Standard,13.99,167.88,Crypto,2,Horror,20.21,0.35,Medium,57,At Risk,0,Retained,0.0
f3786d5d-fa50-4225-a34c-c869fe92149d,43,36-45,Male,Oceania,Tablet,Premium,17.99,215.88,Debit Card,5,Documentary,4.64,0.58,High,7,Active,0,Retained,0.0
4ac8c08a-cb1c-41d8-8834-7f4d43160ca5,31,26-35,Female,South America,Desktop,Premium,17.99,215.88,Credit Card,3,Romance,2.08,0.23,Medium,8,Active,1,Churned,17.99
1c45723e-c679-4557-874e-17971854aea4,59,56+,Other,North America,Desktop,Standard,13.99,167.88,Debit Card,4,Sci-Fi,25.47,0.77,High,32,At Risk,0,Retained,0.0
ed2e6d14-1ec8-4f3a-8a09-10311a97e7db,27,26-35,Other,South America,Mobile,Premium,17.99,215.88,Credit Card,1,Documentary,4.02,0.1,Low,41,At Risk,1,Churned,17.99
23511a64-59ce-4cc2-bc00-c4fe31339534,29,26-35,Other,Europe,Tablet,Standard,13.99,167.88,Debit Card,3,Drama,31.52,2.42,High,12,Active,0,Retained,0.0
23800c7b-cb6d-46c8-b966-bbb20f9b0ca5,61,56+,Female,Africa,TV,Standard,13.99,167.88,Debit Card,5,Drama,0.76,0.03,Low,22,At Risk,0,Retained,0.0
458036e4-1c6f-42b8-819f-e453f97ba7b1,62,56+,Male,Africa,Desktop,Basic,8.99,107.88,Crypto,2,Comedy,6.84,1.71,High,3,Active,0,Retained,0.0
fe65b1ac-55dc-4d8e-a802-5867af17f8ea,56,56+,Other,North America,Mobile,Basic,8.99,107.88,Debit Card,2,Horror,1.72,0.16,Low,10,Active,1,Churned,8.99
00139d09-c969-4136-987c-6e7d30f41cc0,59,56+,Female,North America,TV,Standard,13.99,167.88,Crypto,3,Sci-Fi,19.34,0.74,High,25,At Risk,0,Retained,0.0
682d7f24-bf51-4e54-a2d2-2e25a3e17b61,33,26-35,Female,Africa,Tablet,Standard,13.99,167.88,PayPal,5,Documentary,1.33,0.33,Medium,3,Active,0,Retained,0.0
6004a0a1-5334-4dc7-8cd6-6ad98aa442e7,41,36-45,Female,Europe,TV,Standard,13.99,167.88,Credit Card,3,Drama,23.03,0.45,Medium,50,At Risk,0,Retained,0.0
9732c8a3-1080-422b-92c6-ecb2c1f838f3,54,46-55,Female,Africa,TV,Standard,13.99,167.88,Gift Card,3,Romance,21.67,1.14,High,18,Active,0,Retained,0.0
2d356c69-fcbe-4a5d-af62-c41e1944a95b,34,26-35,Female,Oceania,TV,Basic,8.99,107.88,Debit Card,1,Documentary,27.09,2.71,High,9,Active,0,Retained,0.0
e9b22aff-6ec8-4298-8d8a-74084c1bac83,41,36-45,Male,Europe,TV,Premium,17.99,215.88,Gift Card,2,Horror,22.75,0.99,High,22,At Risk,0,Retained,0.0
ab588e4b-6d23-4746-a5d3-2380dd359f2c,38,36-45,Other,Africa,TV,Basic,8.99,107.88,Credit Card,5,Drama,4.55,0.24,Medium,18,Active,1,Churned,8.99
9c254e1c-5ae4-470d-9db9-79fd55092590,42,36-45,Male,South America,Laptop,Basic,8.99,107.88,PayPal,4,Action,0.79,0.04,Low,18,Active,1,Churned,8.99
68111b31-0aa4-40ac-a612-5001e2891b73,45,36-45,Female,South America,Mobile,Premium,17.99,215.88,Crypto,5,Horror,0.91,0.11,Low,7,Active,1,Churned,17.99
44fec6f1-73e6-4d9c-93d3-ec91313a4eb8,66,56+,Female,Europe,Tablet,Standard,13.99,167.88,PayPal,5,Action,4.63,0.17,Medium,26,At Risk,0,Retained,0.0
2ad44ab8-c58d-4228-80f8-57d658a25d04,31,26-35,Other,Europe,Desktop,Basic,8.99,107.88,Credit Card,5,Romance,5.4,1.08,High,4,Active,0,Retained,0.0
157af3fa-dccb-4aba-a47f-a1d91c5426fe,64,56+,Female,Europe,Desktop,Premium,17.99,215.88,PayPal,4,Drama,18.21,0.83,High,21,At Risk,0,Retained,0.0
a5275893-fc09-4f77-a4bb-7fcb11fbb042,37,36-45,Other,Asia,Tablet,Premium,17.99,215.88,Debit Card,4,Horror,1.99,0.14,Low,13,Active,0,Retained,0.0
04549d24-8090-4c9f-bfd2-d5f77c7dba5e,60,56+,Female,Oceania,Laptop,Premium,17.99,215.88,Debit Card,3,Romance,5.68,0.18,Medium,30,At Risk,0,Retained,0.0
4d4d4e8d-a8e6-44a5-bc8d-e6585696d1b7,51,46-55,Male,North America,Mobile,Standard,13.99,167.88,Credit Card,5,Comedy,41.24,1.06,High,38,At Risk,0,Retained,0.0
d700d121-5896-4474-915e-9c163bdf9c32,18,18-25,Male,North America,Mobile,Standard,13.99,167.88,Credit Card,2,Romance,7.4,0.39,Medium,18,Active,0,Retained,0.0
aae17cd4-a7ca-4820-844d-a03761fa27af,45,36-45,Male,Asia,Desktop,Standard,13.99,167.88,Crypto,5,Drama,13.13,2.19,High,5,Active,0,Retained,0.0
afa62629-6f9b-48a2-956f-68fdd66e2982,69,56+,Other,Asia,Desktop,Basic,8.99,107.88,Debit Card,5,Action,21.91,0.88,High,24,At Risk,0,Retained,0.0
d85bd9b4-0564-435a-bd8c-7599b9076257,67,56+,Male,Europe,Mobile,Standard,13.99,167.88,Crypto,5,Action,9.57,1.59,High,5,Active,0,Retained,0.0
b042695c-e2c1-4f68-ab2d-3446f8f65967,44,36-45,Female,North America,Mobile,Standard,13.99,167.88,Credit Card,3,Drama,0.78,0.2,Medium,3,Active,0,Retained,0.0
d04d1f2d-ed98-4ffe-b4f8-05678d9903a2,43,36-45,Male,Asia,TV,Standard,13.99,167.88,Credit Card,3,Horror,31.73,0.91,High,34,At Risk,0,Retained,0.0
1d65e890-ed62-468a-b0cd-153ad70cf2d4,49,46-55,Female,Africa,Mobile,Premium,17.99,215.88,Credit Card,3,Comedy,4.26,0.1,Low,40,At Risk,1,Churned,17.99
d0483b77-f8ff-4535-9c53-9ee919409583,57,56+,Female,South America,Laptop,Premium,17.99,215.88,Credit Card,2,Comedy,21.15,0.48,Medium,43,At Risk,0,Retained,0.0
a525393b-868f-4f37-a301-565e5472a982,59,56+,Female,Africa,TV,Standard,13.99,167.88,Crypto,4,Comedy,9.77,1.63,High,5,Active,0,Retained,0.0
53b18dce-bb9a-4e83-a4ab-bfb367144160,28,26-35,Female,Africa,Desktop,Premium,17.99,215.88,Debit Card,2,Action,3.02,0.6,High,4,Active,0,Retained,0.0
766eaa1d-56f8-441e-a9f0-e8626a5f4d40,58,56+,Other,South America,Laptop,Premium,17.99,215.88,Crypto,1,Comedy,1.05,0.02,Low,58,At Risk,1,Churned,17.99
470675d5-5cf6-4a4c-974d-38ba18e0d875,47,46-55,Female,Africa,TV,Basic,8.99,107.88,Gift Card,2,Action,8.22,1.64,High,4,Active,0,Retained,0.0
9086d806-dcb7-4c64-9714-765f6a0303c6,22,18-25,Female,Oceania,Laptop,Premium,17.99,215.88,PayPal,2,Action,0.97,0.07,Low,13,Active,1,Churned,17.99
0d6dae1e-d44c-425b-abf5-371bb1a033db,44,36-45,Other,South America,Laptop,Premium,17.99,215.88,Credit Card,1,Documentary,1.41,0.04,Low,33,At Risk,1,Churned,17.99
b72d9a7d-7c15-4521-8a90-479596bff39d,22,18-25,Other,Europe,Mobile,Standard,13.99,167.88,PayPal,3,Comedy,46.56,11.64,High,3,Active,0,Retained,0.0
7f34876f-d31e-4c36-be90-691335b33844,22,18-25,Other,North America,Desktop,Standard,13.99,167.88,Credit Card,2,Sci-Fi,12.77,0.38,Medium,33,At Risk,1,Churned,13.99
f7add970-dc85-4c29-90e7-cdb047f52746,62,56+,Male,Asia,TV,Basic,8.99,107.88,Debit Card,2,Action,12.66,0.29,Medium,42,At Risk,1,Churned,8.99
51edbf12-a8ef-4848-9be8-b5baeb8adab7,67,56+,Male,Asia,TV,Standard,13.99,167.88,Credit Card,1,Sci-Fi,12.02,0.57,High,20,Active,0,Retained,0.0
8f8e95b6-5be4-47ed-a018-6976631fbe71,44,36-45,Male,Africa,Tablet,Basic,8.99,107.88,Crypto,5,Drama,6.67,0.26,Medium,25,At Risk,0,Retained,0.0
b15d15eb-0dda-409b-90c8-211757521f5d,58,56+,Male,Oceania,Laptop,Standard,13.99,167.88,Gift Card,4,Romance,7.36,0.39,Medium,18,Active,0,Retained,0.0
4f808be4-e7f6-424a-87e8-61497b1afee7,50,46-55,Male,Africa,Tablet,Basic,8.99,107.88,Gift Card,3,Documentary,3.28,0.05,Low,59,At Risk,1,Churned,8.99
ab429cc1-b1b1-4a7c-9a14-38212b83747d,69,56+,Female,Oceania,Laptop,Premium,17.99,215.88,PayPal,2,Sci-Fi,3.94,0.1,Low,38,At Risk,1,Churned,17.99
cf74b30a-3f9e-4db8-afbd-cb920c58390e,70,56+,Other,Europe,Tablet,Standard,13.99,167.88,Gift Card,2,Sci-Fi,9.1,0.54,High,16,Active,0,Retained,0.0
ff95f3be-2385-4aca-b331-f385759179bb,50,46-55,Male,Asia,Mobile,Premium,17.99,215.88,Credit Card,3,Documentary,4.27,0.08,Low,50,At Risk,1,Churned,17.99
de93cbf9-0851-4c5b-826f-939b565c632e,66,56+,Male,Asia,Laptop,Premium,17.99,215.88,Debit Card,2,Horror,9.17,0.32,Medium,28,At Risk,0,Retained,0.0
72fa5202-e5c7-4ac9-9974-05157876aa57,59,56+,Female,Oceania,Laptop,Standard,13.99,167.88,PayPal,4,Comedy,26.45,0.47,Medium,55,At Risk,0,Retained,0.0
68d59730-6ec5-4fe3-8c1a-8f3b7e60c047,62,56+,Other,North America,Desktop,Premium,17.99,215.88,Gift Card,5,Romance,7.16,1.19,High,5,Active,0,Retained,0.0
0b9e8972-a536-4e1c-8f0d-62e22d801f63,51,46-55,Female,Africa,Tablet,Basic,8.99,107.88,PayPal,3,Drama,4.74,0.17,Medium,27,At Risk,1,Churned,8.99
67155e14-7779-4ff6-9536-1fa72821c3ab,51,46-55,Female,South America,TV,Basic,8.99,107.88,Debit Card,3,Documentary,23.59,2.36,High,9,Active,0,Retained,0.0
38948c93-2299-4dc1-9bcf-aadfdbde8079,44,36-45,Male,Oceania,Tablet,Premium,17.99,215.88,Crypto,4,Romance,18.92,18.92,High,0,Active,0,Retained,0.0
e9bacc45-dde8-4b72-bfbc-2466280d785a,53,46-55,Male,South America,Laptop,Premium,17.99,215.88,Crypto,3,Sci-Fi,0.77,0.04,Low,21,At Risk,1,Churned,17.99
139a0e01-29df-48c9-bdad-fa7801585dea,31,26-35,Female,North America,Laptop,Standard,13.99,167.88,Crypto,3,Action,0.96,0.02,Low,55,At Risk,1,Churned,13.99
04f5830d-14f7-4ba4-916d-8485f464808a,41,36-45,Female,Africa,Laptop,Basic,8.99,107.88,Gift Card,2,Action,40.64,1.27,High,31,At Risk,0,Retained,0.0
40f087fd-eaa5-407c-8b81-41d6795a73ac,49,46-55,Female,Africa,Desktop,Standard,13.99,167.88,Credit Card,1,Comedy,0.59,0.12,Low,4,Active,1,Churned,13.99
51866f33-a26b-4c0e-8aa0-a8d5c11bbfd1,30,26-35,Female,Africa,Desktop,Basic,8.99,107.88,Gift Card,3,Comedy,17.02,0.57,High,29,At Risk,0,Retained,0.0
49ac3b2b-bdf7-499a-8549-1a66ff5934a5,22,18-25,Other,Europe,TV,Premium,17.99,215.88,PayPal,4,Sci-Fi,2.61,0.24,Medium,10,Active,0,Retained,0.0
0f0a0838-f17e-4151-be3a-174c1df1d1c7,53,46-55,Other,South America,Mobile,Basic,8.99,107.88,Gift Card,4,Documentary,23.5,1.12,High,20,Active,0,Retained,0.0
6611dcd9-93b5-4a43-a351-cd9570bd8d8d,24,18-25,Female,South America,Tablet,Basic,8.99,107.88,Debit Card,2,Romance,7.5,1.5,High,4,Active,0,Retained,0.0
6ee480c7-c4c3-4dcd-abbc-d46b49f0b6dd,62,56+,Other,Africa,Desktop,Standard,13.99,167.88,Crypto,1,Horror,23.97,0.39,Medium,60,At Risk,1,Churned,13.99
0d1c4623-a498-47e4-acb2-bb5d73f9baff,43,36-45,Male,Oceania,Desktop,Basic,8.99,107.88,Debit Card,4,Drama,9.58,0.68,High,13,Active,0,Retained,0.0
ca65ce5d-63ec-4006-86ab-32fb0feda982,47,46-55,Male,South America,Desktop,Premium,17.99,215.88,Crypto,2,Horror,19.68,0.33,Medium,59,At Risk,1,Churned,17.99
997c57f8-f1c1-4b92-a9ff-717d6df18df6,57,56+,Female,South America,Desktop,Basic,8.99,107.88,PayPal,2,Documentary,6.14,0.2,Medium,29,At Risk,0,Retained,0.0
4a42dedb-08aa-4609-84cf-5b06eae21153,56,56+,Other,Africa,Mobile,Premium,17.99,215.88,Credit Card,2,Horror,13.15,1.88,High,6,Active,0,Retained,0.0
101e7c6b-4f18-42d0-9626-5f5fd3bbd2e7,62,56+,Female,Africa,Desktop,Premium,17.99,215.88,Gift Card,3,Drama,4.34,0.09,Low,45,At Risk,1,Churned,17.99
7e292c54-b2c4-497a-b05b-00d61d2b824d,44,36-45,Male,Asia,Desktop,Premium,17.99,215.88,Gift Card,4,Action,3.95,0.15,Low,26,At Risk,1,Churned,17.99
ad9d7de3-a095-4576-931f-7e06480c9b78,45,36-45,Male,Asia,Mobile,Basic,8.99,107.88,Debit Card,3,Drama,2.73,0.1,Low,27,At Risk,1,Churned,8.99
916a5696-c195-4934-bddc-ef0b43ec800b,20,18-25,Male,North America,TV,Basic,8.99,107.88,PayPal,4,Horror,0.67,0.01,Low,59,At Risk,1,Churned,8.99
e3e4232d-f726-423d-80bc-e293587b52d9,44,36-45,Female,Asia,Mobile,Basic,8.99,107.88,Crypto,1,Sci-Fi,6.71,0.16,Low,40,At Risk,1,Churned,8.99
a32ab2df-8cda-4673-9acf-c0a20e99522e,36,36-45,Female,South America,Laptop,Basic,8.99,107.88,Gift Card,2,Drama,14.33,0.32,Medium,44,At Risk,1,Churned,8.99
0dc3af4d-e69a-4efc-ab80-757bf616d4b7,55,46-55,Other,South America,Desktop,Standard,13.99,167.88,PayPal,4,Documentary,11.62,0.22,Medium,51,At Risk,0,Retained,0.0
15bf4f39-0a66-4d87-a298-8f53c4e0f27d,35,26-35,Male,Asia,Desktop,Standard,13.99,167.88,Gift Card,2,Documentary,16.34,0.41,Medium,39,At Risk,1,Churned,13.99
9ab81da7-21f5-4a76-9bd4-10a78fe5ae0a,53,46-55,Male,Europe,Mobile,Premium,17.99,215.88,Gift Card,1,Romance,16.53,0.38,Medium,43,At Risk,1,Churned,17.99
145a8f1f-3c7d-4dd1-b0d4-858bea81ce6f,42,36-45,Other,Africa,Mobile,Standard,13.99,167.88,Gift Card,4,Sci-Fi,0.68,0.01,Low,50,At Risk,1,Churned,13.99
ef94ff72-ab34-4be0-9fdb-525daa2c114c,60,56+,Male,Europe,Mobile,Basic,8.99,107.88,Gift Card,5,Documentary,20.83,0.47,Medium,43,At Risk,1,Churned,8.99
f022ca06-c211-4695-9187-4a67a9f811da,53,46-55,Other,North America,Desktop,Standard,13.99,167.88,PayPal,3,Action,0.07,0.0,Low,50,At Risk,1,Churned,13.99
5bdfbdcf-ab7b-41da-b1d5-51f819eb66dc,52,46-55,Female,Oceania,TV,Basic,8.99,107.88,Credit Card,1,Romance,22.21,0.4,Medium,54,At Risk,1,Churned,8.99
900f7a72-5fd2-448b-b8fa-a24862c7766f,32,26-35,Male,Asia,Laptop,Standard,13.99,167.88,Gift Card,1,Drama,8.26,0.21,Medium,39,At Risk,1,Churned,13.99
63f4e2e6-f646-430e-9f39-89f270669dc4,54,46-55,Other,Africa,Laptop,Premium,17.99,215.88,Debit Card,1,Action,13.49,2.7,High,4,Active,0,Retained,0.0
2c840d2c-acbe-4a46-8e80-99489a4c1622,54,46-55,Male,Asia,Mobile,Premium,17.99,215.88,Credit Card,4,Horror,11.38,0.36,Medium,31,At Risk,0,Retained,0.0
6c5c94d3-ceba-42ba-8361-235b50a755d9,66,56+,Other,Africa,Tablet,Basic,8.99,107.88,Crypto,5,Romance,21.29,2.66,High,7,Active,0,Retained,0.0
f43dbc00-267c-4582-8a48-c51c960178ab,49,46-55,Female,South America,Tablet,Basic,8.99,107.88,Credit Card,5,Sci-Fi,10.87,0.72,High,14,Active,0,Retained,0.0
0e3bcd74-c73f-4979-a929-487d0ee88e20,63,56+,Female,South America,Laptop,Standard,13.99,167.88,PayPal,2,Romance,41.15,4.12,High,9,Active,0,Retained,0.0
5db9fb65-b73d-48b1-b112-619d9ff3cbac,62,56+,Other,Oceania,Tablet,Standard,13.99,167.88,Gift Card,3,Drama,11.96,0.24,Medium,48,At Risk,1,Churned,13.99
ee277a8f-6580-47ff-b15d-bd4c472f7c33,40,36-45,Female,Africa,Laptop,Standard,13.99,167.88,Debit Card,3,Horror,0.68,0.02,Low,37,At Risk,1,Churned,13.99
2af0fa44-a495-4ed8-b750-e29f5ae68251,24,18-25,Female,Europe,Laptop,Standard,13.99,167.88,PayPal,1,Drama,5.56,0.17,Medium,32,At Risk,1,Churned,13.99
36cad62c-bef7-4f24-bc63-6a45179bbe5f,36,36-45,Other,North America,TV,Premium,17.99,215.88,Gift Card,4,Comedy,11.87,1.98,High,5,Active,0,Retained,0.0
5db1bdfc-a507-4f07-baad-908aeb6de81a,57,56+,Other,Africa,Desktop,Premium,17.99,215.88,Credit Card,1,Drama,0.97,0.02,Low,52,At Risk,1,Churned,17.99
98b942f7-194b-40aa-95ab-66f412de5d19,48,46-55,Female,Oceania,Tablet,Basic,8.99,107.88,PayPal,3,Romance,17.68,0.37,Medium,47,At Risk,1,Churned,8.99
cc99892d-23de-44d2-a63f-f8ac9fab69fe,27,26-35,Other,Asia,TV,Basic,8.99,107.88,Gift Card,1,Drama,16.36,1.82,High,8,Active,0,Retained,0.0
478cb287-75dd-4ed3-99f0-bcc5877f308a,22,18-25,Other,Asia,Desktop,Standard,13.99,167.88,Debit Card,2,Action,5.42,2.71,High,1,Active,0,Retained,0.0
2dee33b5-2a32-4b1e-b663-e4e941113df5,42,36-45,Other,Oceania,TV,Premium,17.99,215.88,Credit Card,1,Action,3.6,1.2,High,2,Active,0,Retained,0.0
ff81933a-fb48-42d3-9358-c1aba9255e95,68,56+,Female,North America,Mobile,Standard,13.99,167.88,PayPal,4,Action,0.34,0.01,Low,41,At Risk,1,Churned,13.99
901270ae-4cad-4cb8-b501-fa015ea5c5f3,61,56+,Male,Europe,Mobile,Basic,8.99,107.88,Crypto,2,Documentary,47.74,0.84,High,56,At Risk,0,Retained,0.0
a6a0e427-fde3-4051-bced-8486d4bd1883,40,36-45,Male,Oceania,Desktop,Standard,13.99,167.88,Debit Card,2,Documentary,9.61,0.24,Medium,39,At Risk,1,Churned,13.99
96e2f6c6-657d-4d48-82c0-b2e87060fe56,25,18-25,Other,Asia,Laptop,Standard,13.99,167.88,Credit Card,1,Drama,6.11,6.11,High,0,Active,0,Retained,0.0
cd276040-08db-4333-90c5-7b14e4af20ae,69,56+,Other,Oceania,Tablet,Premium,17.99,215.88,PayPal,3,Documentary,0.74,0.02,Low,48,At Risk,1,Churned,17.99
1137c41e-fb4a-4d4b-a92a-075de068f94a,50,46-55,Other,North America,Tablet,Standard,13.99,167.88,PayPal,2,Action,8.77,0.2,Medium,42,At Risk,1,Churned,13.99
d012e665-05a5-454d-bc1c-4eb7f132dc77,64,56+,Male,North America,TV,Basic,8.99,107.88,Gift Card,4,Sci-Fi,1.02,0.06,Low,16,Active,1,Churned,8.99
5b39d054-a85a-472a-9c6b-6ca36f9c6f4c,64,56+,Female,North America,TV,Premium,17.99,215.88,PayPal,5,Documentary,6.71,0.16,Low,42,At Risk,0,Retained,0.0
627b1b93-2178-4157-8e76-b8b8326e8694,54,46-55,Male,Africa,Mobile,Standard,13.99,167.88,Debit Card,5,Documentary,9.78,0.17,Medium,56,At Risk,0,Retained,0.0
7c5015d6-cb4d-4738-9d1d-7f49dbee59c4,28,26-35,Female,Europe,Tablet,Basic,8.99,107.88,Credit Card,5,Romance,2.97,0.12,Low,23,At Risk,1,Churned,8.99
eac45018-321f-4108-b08c-70f09651748c,62,56+,Female,South America,Mobile,Premium,17.99,215.88,Gift Card,2,Comedy,4.75,4.75,High,0,Active,0,Retained,0.0
e2bb3e3f-6995-4d56-8ada-5b22730b7d50,48,46-55,Other,Africa,Mobile,Premium,17.99,215.88,PayPal,2,Sci-Fi,0.71,0.03,Low,24,At Risk,1,Churned,17.99
91f223fb-6d17-463e-96e6-dc72621732c3,29,26-35,Female,Africa,Tablet,Premium,17.99,215.88,Debit Card,5,Comedy,54.65,1.09,High,49,At Risk,0,Retained,0.0
73e2fabe-cd9f-47cd-91c1-fa7d54a00851,53,46-55,Female,North America,Desktop,Standard,13.99,167.88,Gift Card,2,Action,1.49,0.1,Low,14,Active,1,Churned,13.99
e9c0dcf8-d2f5-45de-8296-71b278906386,42,36-45,Other,Oceania,Mobile,Standard,13.99,167.88,Gift Card,2,Drama,1.11,0.07,Low,14,Active,1,Churned,13.99
09ff548d-7103-467d-b2bb-e7185dae56c3,19,18-25,Other,North America,TV,Premium,17.99,215.88,Credit Card,4,Documentary,7.32,0.18,Medium,39,At Risk,0,Retained,0.0
72bb60bf-c49d-4cc3-86c2-8cd3f6be1ce5,26,26-35,Male,Africa,Mobile,Standard,13.99,167.88,Credit Card,2,Drama,1.71,0.03,Low,52,At Risk,1,Churned,13.99
c8065254-8741-4265-84d7-b72ddf02f2f5,61,56+,Female,Asia,TV,Standard,13.99,167.88,Credit Card,3,Sci-Fi,6.53,0.44,Medium,14,Active,0,Retained,0.0
bb486791-58b7-43c1-a079-b5388eb2615a,19,18-25,Male,Oceania,Desktop,Standard,13.99,167.88,Gift Card,2,Comedy,15.85,0.36,Medium,43,At Risk,1,Churned,13.99
cd6292f9-f9aa-4d53-83d2-e1a38238cf1e,46,46-55,Female,Oceania,Laptop,Standard,13.99,167.88,Crypto,3,Comedy,7.59,1.9,High,3,Active,0,Retained,0.0
6dc6596e-60e8-414b-a3b5-c2bca64bb68f,63,56+,Female,North America,Desktop,Standard,13.99,167.88,Gift Card,1,Horror,16.91,0.81,High,20,Active,0,Retained,0.0
7ad15795-15cf-443a-9272-439388f8af25,56,56+,Female,Europe,Mobile,Premium,17.99,215.88,Credit Card,1,Drama,24.68,2.47,High,9,Active,0,Retained,0.0
52ff69f9-64ce-456d-a1b9-2494c4b9bdc8,18,18-25,Other,Asia,Mobile,Standard,13.99,167.88,Crypto,1,Documentary,1.62,0.08,Low,20,Active,1,Churned,13.99
57d8b5cf-f8ef-4b53-9b81-ce894a52f74e,59,56+,Female,Asia,Laptop,Premium,17.99,215.88,Debit Card,5,Horror,16.39,0.4,Medium,40,At Risk,0,Retained,0.0
29a921ff-1567-4ba6-87c0-585ba15fcac7,39,36-45,Female,Africa,TV,Basic,8.99,107.88,Gift Card,5,Horror,1.28,0.03,Low,45,At Risk,1,Churned,8.99
c350d5a0-fef7-4281-b752-42162d72bd05,33,26-35,Female,North America,TV,Premium,17.99,215.88,Crypto,1,Comedy,25.15,25.15,High,0,Active,0,Retained,0.0
af3557aa-86d0-4ab8-9ea1-28312fef7900,19,18-25,Female,Europe,Tablet,Basic,8.99,107.88,Debit Card,2,Sci-Fi,8.01,0.17,Medium,47,At Risk,1,Churned,8.99
d96a205c-59e2-44e0-a5f6-de58c25eb3b1,27,26-35,Female,North America,Desktop,Standard,13.99,167.88,Crypto,5,Drama,4.07,0.09,Low,42,At Risk,1,Churned,13.99
4c77f75f-2b1e-4d25-b652-6047d04741d4,70,56+,Male,Africa,Tablet,Basic,8.99,107.88,Crypto,1,Documentary,15.81,0.35,Medium,44,At Risk,1,Churned,8.99
58b46654-4b27-4247-ba09-49536ac95586,64,56+,Male,South America,Laptop,Standard,13.99,167.88,PayPal,3,Comedy,30.64,0.6,High,50,At Risk,0,Retained,0.0
39bad655-5f49-40ce-addd-c69cc6742a25,66,56+,Other,Africa,Mobile,Basic,8.99,107.88,Crypto,4,Horror,8.03,1.0,High,7,Active,0,Retained,0.0
4b8b75ad-626f-4201-aaa3-6b1c4935f342,63,56+,Other,South America,Desktop,Premium,17.99,215.88,Crypto,2,Documentary,15.63,0.68,High,22,At Risk,0,Retained,0.0
52b32e23-e4d9-4aa8-bdb6-3d8116bc98aa,48,46-55,Female,Europe,Mobile,Basic,8.99,107.88,Credit Card,2,Action,0.23,0.01,Low,37,At Risk,1,Churned,8.99
fdd237ec-8cfb-4dc9-94a8-e378c84e1c09,57,56+,Male,South America,Desktop,Basic,8.99,107.88,Crypto,2,Drama,12.33,2.47,High,4,Active,0,Retained,0.0
74352c11-1327-4522-b04e-09375d2ae60a,25,18-25,Female,Asia,TV,Premium,17.99,215.88,Credit Card,5,Romance,4.43,0.37,Medium,11,Active,0,Retained,0.0
c49e2f08-2711-434a-86ce-a14869024d33,25,18-25,Male,Europe,Laptop,Basic,8.99,107.88,Credit Card,1,Horror,2.39,0.27,Medium,8,Active,1,Churned,8.99
e0f60ffb-2b43-4da0-a550-7567557da37e,55,46-55,Female,Africa,Mobile,Premium,17.99,215.88,PayPal,4,Documentary,16.83,0.99,High,16,Active,0,Retained,0.0
0a7b5a2a-3292-409a-a758-5c93b920813c,65,56+,Male,Oceania,Mobile,Premium,17.99,215.88,Crypto,4,Drama,20.18,4.04,High,4,Active,0,Retained,0.0
df17acd4-8698-461e-9cc7-1ac06d763fbc,47,46-55,Male,North America,Mobile,Premium,17.99,215.88,Crypto,5,Documentary,3.88,0.07,Low,53,At Risk,1,Churned,17.99
52281669-df74-44a5-a392-2be8c8a0147c,43,36-45,Male,North America,Laptop,Standard,13.99,167.88,Crypto,1,Action,8.99,0.17,Medium,53,At Risk,1,Churned,13.99
ebdb9ce1-02bf-4681-b86c-a11d237ab90b,34,26-35,Other,South America,Laptop,Standard,13.99,167.88,Debit Card,4,Documentary,12.65,4.22,High,2,Active,0,Retained,0.0
7f79fa2f-18f5-4f95-8b69-b22fc667f4f4,24,18-25,Female,Europe,Laptop,Basic,8.99,107.88,Credit Card,3,Horror,25.78,2.86,High,8,Active,0,Retained,0.0
f19ee025-d5a8-41e3-9a40-78a71e473891,50,46-55,Female,South America,Tablet,Standard,13.99,167.88,Crypto,1,Romance,0.27,0.01,Low,31,At Risk,1,Churned,13.99
ebb4aac9-1770-4e76-be32-0a6990073795,28,26-35,Male,Africa,Tablet,Basic,8.99,107.88,PayPal,4,Documentary,29.12,0.91,High,31,At Risk,0,Retained,0.0
210b00a5-c07d-401b-8396-3eaba615e20f,56,56+,Female,Europe,Laptop,Premium,17.99,215.88,PayPal,3,Comedy,2.98,0.07,Low,39,At Risk,1,Churned,17.99
00bcd65f-ca17-43af-b1a3-c0e310d52966,42,36-45,Male,Africa,Mobile,Standard,13.99,167.88,PayPal,3,Action,1.65,0.04,Low,41,At Risk,1,Churned,13.99
570a21e1-bc72-482a-b2f3-afea983390f0,46,46-55,Other,Asia,Laptop,Premium,17.99,215.88,PayPal,1,Comedy,5.98,0.19,Medium,31,At Risk,1,Churned,17.99
1ad47f3a-f860-4c98-81a5-8616344abafe,62,56+,Male,South America,Mobile,Premium,17.99,215.88,Gift Card,1,Documentary,29.21,14.61,High,1,Active,0,Retained,0.0
b82b1e9c-2120-4d5d-ab97-6d871eded035,20,18-25,Other,Africa,Laptop,Premium,17.99,215.88,Crypto,4,Drama,11.58,0.26,Medium,44,At Risk,1,Churned,17.99
6800590b-a6fe-40ed-81d1-201693007a0a,24,18-25,Other,Europe,Laptop,Standard,13.99,167.88,Debit Card,4,Action,40.81,1.0,High,40,At Risk,0,Retained,0.0
5e4d2986-6750-4833-84d7-bf79f53e92ae,62,56+,Other,Asia,TV,Standard,13.99,167.88,Credit Card,3,Romance,5.63,0.21,Medium,26,At Risk,0,Retained,0.0
047cacb4-85d1-4fb9-82ef-e68ce12afd11,26,26-35,Female,Asia,Mobile,Standard,13.99,167.88,Gift Card,5,Action,1.84,0.12,Low,15,Active,1,Churned,13.99
054bfc20-e65d-4fd8-a9d4-5cf77eefe836,58,56+,Male,North America,TV,Standard,13.99,167.88,Credit Card,1,Action,2.11,0.35,Medium,5,Active,1,Churned,13.99
9d45d604-6975-4a0c-9de6-0c1fb839c3e3,62,56+,Other,South America,TV,Basic,8.99,107.88,PayPal,2,Horror,1.16,0.39,Medium,2,Active,1,Churned,8.99
a02d6ab0-2fda-47eb-8656-158beb0200a4,70,56+,Female,Oceania,Laptop,Premium,17.99,215.88,Gift Card,1,Drama,11.06,0.28,Medium,38,At Risk,1,Churned,17.99
adf86f47-e169-492e-9ec6-d2fed5212796,25,18-25,Female,North America,Desktop,Basic,8.99,107.88,Debit Card,5,Sci-Fi,23.19,0.39,Medium,59,At Risk,0,Retained,0.0
e614db81-6994-48a8-a374-e5aa644e85e0,36,36-45,Female,South America,TV,Premium,17.99,215.88,Crypto,4,Documentary,22.1,0.54,High,40,At Risk,0,Retained,0.0
00cadb17-dcde-4cbc-ae45-068cd811df59,37,36-45,Female,North America,Mobile,Basic,8.99,107.88,Gift Card,3,Action,6.47,0.29,Medium,21,At Risk,1,Churned,8.99
bbd4f7df-e4dc-4f51-b4ff-473eaf1005ee,52,46-55,Female,North America,Desktop,Premium,17.99,215.88,Crypto,1,Romance,6.28,0.14,Low,44,At Risk,1,Churned,17.99
1f80abbd-35a7-4d62-b292-d31fa23c9f5f,38,36-45,Female,Asia,Tablet,Basic,8.99,107.88,PayPal,5,Horror,3.49,0.06,Low,54,At Risk,1,Churned,8.99
19f66e59-f164-47f1-b788-4b1762db226b,36,36-45,Female,Africa,Laptop,Basic,8.99,107.88,Debit Card,3,Comedy,0.99,0.04,Low,24,At Risk,1,Churned,8.99
f7b78561-9d8b-4712-b3f3-238569b95f4b,47,46-55,Male,Oceania,Desktop,Premium,17.99,215.88,Credit Card,5,Horror,1.57,0.04,Low,39,At Risk,1,Churned,17.99
a2ac0be9-2264-4582-9d74-96dcc0c869f8,29,26-35,Male,Asia,Mobile,Premium,17.99,215.88,PayPal,5,Horror,12.32,0.25,Medium,49,At Risk,0,Retained,0.0
2bb0265f-8add-4083-aed9-1e94748be77b,27,26-35,Other,South America,Laptop,Premium,17.99,215.88,Debit Card,5,Sci-Fi,0.69,0.02,Low,39,At Risk,1,Churned,17.99
cfd014c4-3952-4b99-b2f1-76ed56da8964,70,56+,Other,Asia,Desktop,Premium,17.99,215.88,Credit Card,3,Sci-Fi,7.15,0.26,Medium,27,At Risk,0,Retained,0.0
93460e1b-34b6-4586-8289-48a6f91e18fb,55,46-55,Other,Europe,Desktop,Standard,13.99,167.88,Gift Card,3,Sci-Fi,2.59,0.05,Low,54,At Risk,1,Churned,13.99
3e46a9e8-ebcc-4569-b534-d1beeb525aa5,33,26-35,Other,Asia,Laptop,Premium,17.99,215.88,Debit Card,3,Sci-Fi,25.28,0.77,High,32,At Risk,0,Retained,0.0
6175ecf8-a860-463c-90e5-277f36609637,22,18-25,Other,North America,TV,Premium,17.99,215.88,PayPal,3,Comedy,13.68,0.28,Medium,48,At Risk,1,Churned,17.99
3be271a0-02dd-41ad-bed5-3fdeb3a08266,44,36-45,Other,Asia,Desktop,Premium,17.99,215.88,PayPal,5,Action,18.75,0.42,Medium,44,At Risk,0,Retained,0.0
3860d316-c068-488e-84ff-747868b9365f,20,18-25,Other,North America,TV,Premium,17.99,215.88,Gift Card,5,Drama,9.24,0.27,Medium,33,At Risk,1,Churned,17.99
22cb4dd5-d158-4dd6-a49d-e8723fadc557,69,56+,Male,South America,Desktop,Premium,17.99,215.88,Gift Card,3,Action,0.52,0.01,Low,42,At Risk,1,Churned,17.99
48a57226-1b00-4e56-b555-2cf66bc4b9a7,23,18-25,Male,Africa,Mobile,Standard,13.99,167.88,Gift Card,3,Documentary,4.46,0.18,Medium,24,At Risk,1,Churned,13.99
50693056-61ef-4ad9-977c-6eaeb1ec5f72,24,18-25,Female,North America,Laptop,Premium,17.99,215.88,Credit Card,2,Drama,9.94,0.28,Medium,34,At Risk,1,Churned,17.99
6acac882-0bc1-4196-bb12-05ac39dc229c,36,36-45,Other,Africa,Mobile,Standard,13.99,167.88,PayPal,1,Comedy,25.82,6.46,High,3,Active,0,Retained,0.0
afa322d5-a185-42a6-8cc2-76bcd432403e,29,26-35,Female,Asia,Laptop,Premium,17.99,215.88,PayPal,5,Comedy,1.22,0.05,Low,25,At Risk,0,Retained,0.0
aa982946-1b7d-4315-8b81-9b19bb6cc8c8,34,26-35,Other,South America,Mobile,Standard,13.99,167.88,Credit Card,1,Comedy,6.49,0.93,High,6,Active,0,Retained,0.0
642cffb6-ab5c-4931-b947-cfa60413b560,39,36-45,Other,Oceania,Mobile,Standard,13.99,167.88,Debit Card,4,Romance,8.63,0.96,High,8,Active,0,Retained,0.0
09904ad7-d9db-45a3-ba9f-220cfe88a333,44,36-45,Female,South America,Tablet,Standard,13.99,167.88,Credit Card,3,Comedy,22.85,11.43,High,1,Active,0,Retained,0.0
2c564e41-545b-44a4-bb03-6a827657ea51,43,36-45,Female,Europe,TV,Basic,8.99,107.88,Debit Card,4,Documentary,5.59,0.17,Medium,32,At Risk,1,Churned,8.99
ee076784-8841-4531-be9c-ca0b916c309a,35,26-35,Male,Europe,Desktop,Standard,13.99,167.88,Gift Card,1,Documentary,11.93,0.26,Medium,45,At Risk,1,Churned,13.99
3382730c-46bb-40d1-92de-55f346dda22a,26,26-35,Male,Europe,Tablet,Premium,17.99,215.88,PayPal,3,Sci-Fi,3.24,0.06,Low,57,At Risk,1,Churned,17.99
06b5b5a3-f995-47a2-af2f-86b9cfbb42ef,66,56+,Male,North America,TV,Basic,8.99,107.88,Credit Card,3,Action,25.03,1.47,High,16,Active,0,Retained,0.0
e6e1e9a3-8bb0-4ebc-a469-fc1581b6d59d,66,56+,Other,Europe,Tablet,Premium,17.99,215.88,Crypto,4,Drama,6.11,0.61,High,9,Active,0,Retained,0.0
7ee9fa15-81b6-4b1b-a841-eec8b03d8b1e,29,26-35,Male,Africa,Laptop,Basic,8.99,107.88,Credit Card,1,Documentary,24.18,0.4,Medium,59,At Risk,1,Churned,8.99
babe5601-7e34-47ad-bcb1-0ab32ede5cef,20,18-25,Male,North America,TV,Standard,13.99,167.88,PayPal,4,Action,7.19,0.27,Medium,26,At Risk,0,Retained,0.0
7d921bf8-61ef-4609-a46e-96d832d0d04e,52,46-55,Male,North America,TV,Premium,17.99,215.88,Crypto,5,Horror,2.73,0.06,Low,45,At Risk,1,Churned,17.99
8042c4ad-3a4a-4994-b81e-8ae09199076c,41,36-45,Male,Oceania,Mobile,Standard,13.99,167.88,Credit Card,2,Documentary,28.13,0.65,High,42,At Risk,0,Retained,0.0
39f699b0-d6db-4b6d-9c15-b8bbc716ce34,38,36-45,Male,Europe,Mobile,Basic,8.99,107.88,Crypto,2,Action,15.32,0.27,Medium,56,At Risk,1,Churned,8.99
f28413c0-e4fb-4469-a595-c23e39036e09,18,18-25,Other,Oceania,Laptop,Basic,8.99,107.88,Gift Card,5,Romance,2.75,0.06,Low,43,At Risk,1,Churned,8.99
a62473b8-5d94-4b05-a6b5-bddfa59478c6,28,26-35,Female,Oceania,Mobile,Standard,13.99,167.88,Crypto,2,Drama,4.67,0.78,High,5,Active,0,Retained,0.0
395e2c15-2abb-4a29-8f8c-06118a5539e2,19,18-25,Female,North America,Laptop,Standard,13.99,167.88,Debit Card,1,Action,3.36,0.12,Low,27,At Risk,1,Churned,13.99
f779a2cd-cb9d-445f-b0f7-2af6c1a514c0,56,56+,Male,Asia,Desktop,Basic,8.99,107.88,Debit Card,4,Horror,5.03,0.22,Medium,22,At Risk,0,Retained,0.0
4d040be6-2b36-4f59-ba9c-b92c8c683a5f,34,26-35,Male,North America,Tablet,Basic,8.99,107.88,Crypto,5,Documentary,53.98,4.91,High,10,Active,0,Retained,0.0
3406522e-fd20-4c37-aeab-1690d6b7cb51,58,56+,Female,Asia,Tablet,Standard,13.99,167.88,Credit Card,1,Comedy,23.39,0.44,Medium,52,At Risk,0,Retained,0.0
dd3b38cd-3856-47f9-8f69-4bdf268983eb,63,56+,Female,Europe,Mobile,Premium,17.99,215.88,Gift Card,4,Romance,7.04,0.15,Low,46,At Risk,1,Churned,17.99
746cb060-c9f1-432e-91cc-cb1b57ddb1c0,66,56+,Male,Asia,Desktop,Premium,17.99,215.88,Debit Card,4,Drama,32.06,0.62,High,51,At Risk,0,Retained,0.0
432fa974-2a36-4f64-af1e-770e03b9385f,37,36-45,Other,North America,TV,Premium,17.99,215.88,Credit Card,4,Horror,28.08,1.08,High,25,At Risk,0,Retained,0.0
d74666ec-7b7b-4f1a-8776-0a17a1152f47,21,18-25,Male,North America,Laptop,Basic,8.99,107.88,Debit Card,3,Sci-Fi,23.95,0.47,Medium,50,At Risk,1,Churned,8.99
84e4f9a0-f16b-4b00-ba64-a1dc667f9350,44,36-45,Male,Oceania,Laptop,Premium,17.99,215.88,Debit Card,3,Horror,20.32,0.43,Medium,46,At Risk,0,Retained,0.0
a756e8d5-a9c2-4520-8f06-1e13159bd0c0,66,56+,Other,Africa,TV,Standard,13.99,167.88,Crypto,4,Drama,0.77,0.02,Low,36,At Risk,1,Churned,13.99
7514941b-007c-44ea-90ee-4ae0690f013d,56,56+,Male,Europe,Tablet,Standard,13.99,167.88,Gift Card,1,Drama,2.95,0.06,Low,52,At Risk,1,Churned,13.99
0f22beb8-1281-4aca-bfaa-17235c7fb5d5,21,18-25,Male,Oceania,Mobile,Basic,8.99,107.88,Credit Card,4,Drama,11.85,0.34,Medium,34,At Risk,1,Churned,8.99
48f68f53-a7ef-4736-91a4-28ba10e80c58,49,46-55,Other,South America,TV,Premium,17.99,215.88,PayPal,3,Horror,9.61,0.34,Medium,27,At Risk,0,Retained,0.0
5f41a538-a9ef-457b-8022-57fd9cebc8d4,28,26-35,Male,Oceania,TV,Premium,17.99,215.88,Gift Card,1,Horror,49.34,1.54,High,31,At Risk,0,Retained,0.0
c16c6ac0-11d2-496c-b9a3-2117f5d8e0db,62,56+,Male,Europe,TV,Standard,13.99,167.88,Debit Card,2,Drama,3.02,0.18,Medium,16,Active,1,Churned,13.99
34e13cb5-2657-4148-ac24-be078c809d92,67,56+,Female,Oceania,Mobile,Premium,17.99,215.88,PayPal,2,Action,2.02,0.04,Low,52,At Risk,1,Churned,17.99
ed148da8-e51d-4504-b40a-e358f6e8238a,47,46-55,Female,Asia,Tablet,Standard,13.99,167.88,Crypto,3,Comedy,9.78,0.51,Medium,18,Active,0,Retained,0.0
d89f54d3-882d-4cfc-96c5-b5f0ddbb9915,57,56+,Female,North America,TV,Premium,17.99,215.88,Crypto,3,Horror,4.39,0.07,Low,60,At Risk,1,Churned,17.99
f76a2802-20d0-4772-b6cc-f7e2a95d6384,43,36-45,Other,Europe,Mobile,Basic,8.99,107.88,Debit Card,3,Drama,0.59,0.05,Low,11,Active,1,Churned,8.99
6c75691c-3ea5-49b5-92a9-894b2bd420be,24,18-25,Male,North America,Laptop,Basic,8.99,107.88,Credit Card,1,Sci-Fi,1.68,0.84,High,1,Active,1,Churned,8.99
286d0a50-0c08-4d40-b50a-38cfbdc3b8fb,34,26-35,Female,Oceania,TV,Premium,17.99,215.88,Gift Card,1,Comedy,1.58,0.2,Medium,7,Active,1,Churned,17.99
bb2ec39d-5eeb-478a-b763-0a2528ec4d7b,39,36-45,Female,Oceania,Mobile,Standard,13.99,167.88,PayPal,2,Romance,67.05,2.68,High,24,At Risk,0,Retained,0.0
ed93decf-e627-4873-a2f9-8b6bf0d7dce3,60,56+,Female,Oceania,Tablet,Basic,8.99,107.88,Credit Card,3,Romance,1.07,0.27,Medium,3,Active,1,Churned,8.99
bd27bcd3-feaa-4a06-a98f-c4f3d61de505,66,56+,Other,South America,Tablet,Premium,17.99,215.88,Debit Card,3,Action,1.85,0.03,Low,57,At Risk,1,Churned,17.99
178d73ec-7742-4f67-894c-2fe27601cf8b,29,26-35,Male,Oceania,Tablet,Premium,17.99,215.88,Credit Card,3,Drama,16.42,3.28,High,4,Active,0,Retained,0.0
68203b4f-6e76-442b-863a-29eca29cc26b,35,26-35,Female,North America,TV,Basic,8.99,107.88,Gift Card,3,Documentary,11.85,0.2,Medium,57,At Risk,1,Churned,8.99
f4af1dff-3131-49eb-a195-0cb169bf9ed4,36,36-45,Other,Oceania,Laptop,Premium,17.99,215.88,Credit Card,5,Drama,24.09,0.65,High,36,At Risk,0,Retained,0.0
9d6dfd4a-f437-4d78-b291-dc00556b9e40,46,46-55,Other,South America,Mobile,Basic,8.99,107.88,Crypto,4,Romance,14.53,0.73,High,19,Active,0,Retained,0.0
ab1d244f-8750-47b1-8a61-cf8bce66c0fb,58,56+,Female,North America,Mobile,Standard,13.99,167.88,PayPal,5,Documentary,2.4,0.2,Medium,11,Active,0,Retained,0.0
0eeed5d2-c02e-4f29-bfc4-85a0f21bed79,18,18-25,Female,North America,Desktop,Premium,17.99,215.88,Debit Card,5,Horror,0.17,0.01,Low,16,Active,0,Retained,0.0
31e1a27e-d7f3-48a6-b560-60963b7ae366,60,56+,Male,North America,Mobile,Premium,17.99,215.88,Debit Card,2,Sci-Fi,8.42,0.14,Low,59,At Risk,1,Churned,17.99
08875185-f2ab-42e7-ae3e-5945341e5bb7,39,36-45,Female,Europe,TV,Standard,13.99,167.88,Credit Card,1,Romance,20.87,0.35,Medium,59,At Risk,0,Retained,0.0
bb3dc1e7-e1f4-4010-b227-3af57309c626,65,56+,Female,Europe,Laptop,Standard,13.99,167.88,PayPal,2,Romance,2.75,0.07,Low,36,At Risk,1,Churned,13.99
51ac7c84-3653-4bd2-8f22-6f6cace9b98b,38,36-45,Other,Europe,Desktop,Basic,8.99,107.88,PayPal,2,Action,10.25,0.24,Medium,42,At Risk,1,Churned,8.99
99f7b4c6-5aea-49ad-b746-6e145c979d52,20,18-25,Male,North America,Desktop,Basic,8.99,107.88,PayPal,4,Romance,1.98,0.04,Low,45,At Risk,1,Churned,8.99
dd11f0f0-3644-48e2-b20c-bca7038b3028,27,26-35,Female,North America,TV,Basic,8.99,107.88,PayPal,2,Documentary,7.37,0.46,Medium,15,Active,0,Retained,0.0
6c369c84-7138-451a-98d8-8dd3d2d2b4f2,58,56+,Female,South America,TV,Premium,17.99,215.88,Credit Card,5,Sci-Fi,13.35,0.7,High,18,Active,0,Retained,0.0
2726ac92-319f-4aac-bf5a-89ce36e291fe,39,36-45,Male,Asia,Mobile,Standard,13.99,167.88,Debit Card,2,Drama,1.97,0.04,Low,53,At Risk,1,Churned,13.99
a31f2dc4-a9a6-4a19-80d9-8dabb6a104e0,26,26-35,Other,Asia,Mobile,Basic,8.99,107.88,Gift Card,3,Action,12.57,0.41,Medium,30,At Risk,1,Churned,8.99
76a4093f-a297-45cf-a672-8c52d4743545,25,18-25,Other,Asia,Mobile,Premium,17.99,215.88,Gift Card,5,Action,12.4,0.21,Medium,57,At Risk,1,Churned,17.99
38d00f7e-c7ba-4cd5-b1fd-fd704cb0502d,56,56+,Female,South America,Laptop,Standard,13.99,167.88,Debit Card,5,Documentary,23.82,0.43,Medium,55,At Risk,0,Retained,0.0
f337bc34-f6bf-4cf4-a559-4b79ae8ec658,49,46-55,Female,Asia,TV,Premium,17.99,215.88,Credit Card,5,Horror,2.74,0.06,Low,46,At Risk,1,Churned,17.99
18e0afd1-09c2-4c33-8069-4f2aff4d1f3d,70,56+,Other,Africa,Laptop,Premium,17.99,215.88,Gift Card,2,Drama,13.11,0.22,Medium,59,At Risk,1,Churned,17.99
43e26139-b60e-4374-99a0-4e6c798438de,21,18-25,Male,Europe,TV,Standard,13.99,167.88,Credit Card,1,Action,12.25,0.88,High,13,Active,0,Retained,0.0
f80ed925-6951-4cf0-8372-8424d7b6af02,26,26-35,Other,Asia,Tablet,Basic,8.99,107.88,Gift Card,3,Action,12.29,0.38,Medium,31,At Risk,1,Churned,8.99
bad8a04e-c0c9-4084-b4b7-069072424e68,33,26-35,Female,Europe,Mobile,Standard,13.99,167.88,Debit Card,4,Action,27.72,0.64,High,42,At Risk,0,Retained,0.0
b4cc7509-0f49-4213-82c3-be547ead38e7,29,26-35,Other,Africa,Mobile,Basic,8.99,107.88,Debit Card,4,Drama,13.77,0.55,High,24,At Risk,0,Retained,0.0
1059ec7d-1182-4b81-98fc-3fa73374a98f,70,56+,Other,Europe,TV,Basic,8.99,107.88,PayPal,1,Drama,4.88,0.49,Medium,9,Active,1,Churned,8.99
80ee7450-f22a-4f0f-b081-c978a5a5b347,48,46-55,Female,Asia,Tablet,Standard,13.99,167.88,Crypto,1,Drama,10.98,0.24,Medium,44,At Risk,1,Churned,13.99
e02106ca-0101-4adc-963b-9bdfc6e6877c,20,18-25,Male,Europe,Mobile,Basic,8.99,107.88,Credit Card,2,Documentary,17.03,0.35,Medium,47,At Risk,1,Churned,8.99
b2c52c4f-2ca8-4719-b798-32128b9009ba,40,36-45,Female,Africa,Mobile,Basic,8.99,107.88,PayPal,1,Horror,33.55,5.59,High,5,Active,0,Retained,0.0
def12ba1-ee3f-4059-a620-05d7d523636c,53,46-55,Female,North America,Desktop,Basic,8.99,107.88,Crypto,2,Action,4.01,0.08,Low,49,At Risk,1,Churned,8.99
eb0cd898-3b91-46fc-9d23-8bb53d4297c4,56,56+,Male,Europe,TV,Premium,17.99,215.88,PayPal,2,Comedy,8.2,0.41,Medium,19,Active,0,Retained,0.0
fc76c95d-6886-4993-bc12-adbfcd4cdac0,43,36-45,Other,South America,Mobile,Premium,17.99,215.88,Credit Card,1,Comedy,4.17,0.09,Low,46,At Risk,1,Churned,17.99
4641b78c-9f54-43b3-8f33-809da152aba2,36,36-45,Other,South America,Desktop,Basic,8.99,107.88,Crypto,1,Horror,14.63,0.28,Medium,52,At Risk,1,Churned,8.99
3829a8ad-947c-4e70-906d-bf4bbdf0fe60,54,46-55,Male,Africa,Mobile,Standard,13.99,167.88,Debit Card,5,Comedy,19.26,1.75,High,10,Active,0,Retained,0.0
021af9d9-2fff-4a33-b2c4-710ad6f3f85c,64,56+,Other,Oceania,Laptop,Basic,8.99,107.88,Credit Card,1,Romance,4.8,0.1,Low,46,At Risk,1,Churned,8.99
0194ee30-cde8-47fd-9568-22e20b2c80dc,28,26-35,Female,North America,Tablet,Basic,8.99,107.88,Credit Card,1,Action,12.82,0.27,Medium,47,At Risk,1,Churned,8.99
29836151-75b3-437c-8395-299b962d9f0d,52,46-55,Male,Africa,TV,Premium,17.99,215.88,PayPal,2,Sci-Fi,8.34,0.38,Medium,21,At Risk,0,Retained,0.0
5f63adf1-cf70-4f07-8351-63fe77c15857,50,46-55,Male,Oceania,Tablet,Standard,13.99,167.88,Gift Card,1,Documentary,4.17,0.09,Low,44,At Risk,1,Churned,13.99
70b0ba0c-2333-4ae5-9860-ec22b91ffc93,61,56+,Other,North America,Laptop,Standard,13.99,167.88,Debit Card,1,Romance,3.49,0.15,Low,23,At Risk,1,Churned,13.99
53ce20da-acf5-45f6-bb0c-958c360dbad6,70,56+,Other,South America,Laptop,Premium,17.99,215.88,Debit Card,3,Horror,9.13,0.18,Medium,50,At Risk,1,Churned,17.99
a36c6729-b90c-4514-92d8-4a98a66bfff4,43,36-45,Male,South America,Laptop,Premium,17.99,215.88,Crypto,4,Romance,4.17,0.17,Medium,24,At Risk,1,Churned,17.99
193ffca7-6d19-4f3c-85e5-9e8b9f7e160e,62,56+,Male,Oceania,Tablet,Premium,17.99,215.88,PayPal,5,Action,0.28,0.01,Low,21,At Risk,0,Retained,0.0
0146854f-d5a1-4ee7-a28c-69b5af885934,26,26-35,Female,South America,TV,Standard,13.99,167.88,Crypto,2,Drama,3.82,0.25,Medium,14,Active,1,Churned,13.99
fbbbb16f-2d7f-4b68-b601-13da986cdcef,63,56+,Male,South America,Desktop,Premium,17.99,215.88,Credit Card,1,Horror,32.75,1.06,High,30,At Risk,0,Retained,0.0
da21d05b-cec0-405d-a7d3-3dad478f3bcf,38,36-45,Male,Oceania,Laptop,Premium,17.99,215.88,Debit Card,4,Sci-Fi,1.05,0.04,Low,24,At Risk,0,Retained,0.0
0f125ed8-866a-4f58-acd3-f981c2d910c4,50,46-55,Other,South America,TV,Basic,8.99,107.88,Credit Card,4,Romance,29.04,0.59,High,48,At Risk,0,Retained,0.0
5736a841-06be-4e91-a475-fdeae4dbb161,49,46-55,Male,North America,Laptop,Standard,13.99,167.88,Debit Card,5,Horror,4.67,0.1,Low,48,At Risk,1,Churned,13.99
2088ff07-56ed-49a3-8824-6b0f5577b9eb,38,36-45,Other,Africa,Desktop,Basic,8.99,107.88,Gift Card,2,Romance,16.27,0.65,High,24,At Risk,0,Retained,0.0
534f289f-35c5-4314-973b-1b0c9ed473db,23,18-25,Male,Europe,TV,Basic,8.99,107.88,Credit Card,1,Documentary,4.64,0.08,Low,55,At Risk,1,Churned,8.99
976212fe-e88c-4118-a57c-8c828ce17f0c,46,46-55,Male,Asia,Tablet,Premium,17.99,215.88,PayPal,4,Action,8.78,0.63,High,13,Active,0,Retained,0.0
8f5e0f72-3edf-4a03-bdb4-44a26f91077b,44,36-45,Male,South America,TV,Basic,8.99,107.88,Crypto,1,Action,9.0,0.26,Medium,33,At Risk,1,Churned,8.99
e9e8258f-3f5b-4bbf-99a7-59b4c88125e6,36,36-45,Female,Oceania,Desktop,Standard,13.99,167.88,Debit Card,2,Action,9.2,1.15,High,7,Active,0,Retained,0.0
51fad2bb-5e3b-45bc-8424-6e7331d255ae,23,18-25,Female,Europe,Desktop,Basic,8.99,107.88,Gift Card,5,Horror,8.26,0.24,Medium,33,At Risk,1,Churned,8.99
7b770d53-7ea7-4ad9-9fa9-17d09f8e857c,34,26-35,Other,Europe,Tablet,Premium,17.99,215.88,Crypto,3,Romance,35.2,2.35,High,14,Active,0,Retained,0.0
16359306-8225-4f9c-a0f6-446f18067c00,62,56+,Female,Asia,TV,Premium,17.99,215.88,Gift Card,4,Comedy,1.12,0.03,Low,43,At Risk,1,Churned,17.99
27bb1f44-8d9c-4424-a509-1510f95fa759,24,18-25,Other,Asia,Tablet,Standard,13.99,167.88,PayPal,1,Horror,10.67,0.37,Medium,28,At Risk,0,Retained,0.0
30999e0c-ada1-4174-89b6-d820cfca282a,36,36-45,Male,Africa,Mobile,Standard,13.99,167.88,Credit Card,4,Sci-Fi,14.29,2.86,High,4,Active,0,Retained,0.0
473f971c-2a0c-48c2-aaaf-b4cdfca5aff3,33,26-35,Female,Oceania,Mobile,Standard,13.99,167.88,Debit Card,1,Comedy,18.33,0.37,Medium,48,At Risk,1,Churned,13.99
46e95e2c-14c7-45ef-a0a8-b5f76f9e5d75,58,56+,Female,North America,Laptop,Basic,8.99,107.88,Gift Card,2,Documentary,3.57,0.17,Medium,20,Active,1,Churned,8.99
bb0b842b-0a9e-4351-8f7c-89365dde8a9d,20,18-25,Other,Asia,Desktop,Basic,8.99,107.88,Debit Card,3,Sci-Fi,15.54,0.62,High,24,At Risk,0,Retained,0.0
8c0c7d2b-cefb-48b1-a633-c1c84c36c057,20,18-25,Female,South America,Laptop,Basic,8.99,107.88,PayPal,2,Action,10.28,0.23,Medium,43,At Risk,1,Churned,8.99
64485bba-7db6-4f9a-a22b-5cfec1cd2ee2,33,26-35,Female,South America,Desktop,Premium,17.99,215.88,Gift Card,4,Documentary,2.2,0.05,Low,40,At Risk,1,Churned,17.99
e674d937-9114-4f7c-887a-1cd491c643c6,30,26-35,Other,Asia,TV,Basic,8.99,107.88,PayPal,2,Sci-Fi,0.52,0.1,Low,4,Active,1,Churned,8.99
2d1ea53f-d9bb-453f-b8be-88dfc36df0a3,59,56+,Male,Europe,TV,Standard,13.99,167.88,PayPal,4,Action,7.52,7.52,High,0,Active,0,Retained,0.0
75ef07c7-3ac8-4c14-b9d3-2ce79a3865b7,54,46-55,Male,Oceania,Tablet,Standard,13.99,167.88,Crypto,3,Documentary,18.96,1.0,High,18,Active,0,Retained,0.0
0b11ab87-551c-42d8-a5a4-1cd7ff98386f,47,46-55,Male,Asia,Laptop,Premium,17.99,215.88,Gift Card,4,Documentary,6.33,0.63,High,9,Active,0,Retained,0.0
a5ecf5f2-452b-4dcd-873b-342c6094c012,59,56+,Other,Africa,Mobile,Basic,8.99,107.88,Credit Card,1,Drama,20.13,2.88,High,6,Active,0,Retained,0.0
25ca4e8b-4fed-408f-9f94-607529cdd07b,24,18-25,Female,Africa,Mobile,Basic,8.99,107.88,Crypto,4,Comedy,6.73,0.4,Medium,16,Active,0,Retained,0.0
5f9af2fd-06c8-4c9e-b327-4830dab0361d,24,18-25,Other,North America,Tablet,Standard,13.99,167.88,Crypto,3,Drama,21.53,0.37,Medium,57,At Risk,0,Retained,0.0
fa1f7eb9-e6fd-41f7-943e-1186499aeb8b,53,46-55,Other,Oceania,Mobile,Standard,13.99,167.88,Gift Card,1,Sci-Fi,8.85,2.21,High,3,Active,0,Retained,0.0
b88b733e-5ac8-46f5-9137-05b8f9e59898,57,56+,Male,Africa,Tablet,Standard,13.99,167.88,Debit Card,3,Comedy,0.15,0.0,Low,39,At Risk,1,Churned,13.99
57e7b754-6ed5-43f6-804d-140bef82a2d7,66,56+,Female,Africa,Laptop,Basic,8.99,107.88,Credit Card,1,Sci-Fi,0.27,0.01,Low,40,At Risk,1,Churned,8.99
60dadbe4-fa7a-4c2d-a577-69aed385c0d0,24,18-25,Male,Europe,Tablet,Standard,13.99,167.88,Debit Card,5,Horror,7.75,0.26,Medium,29,At Risk,0,Retained,0.0
aeef9f76-67de-4dc1-ae73-8f625fe165cd,28,26-35,Other,Oceania,Tablet,Premium,17.99,215.88,PayPal,1,Horror,6.79,0.12,Low,54,At Risk,1,Churned,17.99
6adc1db8-fe9f-4bec-9cb1-018123ce1b08,29,26-35,Male,Africa,TV,Premium,17.99,215.88,Credit Card,5,Sci-Fi,21.53,0.58,High,36,At Risk,0,Retained,0.0
45e3d341-d04b-4276-99dc-9fc89496e4b9,45,36-45,Male,North America,Desktop,Premium,17.99,215.88,Crypto,1,Documentary,13.88,0.51,Medium,26,At Risk,0,Retained,0.0
c6ac02c8-fe12-46b3-a1ae-fd7f7ba481f9,50,46-55,Other,Europe,Desktop,Premium,17.99,215.88,Debit Card,2,Comedy,0.32,0.01,Low,35,At Risk,1,Churned,17.99
a3a126f7-1a28-4a66-9a60-6a60f8411e89,23,18-25,Female,Oceania,Tablet,Standard,13.99,167.88,PayPal,1,Horror,2.28,0.05,Low,46,At Risk,1,Churned,13.99
276c1104-d5fd-4930-8d5d-35956891c4fb,68,56+,Female,Oceania,Tablet,Basic,8.99,107.88,Crypto,2,Horror,0.27,0.05,Low,4,Active,1,Churned,8.99
83cc815b-5d92-4695-a2a2-dacb964e209f,25,18-25,Male,North America,Mobile,Basic,8.99,107.88,Debit Card,3,Sci-Fi,6.05,0.1,Low,60,At Risk,1,Churned,8.99
b985d6de-295a-4ecd-9353-4e9357c6c9dc,68,56+,Other,North America,Mobile,Premium,17.99,215.88,Gift Card,4,Documentary,1.66,0.04,Low,42,At Risk,1,Churned,17.99
b8f85415-9ec9-4b9b-be60-a88f1b6ecbdd,23,18-25,Other,Asia,Tablet,Basic,8.99,107.88,Crypto,2,Romance,4.01,0.14,Low,27,At Risk,1,Churned,8.99
c3f8acfa-5b6c-4778-994d-0b27b839f52e,27,26-35,Female,Europe,Mobile,Premium,17.99,215.88,Gift Card,1,Horror,6.01,1.0,High,5,Active,0,Retained,0.0
cb415cf6-759a-40bc-873b-1abec0c9b5ec,62,56+,Other,Asia,Mobile,Basic,8.99,107.88,PayPal,4,Sci-Fi,15.54,0.3,Medium,51,At Risk,1,Churned,8.99
c6028128-8d31-4b45-90a7-4422386e8649,28,26-35,Male,Africa,Laptop,Premium,17.99,215.88,Debit Card,4,Horror,5.32,0.2,Medium,25,At Risk,0,Retained,0.0
24828084-41fa-4b71-a36f-4575ccbe0ca8,45,36-45,Other,Africa,Laptop,Standard,13.99,167.88,PayPal,2,Drama,7.03,2.34,High,2,Active,0,Retained,0.0
fa639f8f-0453-46e1-93c3-ed22f0d0dff9,22,18-25,Female,Africa,Desktop,Basic,8.99,107.88,PayPal,1,Action,5.42,5.42,High,0,Active,0,Retained,0.0
7f047317-dfff-44b6-b4fc-4d3b7493da6b,66,56+,Other,Africa,Mobile,Basic,8.99,107.88,Credit Card,2,Romance,5.33,0.14,Low,36,At Risk,1,Churned,8.99
a1f99ca8-0b8f-4c59-a52e-4eb2ea8d4bf6,49,46-55,Other,Europe,Tablet,Standard,13.99,167.88,Credit Card,3,Drama,2.86,0.09,Low,30,At Risk,1,Churned,13.99
d8e3d413-9b2b-47ee-96b7-c1de8ba78a74,37,36-45,Other,Oceania,Desktop,Standard,13.99,167.88,Crypto,3,Comedy,11.76,0.65,High,17,Active,0,Retained,0.0
6f47f4c7-63e3-49c7-8e37-bbb0af66e9eb,60,56+,Male,North America,TV,Standard,13.99,167.88,Gift Card,5,Drama,36.16,0.84,High,42,At Risk,0,Retained,0.0
f18bb534-3003-4858-95d7-fdf908fc7432,64,56+,Male,South America,Mobile,Basic,8.99,107.88,Crypto,4,Horror,0.27,0.01,Low,49,At Risk,1,Churned,8.99
91c78112-b9eb-48ad-9fca-29f6197be2d7,21,18-25,Other,Oceania,Laptop,Standard,13.99,167.88,Crypto,4,Action,8.08,0.48,Medium,16,Active,0,Retained,0.0
c34baf8c-d65c-4aaa-9602-2bb9efaa4f6c,45,36-45,Female,Oceania,Mobile,Basic,8.99,107.88,Credit Card,3,Horror,7.13,0.79,High,8,Active,0,Retained,0.0
0ef9124e-50c5-411b-b436-edacd29199a8,47,46-55,Female,South America,Tablet,Standard,13.99,167.88,Gift Card,2,Horror,4.13,0.13,Low,30,At Risk,1,Churned,13.99
8f74fb47-9bcc-4ec6-a9d8-5e795ef2235d,60,56+,Female,Europe,Desktop,Premium,17.99,215.88,Gift Card,2,Sci-Fi,12.6,0.37,Medium,33,At Risk,1,Churned,17.99
60fbb4af-309d-4a37-93b2-20c05286ac2f,60,56+,Other,Africa,TV,Standard,13.99,167.88,Crypto,4,Documentary,0.62,0.01,Low,48,At Risk,1,Churned,13.99
d5ebd5d0-4ce3-4120-9c8a-d01de6e00ba5,28,26-35,Male,Europe,Laptop,Standard,13.99,167.88,Credit Card,2,Sci-Fi,2.6,0.06,Low,45,At Risk,1,Churned,13.99
e2fa23ce-0f5d-44a2-8cec-b14660947d11,25,18-25,Female,Europe,Desktop,Standard,13.99,167.88,Debit Card,5,Documentary,3.17,0.1,Low,32,At Risk,1,Churned,13.99
a28580ec-90be-4f6d-ab87-619d8f0679b0,19,18-25,Other,Oceania,Mobile,Standard,13.99,167.88,Gift Card,1,Horror,3.16,0.07,Low,43,At Risk,1,Churned,13.99
d9a89da8-9188-4be1-9fa4-6ff8394bce3a,25,18-25,Female,Asia,Laptop,Premium,17.99,215.88,Gift Card,4,Romance,0.64,0.02,Low,32,At Risk,1,Churned,17.99
658cf3cd-4370-4794-8745-77395b791c00,58,56+,Female,Africa,TV,Standard,13.99,167.88,Gift Card,5,Documentary,5.63,1.13,High,4,Active,0,Retained,0.0
384e7ce5-f382-45e9-91da-8d4e24b9a392,31,26-35,Female,South America,Tablet,Premium,17.99,215.88,Gift Card,4,Sci-Fi,20.73,0.34,Medium,60,At Risk,0,Retained,0.0
a6b50d35-9ec1-4952-bc1a-4db4877d1b7c,54,46-55,Female,South America,Desktop,Standard,13.99,167.88,Credit Card,2,Drama,6.26,0.13,Low,47,At Risk,1,Churned,13.99
609e52d2-62e8-428d-b9fa-f2fb77dd62cb,65,56+,Female,Asia,TV,Standard,13.99,167.88,Credit Card,3,Romance,34.39,1.72,High,19,Active,0,Retained,0.0
2a70df84-b707-4ccb-b3ac-56b6ccc32347,26,26-35,Female,Oceania,Laptop,Premium,17.99,215.88,Gift Card,1,Sci-Fi,7.33,0.24,Medium,30,At Risk,0,Retained,0.0
8372f52f-257c-4f58-ae67-dfa618516600,32,26-35,Other,North America,Laptop,Basic,8.99,107.88,PayPal,4,Documentary,1.96,0.04,Low,49,At Risk,1,Churned,8.99
d6ad8dcd-7d77-4c28-8a3b-fe698c0f7794,32,26-35,Male,Africa,TV,Basic,8.99,107.88,PayPal,4,Action,8.25,0.14,Low,59,At Risk,1,Churned,8.99
2d77b990-4c9b-4602-b2cc-3635194e1daf,52,46-55,Male,Europe,Laptop,Standard,13.99,167.88,Credit Card,1,Drama,28.47,1.78,High,15,Active,0,Retained,0.0
aaa3844f-e33c-4ea6-b92d-35a5ceec248a,67,56+,Male,Europe,Mobile,Basic,8.99,107.88,Gift Card,2,Action,1.74,0.35,Medium,4,Active,1,Churned,8.99
277577cb-b4e0-41ca-9c88-2456d7f2ba36,37,36-45,Male,Europe,Tablet,Basic,8.99,107.88,Credit Card,2,Drama,21.82,0.53,High,40,At Risk,0,Retained,0.0
3cdce0fe-8109-4092-9d06-4746c152516c,68,56+,Female,North America,Mobile,Premium,17.99,215.88,Crypto,1,Action,13.41,0.37,Medium,35,At Risk,1,Churned,17.99
7c88ae82-dad4-4bb3-8e01-e587c43395ab,38,36-45,Other,South America,Desktop,Standard,13.99,167.88,Debit Card,1,Drama,3.39,0.09,Low,35,At Risk,1,Churned,13.99
e07c609b-0ad2-4f99-bc35-b91288003b2e,61,56+,Female,Africa,Mobile,Premium,17.99,215.88,Gift Card,2,Documentary,54.86,1.96,High,27,At Risk,0,Retained,0.0
d786a211-3e93-4204-8b1d-e10f595bf093,40,36-45,Female,South America,Desktop,Basic,8.99,107.88,Debit Card,5,Action,23.97,0.49,Medium,48,At Risk,0,Retained,0.0
6928de64-4465-4a01-9208-9597cdf58bf8,56,56+,Male,Europe,Mobile,Basic,8.99,107.88,Debit Card,1,Action,3.29,0.06,Low,58,At Risk,1,Churned,8.99
d1bae981-3ea1-432e-b791-65c33a5310cc,68,56+,Other,North America,Tablet,Basic,8.99,107.88,Debit Card,2,Documentary,2.28,0.04,Low,60,At Risk,1,Churned,8.99
d5085dca-434a-4eab-91d5-9a0085af79d2,54,46-55,Other,North America,Tablet,Standard,13.99,167.88,Credit Card,4,Sci-Fi,0.37,0.01,Low,39,At Risk,1,Churned,13.99
c51c0139-d70e-4eb5-89a0-fb7553e33b4a,32,26-35,Other,Europe,Laptop,Premium,17.99,215.88,Debit Card,1,Sci-Fi,14.0,0.31,Medium,44,At Risk,1,Churned,17.99
01c5033b-b19f-4074-a2c2-a1ece7235af7,59,56+,Female,Africa,Laptop,Standard,13.99,167.88,Crypto,1,Documentary,5.26,0.88,High,5,Active,0,Retained,0.0
4ce5cf41-1115-4423-ad64-807b0d57c5d7,24,18-25,Other,North America,Tablet,Standard,13.99,167.88,PayPal,4,Comedy,18.29,0.35,Medium,52,At Risk,0,Retained,0.0
f332b1a7-8ece-44df-8237-bbc843e979b5,21,18-25,Female,Asia,Desktop,Standard,13.99,167.88,Credit Card,5,Romance,0.74,0.04,Low,16,Active,0,Retained,0.0
1f9510bb-4838-49ae-83dd-4331a0f59f22,66,56+,Other,Africa,Mobile,Standard,13.99,167.88,Credit Card,5,Sci-Fi,29.93,0.64,High,46,At Risk,0,Retained,0.0
9a31b543-8464-42d2-ab0b-4d9568ebe947,26,26-35,Other,Africa,TV,Premium,17.99,215.88,Crypto,4,Comedy,3.77,0.07,Low,52,At Risk,1,Churned,17.99
7b7213e4-5ca8-4625-b1d2-f73605f5ca06,51,46-55,Other,North America,Desktop,Basic,8.99,107.88,Gift Card,4,Documentary,15.14,0.84,High,17,Active,0,Retained,0.0
94520f48-96a9-4b36-a6ee-5cfd9ec9143b,18,18-25,Other,Asia,Laptop,Basic,8.99,107.88,Gift Card,4,Documentary,0.67,0.06,Low,11,Active,1,Churned,8.99
f258f8f6-080b-4ef1-8884-c508456b9694,29,26-35,Male,South America,Laptop,Premium,17.99,215.88,Debit Card,4,Drama,9.22,1.32,High,6,Active,0,Retained,0.0
acee18e9-c039-434c-9c7b-8a2bb81bf19f,58,56+,Female,Oceania,Laptop,Premium,17.99,215.88,PayPal,5,Documentary,4.41,0.11,Low,39,At Risk,1,Churned,17.99
6e346808-c15b-472c-ab5a-83cc8f70c8cb,54,46-55,Male,Europe,Laptop,Standard,13.99,167.88,Crypto,5,Sci-Fi,3.47,0.11,Low,31,At Risk,1,Churned,13.99
786dbd2b-3739-4c1b-946b-6c101f827832,61,56+,Female,Africa,TV,Basic,8.99,107.88,Credit Card,4,Horror,6.52,0.24,Medium,26,At Risk,0,Retained,0.0
1c44e21b-8dc4-4deb-b0a5-67556fbdf4a2,24,18-25,Other,North America,Laptop,Premium,17.99,215.88,Debit Card,1,Sci-Fi,18.31,0.4,Medium,45,At Risk,1,Churned,17.99
a300bc71-2231-406c-953c-92a9a5ecbd89,57,56+,Male,Europe,TV,Premium,17.99,215.88,Credit Card,1,Horror,4.08,0.15,Low,27,At Risk,1,Churned,17.99
4c1eec06-5abb-4b67-a976-0a1b307004ce,41,36-45,Female,Oceania,Mobile,Premium,17.99,215.88,Gift Card,5,Horror,0.43,0.14,Low,2,Active,0,Retained,0.0
7dab1ac1-07b0-43d7-a665-63d71f903c49,28,26-35,Female,Asia,Desktop,Basic,8.99,107.88,PayPal,1,Sci-Fi,46.68,4.24,High,10,Active,0,Retained,0.0
d66b7151-9251-4e63-8bac-8784764de25b,64,56+,Other,Africa,Tablet,Basic,8.99,107.88,Credit Card,1,Documentary,3.84,0.1,Low,38,At Risk,1,Churned,8.99
d7fe9858-9131-4293-9ab0-88f6275949f8,26,26-35,Male,Asia,Laptop,Basic,8.99,107.88,Credit Card,5,Horror,30.34,0.71,High,42,At Risk,0,Retained,0.0
3f1a1195-8bb2-439e-8b0b-09b02dacda0d,30,26-35,Female,Asia,Laptop,Standard,13.99,167.88,Crypto,2,Romance,8.01,0.2,Medium,40,At Risk,1,Churned,13.99
861019e6-124d-4a7b-8c20-0ea5f85f4b04,18,18-25,Female,South America,Tablet,Basic,8.99,107.88,Gift Card,3,Romance,20.25,2.02,High,9,Active,0,Retained,0.0
0caa27d1-1f18-4fa5-97ce-a1656248d78e,20,18-25,Other,Oceania,Laptop,Standard,13.99,167.88,Credit Card,1,Romance,18.31,0.44,Medium,41,At Risk,1,Churned,13.99
e2acf824-f42f-4e3b-b767-2d1a38910ce4,61,56+,Male,Asia,Desktop,Standard,13.99,167.88,Gift Card,5,Comedy,6.79,0.4,Medium,16,Active,0,Retained,0.0
c9a4793a-ad86-4111-9021-3b66af99fbfb,68,56+,Other,Asia,Tablet,Basic,8.99,107.88,Credit Card,3,Horror,2.48,2.48,High,0,Active,0,Retained,0.0
704af732-4f2c-47bd-8005-51eaee71c3bb,59,56+,Other,North America,Tablet,Premium,17.99,215.88,Crypto,2,Drama,1.12,0.08,Low,13,Active,1,Churned,17.99
a6439c47-77e6-4c51-b834-0f66b0f1a239,48,46-55,Female,Oceania,Laptop,Premium,17.99,215.88,Gift Card,4,Drama,9.65,0.16,Low,60,At Risk,1,Churned,17.99
9344e6e8-32e7-4867-a514-a51882b6ab16,40,36-45,Other,Africa,Tablet,Premium,17.99,215.88,PayPal,1,Action,1.2,0.15,Low,7,Active,1,Churned,17.99
02629028-5476-4dad-b44b-0c284f757874,56,56+,Female,Africa,Tablet,Basic,8.99,107.88,Credit Card,5,Documentary,2.23,0.08,Low,26,At Risk,1,Churned,8.99
9e919388-ff51-4cf3-a822-a64ebac6a825,27,26-35,Other,North America,Laptop,Standard,13.99,167.88,Crypto,3,Sci-Fi,22.68,0.49,Medium,45,At Risk,0,Retained,0.0
af47b2dd-417b-4542-8f5f-34d5f6940e36,46,46-55,Female,North America,Mobile,Standard,13.99,167.88,Credit Card,1,Comedy,19.63,0.63,High,30,At Risk,0,Retained,0.0
4403409b-c5ff-4f1d-85b6-d7d26093f6a3,43,36-45,Female,South America,Laptop,Basic,8.99,107.88,Debit Card,1,Action,0.69,0.02,Low,39,At Risk,1,Churned,8.99
c46da64b-c643-414b-9c74-f9c9cfd93905,21,18-25,Other,South America,Mobile,Standard,13.99,167.88,Crypto,2,Drama,2.51,0.13,Low,19,Active,1,Churned,13.99
c1d847e8-da01-4f2c-ad47-5ca849b92f6d,23,18-25,Other,Africa,Tablet,Basic,8.99,107.88,Gift Card,4,Documentary,5.62,0.56,High,9,Active,0,Retained,0.0
beba695f-a5c0-4418-a080-59fc806ea0c6,58,56+,Other,North America,Desktop,Basic,8.99,107.88,Debit Card,2,Comedy,6.01,0.46,Medium,12,Active,0,Retained,0.0
722ad842-9f84-4f22-ba03-ec58ac6c23da,65,56+,Other,Africa,Desktop,Premium,17.99,215.88,Gift Card,2,Comedy,2.42,0.05,Low,48,At Risk,1,Churned,17.99
6ca95308-1b7d-40a9-a8ff-fc292007d82f,54,46-55,Female,North America,Mobile,Standard,13.99,167.88,Crypto,4,Sci-Fi,8.41,0.15,Low,55,At Risk,1,Churned,13.99
615e7406-59c1-43a1-a7c2-21eebf7b480b,31,26-35,Male,North America,Desktop,Basic,8.99,107.88,PayPal,2,Action,4.58,0.17,Medium,26,At Risk,1,Churned,8.99
6165db84-db8d-46ac-b332-1c3c11a6a0d0,20,18-25,Female,North America,Mobile,Premium,17.99,215.88,Crypto,2,Sci-Fi,9.46,0.26,Medium,35,At Risk,1,Churned,17.99
e4a0a6b2-3105-4153-8233-36a82a6f9b11,54,46-55,Female,Oceania,Desktop,Premium,17.99,215.88,Gift Card,3,Romance,11.96,0.31,Medium,37,At Risk,1,Churned,17.99
2d92d684-bf9c-4dbf-a3ee-f28d0a610007,57,56+,Other,Africa,Tablet,Premium,17.99,215.88,Credit Card,2,Horror,10.03,0.46,Medium,21,At Risk,0,Retained,0.0
09861433-8978-4198-a3f3-51e0cbe5b9a0,40,36-45,Other,North America,Desktop,Standard,13.99,167.88,Debit Card,1,Sci-Fi,14.34,0.9,High,15,Active,0,Retained,0.0
32f4e267-4894-4705-9abb-d834e5c51501,65,56+,Other,Asia,TV,Premium,17.99,215.88,Debit Card,3,Drama,0.47,0.02,Low,25,At Risk,1,Churned,17.99
a566dd67-1290-4278-8cc9-fd29e99a7aa6,21,18-25,Male,Oceania,Tablet,Premium,17.99,215.88,PayPal,2,Documentary,1.3,0.09,Low,13,Active,1,Churned,17.99
ad8ed552-77c0-494b-a820-0ff9eb72124d,60,56+,Other,North America,Tablet,Basic,8.99,107.88,Debit Card,5,Action,9.71,0.21,Medium,46,At Risk,1,Churned,8.99
3497e92a-d299-4252-b5e1-b77c3424dd97,38,36-45,Other,Asia,TV,Premium,17.99,215.88,Credit Card,4,Horror,20.79,0.94,High,21,At Risk,0,Retained,0.0
cc89e609-6ccc-496f-b4ae-de53496d3706,57,56+,Other,Europe,Mobile,Standard,13.99,167.88,PayPal,4,Sci-Fi,31.69,1.67,High,18,Active,0,Retained,0.0
d1abaf68-4ead-452c-9916-921a55246557,38,36-45,Other,South America,Laptop,Basic,8.99,107.88,Crypto,5,Romance,11.42,1.9,High,5,Active,0,Retained,0.0
f872f7f1-9736-4b28-a268-51c252774a54,43,36-45,Female,Africa,Desktop,Premium,17.99,215.88,Gift Card,1,Action,17.91,0.66,High,26,At Risk,0,Retained,0.0
b86bed59-f60a-4ad4-ad4d-1011bda4d143,62,56+,Female,Asia,Laptop,Premium,17.99,215.88,Debit Card,5,Drama,5.32,0.76,High,6,Active,0,Retained,0.0
7f1d805c-7098-481c-aa5a-d4c06ab3b77c,27,26-35,Female,North America,Laptop,Premium,17.99,215.88,Debit Card,3,Drama,23.17,0.63,High,36,At Risk,0,Retained,0.0
a3eeb138-744f-4bfb-87bf-72f794b2290a,47,46-55,Other,Africa,Mobile,Premium,17.99,215.88,Gift Card,2,Sci-Fi,3.99,0.07,Low,53,At Risk,1,Churned,17.99
2a99d3ad-4874-4d00-a714-5e17ab8be70e,49,46-55,Male,Africa,Laptop,Basic,8.99,107.88,Credit Card,5,Sci-Fi,3.34,0.07,Low,50,At Risk,1,Churned,8.99
871fbc03-cc9a-4915-a0b2-1b53fa2ea19e,29,26-35,Female,Europe,TV,Basic,8.99,107.88,Crypto,3,Sci-Fi,1.46,0.03,Low,54,At Risk,1,Churned,8.99
59c9af14-e6e7-42b9-bfc6-1e3f7b529c79,41,36-45,Other,Europe,Desktop,Standard,13.99,167.88,Crypto,5,Sci-Fi,12.78,0.26,Medium,48,At Risk,1,Churned,13.99
c8389b66-987e-42cb-a884-a424dd8b6eef,29,26-35,Male,Europe,Desktop,Premium,17.99,215.88,Debit Card,1,Horror,7.18,0.3,Medium,23,At Risk,0,Retained,0.0
f0f2e301-21e8-4b5c-9b1a-69e650630e83,55,46-55,Female,South America,Mobile,Premium,17.99,215.88,Gift Card,3,Horror,12.82,0.27,Medium,47,At Risk,1,Churned,17.99
2d60c768-c50a-462f-bcbf-e0d5a7715a9c,70,56+,Female,South America,Laptop,Basic,8.99,107.88,Gift Card,5,Action,12.97,0.37,Medium,34,At Risk,1,Churned,8.99
1dedd7bd-4abf-4f4b-8269-f4becf423ce2,23,18-25,Other,Africa,TV,Basic,8.99,107.88,Credit Card,3,Horror,11.37,0.67,High,16,Active,0,Retained,0.0
9cfcedf7-e40b-4540-ba12-84d6f04d55d9,25,18-25,Male,North America,Tablet,Premium,17.99,215.88,Credit Card,5,Sci-Fi,2.42,1.21,High,1,Active,0,Retained,0.0
29f0d261-6fb7-4413-9e1b-e93d45e073bc,59,56+,Male,Africa,TV,Standard,13.99,167.88,PayPal,4,Action,22.89,0.59,High,38,At Risk,0,Retained,0.0
0f6eeb6a-a13b-49df-aa42-65048a3879e7,51,46-55,Other,Africa,Mobile,Basic,8.99,107.88,Credit Card,3,Drama,7.53,0.19,Medium,39,At Risk,1,Churned,8.99
867083ff-72cc-4bcb-a44f-442d4a12f7bd,46,46-55,Female,Oceania,Tablet,Standard,13.99,167.88,Crypto,1,Drama,13.41,0.31,Medium,42,At Risk,1,Churned,13.99
b1bc1db4-b670-44f7-a229-9ef130b67a3c,27,26-35,Other,Europe,Tablet,Basic,8.99,107.88,Credit Card,5,Documentary,6.89,0.98,High,6,Active,0,Retained,0.0
91b43c76-8109-4310-9b77-70ff596e5237,70,56+,Female,Africa,Mobile,Basic,8.99,107.88,Crypto,1,Sci-Fi,20.64,0.59,High,34,At Risk,1,Churned,8.99
f7ef1fac-89a3-46ec-856c-daadc20d6e44,66,56+,Male,Africa,TV,Standard,13.99,167.88,PayPal,3,Comedy,3.11,0.78,High,3,Active,0,Retained,0.0
9b063e64-9ae5-4e10-8b25-04d7859ac28c,68,56+,Male,Europe,Desktop,Basic,8.99,107.88,Debit Card,3,Documentary,5.37,0.11,Low,49,At Risk,1,Churned,8.99
250343bf-153a-4ecf-969c-591aae270fc8,41,36-45,Other,Europe,Desktop,Premium,17.99,215.88,Crypto,3,Comedy,26.57,0.45,Medium,58,At Risk,0,Retained,0.0
3578445b-fdf1-4151-8f2b-22511480c2ef,41,36-45,Male,South America,Tablet,Basic,8.99,107.88,PayPal,1,Horror,4.32,4.32,High,0,Active,1,Churned,8.99
be23ec59-2fcc-4671-9283-33b1981584f0,35,26-35,Male,South America,Desktop,Premium,17.99,215.88,Credit Card,4,Drama,14.76,0.55,High,26,At Risk,0,Retained,0.0
354dd217-2718-4a52-9640-2100fce27845,27,26-35,Female,South America,Mobile,Standard,13.99,167.88,PayPal,2,Horror,1.77,0.04,Low,41,At Risk,1,Churned,13.99
d9909eed-db58-4db5-b0e4-92b311601ab9,44,36-45,Other,Asia,Desktop,Standard,13.99,167.88,Crypto,2,Comedy,2.14,0.43,Medium,4,Active,1,Churned,13.99
312afc5f-e59a-4e90-925d-2a8de08ec764,38,36-45,Other,Africa,Laptop,Basic,8.99,107.88,PayPal,4,Horror,53.06,0.95,High,55,At Risk,0,Retained,0.0
75fc6d6b-4c43-4682-8151-3ca3b9669fb7,18,18-25,Female,South America,TV,Standard,13.99,167.88,PayPal,3,Horror,1.71,0.03,Low,49,At Risk,1,Churned,13.99
88316c46-ce49-4f56-bed6-ac68ea711acf,58,56+,Other,South America,Laptop,Premium,17.99,215.88,PayPal,4,Documentary,2.75,0.31,Medium,8,Active,0,Retained,0.0
301cb0ea-848e-4782-926b-70a7042cd3b8,58,56+,Male,Europe,Tablet,Premium,17.99,215.88,Debit Card,4,Drama,6.28,1.26,High,4,Active,0,Retained,0.0
1aa2e994-3eb1-4bd3-88e9-1aa4c4aab306,70,56+,Male,Oceania,Laptop,Basic,8.99,107.88,PayPal,1,Horror,1.24,0.04,Low,29,At Risk,1,Churned,8.99
51c26840-b286-42ef-b074-77c2db6c31f5,38,36-45,Male,South America,Laptop,Basic,8.99,107.88,PayPal,4,Romance,3.86,0.1,Low,37,At Risk,1,Churned,8.99
24e4bd86-3468-4e68-befb-bd4b6a6676a9,58,56+,Other,South America,TV,Basic,8.99,107.88,Credit Card,2,Drama,14.3,0.33,Medium,43,At Risk,1,Churned,8.99
9eca028c-ffdd-4958-9e30-b04a4d3b93bf,56,56+,Other,Asia,Desktop,Basic,8.99,107.88,Debit Card,2,Romance,9.13,0.76,High,11,Active,0,Retained,0.0
3d1d46bb-37e3-4347-84f6-1266325022c0,38,36-45,Female,Oceania,Tablet,Premium,17.99,215.88,Gift Card,1,Romance,4.12,0.07,Low,54,At Risk,1,Churned,17.99
054f20d6-02b1-4e8b-845e-85daac125a5a,70,56+,Other,Oceania,Mobile,Standard,13.99,167.88,Credit Card,2,Drama,6.17,0.24,Medium,25,At Risk,0,Retained,0.0
965f3ea1-7c9b-4640-bd10-d27c42163c65,61,56+,Other,North America,Laptop,Premium,17.99,215.88,Credit Card,1,Action,19.93,0.33,Medium,59,At Risk,1,Churned,17.99
d26df67f-9283-43be-be84-53d211ed7bf4,53,46-55,Female,Europe,Mobile,Basic,8.99,107.88,PayPal,1,Documentary,7.94,0.61,High,12,Active,0,Retained,0.0
02ca32eb-bc08-4a92-8c39-ea2fe7612be9,53,46-55,Male,Asia,Desktop,Premium,17.99,215.88,Crypto,1,Romance,2.72,0.3,Medium,8,Active,1,Churned,17.99
6bc3b8c6-8beb-4c8d-b43e-6f17e0280063,58,56+,Female,South America,TV,Standard,13.99,167.88,Debit Card,1,Drama,17.99,2.0,High,8,Active,0,Retained,0.0
aa6f379a-ce91-484e-b54e-c1223dd2a9c0,19,18-25,Female,Europe,Laptop,Standard,13.99,167.88,Gift Card,3,Romance,0.17,0.0,Low,34,At Risk,1,Churned,13.99
1d3f0f36-3bb5-407a-a51b-4656e78996aa,47,46-55,Female,Asia,Laptop,Basic,8.99,107.88,Gift Card,5,Documentary,6.51,0.11,Low,58,At Risk,1,Churned,8.99
8ab68b44-3c2f-41b6-b3b9-39b79bd94fa8,19,18-25,Other,Oceania,Desktop,Premium,17.99,215.88,Gift Card,4,Sci-Fi,0.24,0.05,Low,4,Active,0,Retained,0.0
108167e5-098a-4268-834b-c154d0500827,67,56+,Other,North America,Laptop,Standard,13.99,167.88,Credit Card,2,Horror,15.34,0.38,Medium,39,At Risk,1,Churned,13.99
20c8a7c5-8ed4-4b39-a8f3-244a4679ff09,47,46-55,Female,North America,Tablet,Basic,8.99,107.88,Credit Card,3,Horror,16.29,0.28,Medium,57,At Risk,1,Churned,8.99
f2f4b958-e361-4c93-afd5-3ce91d7b7165,25,18-25,Other,Oceania,Tablet,Basic,8.99,107.88,Crypto,5,Sci-Fi,35.36,1.01,High,34,At Risk,0,Retained,0.0
b305a860-7ad9-4d15-b67d-a8c5f7d04158,59,56+,Female,Africa,Laptop,Standard,13.99,167.88,Debit Card,2,Horror,20.89,0.75,High,27,At Risk,0,Retained,0.0
6dfa61eb-b7eb-4d9f-979a-252808674892,39,36-45,Other,Africa,Mobile,Premium,17.99,215.88,Credit Card,3,Romance,1.83,0.14,Low,12,Active,1,Churned,17.99
58e23f86-3804-49d5-aad4-ddae9767076e,27,26-35,Other,Europe,Mobile,Basic,8.99,107.88,Debit Card,5,Sci-Fi,65.86,1.61,High,40,At Risk,0,Retained,0.0
d9ab0b45-1fd7-42b4-8cac-954c506f4b0b,68,56+,Other,South America,Desktop,Premium,17.99,215.88,Credit Card,3,Sci-Fi,38.25,2.25,High,16,Active,0,Retained,0.0
92f00f87-ff84-41ee-8555-81009d4b6d10,26,26-35,Other,Oceania,Laptop,Standard,13.99,167.88,Debit Card,1,Horror,24.14,1.27,High,18,Active,0,Retained,0.0
8751780d-93c1-4eb9-8905-ec30ecc5cabd,49,46-55,Female,Europe,Mobile,Standard,13.99,167.88,Gift Card,1,Sci-Fi,10.83,0.19,Medium,56,At Risk,1,Churned,13.99
5e67d8d5-6502-4810-99de-205eff3fa834,41,36-45,Other,Oceania,Desktop,Basic,8.99,107.88,Debit Card,5,Drama,9.25,0.19,Medium,47,At Risk,1,Churned,8.99
337d7132-8164-46fe-9481-78329007a7af,27,26-35,Male,Europe,Laptop,Standard,13.99,167.88,PayPal,2,Sci-Fi,0.43,0.02,Low,27,At Risk,1,Churned,13.99
09b2a1f5-8eed-45d8-b381-b3327cfcd14f,20,18-25,Male,Oceania,Tablet,Standard,13.99,167.88,Debit Card,2,Sci-Fi,41.67,0.93,High,44,At Risk,0,Retained,0.0
3fad7427-ca8a-45c7-8ace-23b3cfa8b921,51,46-55,Other,South America,TV,Premium,17.99,215.88,Crypto,1,Sci-Fi,8.0,0.67,High,11,Active,0,Retained,0.0
18780a36-d9e5-4aa3-ad15-3c6d0fb16344,32,26-35,Other,Asia,Tablet,Standard,13.99,167.88,Crypto,5,Sci-Fi,21.32,1.52,High,13,Active,0,Retained,0.0
55a3fde3-633f-4391-8622-3375e3fa49b7,23,18-25,Female,Oceania,Mobile,Standard,13.99,167.88,Debit Card,4,Drama,31.27,2.84,High,10,Active,0,Retained,0.0
1e9b1aeb-5474-4b08-8588-d736f184d8fe,60,56+,Male,Africa,TV,Standard,13.99,167.88,Gift Card,4,Romance,14.57,0.36,Medium,40,At Risk,1,Churned,13.99
1f81b811-5888-4bae-83fd-50155e50c4da,39,36-45,Other,South America,Laptop,Standard,13.99,167.88,Gift Card,2,Documentary,8.27,0.22,Medium,36,At Risk,1,Churned,13.99
3b6f4e0f-3b8f-43a4-b7cb-806e26bf35d5,70,56+,Male,South America,Mobile,Basic,8.99,107.88,Gift Card,5,Drama,5.45,0.13,Low,42,At Risk,1,Churned,8.99
6dce1b4d-a8d3-4f5a-94dc-b0fe742371df,34,26-35,Male,South America,Mobile,Standard,13.99,167.88,PayPal,1,Drama,22.28,0.43,Medium,51,At Risk,0,Retained,0.0
534229c3-8f50-4913-9f38-ceb0de98fa82,42,36-45,Male,Europe,Mobile,Basic,8.99,107.88,Gift Card,3,Horror,14.77,0.49,Medium,29,At Risk,1,Churned,8.99
ff43bebc-c143-44c4-bc18-643f1fab423c,32,26-35,Female,Oceania,Mobile,Standard,13.99,167.88,Crypto,5,Action,2.34,0.07,Low,32,At Risk,1,Churned,13.99
eb64992f-d352-47d7-afb7-c03dd58cdba6,50,46-55,Other,Asia,Mobile,Premium,17.99,215.88,PayPal,1,Documentary,21.92,3.13,High,6,Active,0,Retained,0.0
15f25fe0-0224-44b0-a150-2afc797b5cd5,26,26-35,Male,Asia,Laptop,Standard,13.99,167.88,Credit Card,4,Documentary,2.48,0.04,Low,56,At Risk,1,Churned,13.99
319e82a6-0499-4d27-9f10-f3c05154c3a0,29,26-35,Other,South America,Mobile,Premium,17.99,215.88,PayPal,5,Drama,16.41,0.63,High,25,At Risk,0,Retained,0.0
60edeb0f-1d93-4636-ad6d-7aafabfe9220,60,56+,Female,North America,Tablet,Standard,13.99,167.88,Gift Card,5,Romance,9.16,0.24,Medium,37,At Risk,1,Churned,13.99
1d13d8f1-ee57-45e2-981a-5ec74bc67f1d,58,56+,Male,South America,Tablet,Premium,17.99,215.88,Crypto,4,Romance,11.98,0.29,Medium,41,At Risk,1,Churned,17.99
132eb3c0-beb0-4236-8684-bb3e2fc8cec9,55,46-55,Female,Oceania,TV,Standard,13.99,167.88,Credit Card,3,Romance,14.39,0.26,Medium,54,At Risk,1,Churned,13.99
cc7b109f-a26d-466b-aee5-eea0b7709004,60,56+,Male,Oceania,Desktop,Premium,17.99,215.88,Debit Card,1,Drama,9.15,0.48,Medium,18,Active,0,Retained,0.0
48b066a3-ba77-444f-ac80-33a8b5921cea,24,18-25,Other,Europe,TV,Premium,17.99,215.88,PayPal,2,Drama,2.98,0.25,Medium,11,Active,1,Churned,17.99
892b51bc-17bf-44f1-a629-5ab54394fc90,30,26-35,Male,Asia,Mobile,Standard,13.99,167.88,PayPal,3,Romance,29.21,9.74,High,2,Active,0,Retained,0.0
e469dd14-2b8e-4054-b091-b7e45361ed5e,44,36-45,Female,South America,Desktop,Premium,17.99,215.88,Credit Card,4,Comedy,9.89,0.38,Medium,25,At Risk,0,Retained,0.0
72227fe7-9cb6-4220-8596-0bcad0d4d3e4,63,56+,Other,South America,Mobile,Basic,8.99,107.88,Crypto,2,Sci-Fi,18.77,0.33,Medium,56,At Risk,1,Churned,8.99
53bc3af1-7d15-47c2-a0e0-d07714326d65,22,18-25,Male,Oceania,Tablet,Standard,13.99,167.88,Debit Card,4,Documentary,13.57,3.39,High,3,Active,0,Retained,0.0
8cab77af-0730-4c99-abfa-9322d9cd1e3f,49,46-55,Male,Oceania,TV,Standard,13.99,167.88,Gift Card,3,Romance,3.91,0.36,Medium,10,Active,1,Churned,13.99
6af66e55-75f5-4b4b-8cc6-59f5b1a12687,46,46-55,Other,Africa,Mobile,Standard,13.99,167.88,Debit Card,2,Comedy,16.42,0.28,Medium,58,At Risk,1,Churned,13.99
74a351ad-a105-47a3-8788-be27f4901415,46,46-55,Female,North America,Mobile,Premium,17.99,215.88,Debit Card,3,Sci-Fi,2.09,0.06,Low,36,At Risk,1,Churned,17.99
ebfb6de4-10aa-40fd-8f58-14f5bbe80d7f,48,46-55,Female,Europe,TV,Basic,8.99,107.88,Gift Card,2,Documentary,5.22,0.1,Low,51,At Risk,1,Churned,8.99
c1dd3024-79ef-48e1-b1f7-420cd63b57bf,34,26-35,Female,South America,Laptop,Standard,13.99,167.88,Debit Card,5,Comedy,11.95,0.25,Medium,47,At Risk,0,Retained,0.0
adb42d2f-cca8-4f85-ba5f-9ce775b0cdb7,27,26-35,Male,South America,TV,Standard,13.99,167.88,Credit Card,3,Action,7.3,0.13,Low,54,At Risk,1,Churned,13.99
c44dca13-8b31-45ae-8749-b96c8cc7f207,42,36-45,Other,Africa,Laptop,Standard,13.99,167.88,Gift Card,5,Romance,0.45,0.03,Low,15,Active,1,Churned,13.99
55b61c53-96bb-4c6e-9ebe-21cb327d2935,34,26-35,Other,South America,Laptop,Premium,17.99,215.88,Crypto,5,Action,1.59,0.18,Medium,8,Active,1,Churned,17.99
a20e1296-2ca8-4935-9877-ced081fdedd6,63,56+,Male,North America,TV,Standard,13.99,167.88,PayPal,4,Comedy,0.4,0.4,Medium,0,Active,0,Retained,0.0
ed9ece99-238c-42cb-9dec-fd9333218f1a,63,56+,Other,Oceania,Desktop,Basic,8.99,107.88,Debit Card,2,Comedy,59.23,2.12,High,27,At Risk,0,Retained,0.0
05014de6-4f07-455d-ae29-2ec9600d723c,52,46-55,Other,North America,Desktop,Premium,17.99,215.88,Crypto,3,Documentary,26.94,3.85,High,6,Active,0,Retained,0.0
e0907dc5-05e8-4469-822f-a363ed76009f,44,36-45,Other,South America,Mobile,Premium,17.99,215.88,Debit Card,1,Documentary,7.91,0.99,High,7,Active,0,Retained,0.0
7f20a481-fa8a-466a-8003-791225f73ab2,32,26-35,Female,Oceania,Laptop,Basic,8.99,107.88,Debit Card,5,Drama,8.12,0.22,Medium,36,At Risk,1,Churned,8.99
ffa3c2de-0887-4b1a-9f2e-f0aaaf5ea2e5,28,26-35,Female,Oceania,Desktop,Premium,17.99,215.88,PayPal,2,Sci-Fi,4.1,0.07,Low,55,At Risk,1,Churned,17.99
1c351517-e739-4ef8-a0bf-c188dc68abca,39,36-45,Other,Oceania,TV,Standard,13.99,167.88,Debit Card,5,Comedy,23.44,1.02,High,22,At Risk,0,Retained,0.0
a54d2797-8e28-42a3-a8b9-74d42fc1d3bd,51,46-55,Other,Africa,Tablet,Standard,13.99,167.88,Crypto,4,Romance,16.03,0.33,Medium,48,At Risk,1,Churned,13.99
1f1b3a5e-0dbc-4352-ac12-73d9bc1dc7b4,53,46-55,Male,South America,TV,Standard,13.99,167.88,Credit Card,1,Horror,7.88,0.33,Medium,23,At Risk,0,Retained,0.0
7e6f4d69-8626-4fd9-a4b9-f0206bd3fa3b,50,46-55,Female,Europe,Mobile,Premium,17.99,215.88,Gift Card,1,Sci-Fi,3.81,0.07,Low,53,At Risk,1,Churned,17.99
3835799a-8de3-44fd-8982-3f36e75865ed,37,36-45,Male,North America,Laptop,Premium,17.99,215.88,Debit Card,1,Comedy,6.42,1.6,High,3,Active,0,Retained,0.0
6c6bdb2d-b94f-40dd-9427-be74fdbb7d3b,69,56+,Female,Asia,Laptop,Basic,8.99,107.88,Gift Card,3,Romance,33.34,0.78,High,42,At Risk,0,Retained,0.0
b40e1e26-2209-4e4f-8ca8-5199ec7d599b,26,26-35,Female,North America,Desktop,Standard,13.99,167.88,Crypto,5,Sci-Fi,20.2,0.43,Medium,46,At Risk,0,Retained,0.0
31785188-5996-4861-a62c-90d91330002d,38,36-45,Female,Oceania,Desktop,Basic,8.99,107.88,Credit Card,2,Action,23.78,11.89,High,1,Active,0,Retained,0.0
a765f57c-d958-435c-b331-ffc9a8750a0f,50,46-55,Other,Asia,TV,Basic,8.99,107.88,Gift Card,1,Drama,7.86,0.14,Low,55,At Risk,1,Churned,8.99
e8f2664c-402d-4227-975c-6b6f3960336f,61,56+,Other,Asia,Mobile,Standard,13.99,167.88,Crypto,3,Horror,4.69,0.1,Low,45,At Risk,1,Churned,13.99
c78370fc-117b-44eb-927d-1e56d69513fc,54,46-55,Other,Oceania,TV,Premium,17.99,215.88,Debit Card,4,Documentary,6.83,0.13,Low,53,At Risk,0,Retained,0.0
86f4f231-f362-43d5-91ca-d0045caa2ba6,66,56+,Male,North America,Laptop,Basic,8.99,107.88,Credit Card,4,Romance,56.24,18.75,High,2,Active,0,Retained,0.0
a1ba331a-1851-4e9e-a785-9e38e25fee01,39,36-45,Female,South America,Tablet,Basic,8.99,107.88,PayPal,4,Horror,17.35,0.58,High,29,At Risk,0,Retained,0.0
31d3a4d3-4f08-4c99-b7c0-b86e5d907649,27,26-35,Male,Asia,Mobile,Basic,8.99,107.88,Crypto,2,Comedy,4.61,0.11,Low,42,At Risk,1,Churned,8.99
e0cdb351-f217-4c9b-8462-56cd11d35000,62,56+,Female,Asia,TV,Basic,8.99,107.88,Credit Card,1,Drama,9.41,0.29,Medium,31,At Risk,1,Churned,8.99
e8b7beae-b596-437f-9003-baf5250132d1,22,18-25,Male,Europe,Mobile,Premium,17.99,215.88,Gift Card,2,Romance,7.49,0.25,Medium,29,At Risk,0,Retained,0.0
c39feafb-2760-416e-98e6-ec7ba55a88bb,61,56+,Female,Europe,Tablet,Standard,13.99,167.88,PayPal,1,Documentary,39.09,6.52,High,5,Active,0,Retained,0.0
e86efcfc-cc7a-402e-b8c1-b2a0a5ad92b8,49,46-55,Other,North America,Laptop,Basic,8.99,107.88,Crypto,4,Documentary,25.4,0.53,High,47,At Risk,0,Retained,0.0
13ce4e0a-ed91-400c-a92a-d6d39c14bdd9,32,26-35,Female,South America,Desktop,Premium,17.99,215.88,Credit Card,4,Action,18.28,1.66,High,10,Active,0,Retained,0.0
51a00cea-7f82-4b3b-b03e-dcd34870ecb6,49,46-55,Other,Europe,Laptop,Premium,17.99,215.88,Debit Card,2,Drama,6.23,0.48,Medium,12,Active,0,Retained,0.0
450aaa67-4be4-4d6a-957f-3c3b3e02f741,38,36-45,Male,South America,TV,Standard,13.99,167.88,PayPal,4,Romance,1.21,0.06,Low,21,At Risk,0,Retained,0.0
f5309997-6d14-4c98-9379-ac88f9cbbe93,29,26-35,Male,Asia,TV,Standard,13.99,167.88,Debit Card,3,Action,0.48,0.02,Low,29,At Risk,1,Churned,13.99
7b727762-d96e-4828-bd7d-0548f6311542,47,46-55,Female,Europe,TV,Premium,17.99,215.88,Credit Card,3,Romance,14.8,0.34,Medium,43,At Risk,1,Churned,17.99
f0998eae-9a45-4ed5-95e4-0b6a02db0630,56,56+,Other,North America,TV,Basic,8.99,107.88,PayPal,5,Horror,1.22,0.05,Low,23,At Risk,1,Churned,8.99
0cacf79a-fce7-458e-b6c4-875c2af22550,23,18-25,Other,Asia,Desktop,Standard,13.99,167.88,Crypto,3,Action,7.45,0.18,Medium,41,At Risk,1,Churned,13.99
725f7196-8df8-4046-8d35-22a7ee20413e,28,26-35,Male,South America,Desktop,Premium,17.99,215.88,Crypto,4,Drama,15.45,0.34,Medium,44,At Risk,1,Churned,17.99
7767a55d-bc06-4edf-89a6-0235f5728dd5,19,18-25,Male,Asia,Laptop,Standard,13.99,167.88,Credit Card,2,Documentary,0.95,0.04,Low,22,At Risk,1,Churned,13.99
e12018ab-4d36-4bbe-bd5a-3e7d2c14b5bb,52,46-55,Female,South America,Desktop,Basic,8.99,107.88,Crypto,3,Comedy,34.13,1.03,High,32,At Risk,0,Retained,0.0
c24bf17b-a0f9-429c-9b41-a7b00dcfa39b,62,56+,Other,Africa,TV,Premium,17.99,215.88,PayPal,2,Comedy,10.02,0.29,Medium,33,At Risk,1,Churned,17.99
d2c7c300-4be4-4fc4-9e3b-f7075f0140d4,28,26-35,Male,North America,Laptop,Basic,8.99,107.88,Debit Card,2,Drama,48.58,4.42,High,10,Active,0,Retained,0.0
11889462-30c0-4225-a01f-7363d2edb91f,43,36-45,Female,Europe,Mobile,Premium,17.99,215.88,Gift Card,5,Romance,7.18,0.48,Medium,14,Active,0,Retained,0.0
ef33bc45-1eef-4924-970e-4fe1e0a2ad6b,62,56+,Female,Asia,TV,Basic,8.99,107.88,Crypto,2,Drama,12.0,0.43,Medium,27,At Risk,1,Churned,8.99
fb73a240-4dd9-4168-adfa-cd33c41b23a3,45,36-45,Male,Asia,Laptop,Standard,13.99,167.88,Gift Card,1,Sci-Fi,13.11,1.46,High,8,Active,0,Retained,0.0
6f0b25fb-c81b-4416-ad28-7ae1b7f73dfc,68,56+,Female,Africa,Desktop,Basic,8.99,107.88,Debit Card,3,Sci-Fi,1.91,0.03,Low,57,At Risk,1,Churned,8.99
d4642e0c-7c28-4b72-a098-27f0f6bf51ac,24,18-25,Other,South America,TV,Basic,8.99,107.88,Debit Card,5,Comedy,0.17,0.01,Low,25,At Risk,1,Churned,8.99
c211101f-5e9f-4e0a-b04d-6e14174a8a29,45,36-45,Male,Asia,Laptop,Basic,8.99,107.88,PayPal,2,Sci-Fi,6.78,0.28,Medium,23,At Risk,0,Retained,0.0
7e0c2384-0d8b-4ba9-9ff0-698bbd61512d,64,56+,Male,Asia,Laptop,Standard,13.99,167.88,PayPal,3,Horror,46.62,0.95,High,48,At Risk,0,Retained,0.0
45217a6b-8346-4945-907e-aa7b308c5d9d,21,18-25,Female,South America,Mobile,Basic,8.99,107.88,Debit Card,2,Comedy,1.31,0.12,Low,10,Active,1,Churned,8.99
abfeba54-42ea-43d9-a800-a069d5b0dbda,66,56+,Other,Europe,Laptop,Basic,8.99,107.88,PayPal,5,Comedy,0.83,0.03,Low,30,At Risk,1,Churned,8.99
fac6f604-ca17-4e60-9c5a-50a7bd80f2bb,59,56+,Female,Oceania,Mobile,Premium,17.99,215.88,PayPal,5,Action,4.67,0.33,Medium,13,Active,0,Retained,0.0
c7370855-3032-43eb-988b-e8ac68458da1,25,18-25,Other,North America,Laptop,Premium,17.99,215.88,Crypto,1,Romance,48.76,1.02,High,47,At Risk,0,Retained,0.0
c1297aad-0eff-4128-a815-3d35e932b23c,55,46-55,Male,Asia,Desktop,Basic,8.99,107.88,Crypto,4,Romance,3.76,0.16,Low,22,At Risk,1,Churned,8.99
272a45af-0205-4022-a7d3-fd8266d2a630,46,46-55,Female,Africa,Mobile,Basic,8.99,107.88,Gift Card,3,Drama,0.49,0.01,Low,35,At Risk,1,Churned,8.99
0bdf101f-bfac-4ae9-82bb-a063653efd7b,41,36-45,Male,Europe,Laptop,Basic,8.99,107.88,Gift Card,5,Drama,10.68,0.71,High,14,Active,0,Retained,0.0
305425be-706a-499b-992f-7c0c74027cba,63,56+,Female,Oceania,Mobile,Premium,17.99,215.88,PayPal,3,Documentary,15.93,0.5,Medium,31,At Risk,0,Retained,0.0
0c341383-e13c-495a-97e6-9da049fa458e,27,26-35,Male,South America,Laptop,Premium,17.99,215.88,Crypto,3,Horror,11.44,0.21,Medium,54,At Risk,1,Churned,17.99
1839b86b-6680-44d8-91d9-6875ad85997e,50,46-55,Male,North America,Tablet,Premium,17.99,215.88,PayPal,4,Sci-Fi,4.6,0.66,High,6,Active,0,Retained,0.0
ed301603-0c5b-4e19-bc71-e669064a348d,42,36-45,Female,Asia,TV,Standard,13.99,167.88,Crypto,4,Horror,27.93,0.47,Medium,59,At Risk,0,Retained,0.0
d63982f2-ea11-489e-9092-559a4f2190ec,60,56+,Female,North America,Desktop,Standard,13.99,167.88,Credit Card,2,Romance,0.76,0.01,Low,59,At Risk,1,Churned,13.99
f45345b7-462c-499d-9ad0-b9852024225d,22,18-25,Other,South America,Laptop,Premium,17.99,215.88,Gift Card,4,Romance,3.24,0.54,High,5,Active,0,Retained,0.0
c2f0dedf-b5be-49d7-a724-7ace524e3cbf,67,56+,Female,Asia,Mobile,Premium,17.99,215.88,PayPal,2,Sci-Fi,5.4,1.35,High,3,Active,0,Retained,0.0
dbab2c81-25f3-4f64-969d-48093e7989cc,50,46-55,Other,Europe,Tablet,Premium,17.99,215.88,Credit Card,1,Action,1.21,0.03,Low,44,At Risk,1,Churned,17.99
e983ae1e-8a1b-4d99-b9fe-35b35f4e5a18,64,56+,Other,Asia,Desktop,Premium,17.99,215.88,Crypto,2,Documentary,15.0,0.6,High,24,At Risk,0,Retained,0.0
1f5bbc73-5a88-444b-9814-ad4f1aa9291c,26,26-35,Female,Asia,Laptop,Premium,17.99,215.88,Gift Card,5,Action,5.22,0.21,Medium,24,At Risk,0,Retained,0.0
79e33997-7571-4785-bf32-7c6b45dd2a38,37,36-45,Female,North America,TV,Premium,17.99,215.88,PayPal,4,Documentary,0.52,0.01,Low,37,At Risk,1,Churned,17.99
abac424e-372a-41ae-83ad-49cb2c194231,64,56+,Male,Africa,TV,Standard,13.99,167.88,Credit Card,2,Action,8.35,0.25,Medium,32,At Risk,1,Churned,13.99
09f7ad4e-663a-4d60-a8cb-28fbb633d12f,32,26-35,Female,Africa,Desktop,Standard,13.99,167.88,Gift Card,4,Sci-Fi,13.49,1.5,High,8,Active,0,Retained,0.0
3b9e88b6-d283-419b-9562-d98fe199e04e,39,36-45,Other,Asia,Tablet,Premium,17.99,215.88,Debit Card,3,Drama,3.98,0.1,Low,39,At Risk,1,Churned,17.99
c9fa7288-917d-4b7c-8538-dcc9d103ab8b,66,56+,Male,Oceania,Tablet,Standard,13.99,167.88,Crypto,5,Action,0.24,0.02,Low,13,Active,1,Churned,13.99
d71984cf-9d1d-4192-95df-020aed82e1af,57,56+,Male,South America,Laptop,Premium,17.99,215.88,Debit Card,2,Drama,20.0,0.48,Medium,41,At Risk,1,Churned,17.99
c70b095c-012c-4449-97e4-e685d7b9a45b,53,46-55,Female,Asia,Mobile,Basic,8.99,107.88,Gift Card,5,Comedy,20.8,0.74,High,27,At Risk,0,Retained,0.0
5b57deb8-313a-4470-b11e-f3a11aecea63,36,36-45,Other,North America,Desktop,Basic,8.99,107.88,Gift Card,5,Documentary,0.95,0.02,Low,41,At Risk,1,Churned,8.99
ec879c8c-9cc0-41a3-b625-69979bbc565f,67,56+,Female,Europe,Mobile,Premium,17.99,215.88,Crypto,3,Action,3.33,0.28,Medium,11,Active,1,Churned,17.99
292f1ea2-d6d7-4446-9ed3-325ed83d4238,32,26-35,Other,Asia,Laptop,Basic,8.99,107.88,Gift Card,2,Romance,5.21,0.52,High,9,Active,0,Retained,0.0
c8bd8abb-7f19-4148-8b95-bf358610e66e,48,46-55,Male,South America,Laptop,Premium,17.99,215.88,PayPal,5,Romance,8.82,4.41,High,1,Active,0,Retained,0.0
2dcbd1ab-9f58-4dfd-86ae-87927ae211bf,32,26-35,Female,North America,Laptop,Basic,8.99,107.88,Debit Card,2,Comedy,3.15,0.12,Low,26,At Risk,1,Churned,8.99
645a02c0-c741-4abc-8ac1-a9fb97b766e9,50,46-55,Other,South America,Mobile,Premium,17.99,215.88,Crypto,5,Action,75.9,1.85,High,40,At Risk,0,Retained,0.0
ee23b820-b023-455c-a164-7a6f029cb8c8,55,46-55,Female,South America,TV,Premium,17.99,215.88,PayPal,1,Action,3.27,0.15,Low,21,At Risk,1,Churned,17.99
df604392-c45e-4f2d-80d5-544300e084e2,41,36-45,Other,Asia,Laptop,Basic,8.99,107.88,PayPal,5,Comedy,4.15,0.1,Low,39,At Risk,1,Churned,8.99
9b57e510-576f-4fce-87b1-8f4d2b614820,34,26-35,Male,South America,Tablet,Premium,17.99,215.88,Debit Card,1,Horror,13.49,0.26,Medium,51,At Risk,1,Churned,17.99
22de8619-8784-4702-a030-c9ca8312d7f1,26,26-35,Female,South America,Tablet,Premium,17.99,215.88,Crypto,4,Sci-Fi,26.05,0.61,High,42,At Risk,0,Retained,0.0
1c47a376-99f8-413d-80a8-1b409b29a493,59,56+,Female,Africa,Laptop,Premium,17.99,215.88,Debit Card,5,Drama,8.86,0.25,Medium,35,At Risk,0,Retained,0.0
fef2b49b-0991-4aa2-8614-d01832721049,58,56+,Female,Africa,Laptop,Premium,17.99,215.88,Debit Card,1,Romance,8.74,0.17,Medium,49,At Risk,1,Churned,17.99
a51a0fca-f883-4bde-9acb-a7dd51f56f09,22,18-25,Male,Oceania,TV,Basic,8.99,107.88,Gift Card,1,Sci-Fi,0.8,0.02,Low,35,At Risk,1,Churned,8.99
6cf5b92e-37e9-4e2e-9993-28d4abdbe701,44,36-45,Other,Africa,Mobile,Basic,8.99,107.88,Crypto,4,Romance,16.91,0.7,High,23,At Risk,0,Retained,0.0
e0a74f0e-ad6f-485f-b40b-a100315bb68d,62,56+,Male,North America,Desktop,Basic,8.99,107.88,Gift Card,1,Drama,7.12,0.65,High,10,Active,0,Retained,0.0
3135c865-75e1-426d-bb90-4f6550be662a,20,18-25,Female,North America,TV,Standard,13.99,167.88,Gift Card,3,Sci-Fi,5.68,0.1,Low,54,At Risk,1,Churned,13.99
2fa4c011-968c-449e-b26f-3cb70ae6a8a0,49,46-55,Female,Europe,Mobile,Basic,8.99,107.88,Gift Card,3,Sci-Fi,18.19,0.76,High,23,At Risk,0,Retained,0.0
07e2381a-6287-4599-acc0-231fcce39535,52,46-55,Male,Europe,Laptop,Premium,17.99,215.88,Credit Card,5,Drama,10.14,0.24,Medium,42,At Risk,0,Retained,0.0
b40a2be6-d491-4cb7-820e-5d185505bbb6,69,56+,Other,North America,Laptop,Premium,17.99,215.88,Gift Card,4,Drama,20.85,0.36,Medium,57,At Risk,0,Retained,0.0
91ec5e63-ded9-4939-9069-d62188a03aef,55,46-55,Other,Africa,TV,Premium,17.99,215.88,Gift Card,5,Drama,14.3,0.43,Medium,32,At Risk,1,Churned,17.99
8c1a9225-1585-49c8-84c6-ef0e0cd5265b,51,46-55,Female,Africa,TV,Standard,13.99,167.88,Debit Card,3,Horror,18.3,0.32,Medium,56,At Risk,1,Churned,13.99
0a327804-a317-4c35-ba2d-ef4656c5f744,32,26-35,Female,Europe,Tablet,Premium,17.99,215.88,Credit Card,4,Drama,3.64,0.28,Medium,12,Active,0,Retained,0.0
76ad4d6a-19dd-42de-add3-bb96a7511b3c,53,46-55,Female,Asia,Mobile,Premium,17.99,215.88,PayPal,5,Action,1.25,0.03,Low,37,At Risk,1,Churned,17.99
1a2dcd89-e8ac-4205-abd6-4f2fa9a6559a,44,36-45,Female,Oceania,TV,Basic,8.99,107.88,Debit Card,1,Documentary,3.72,0.1,Low,37,At Risk,1,Churned,8.99
06938a8c-6c69-4e18-8c06-17a8f12f6019,25,18-25,Male,Asia,Mobile,Basic,8.99,107.88,Debit Card,2,Sci-Fi,1.27,0.03,Low,43,At Risk,1,Churned,8.99
fef9c533-b570-4ab6-8bbc-8bc6bbec40fd,60,56+,Male,Asia,Tablet,Premium,17.99,215.88,PayPal,4,Drama,2.52,0.08,Low,32,At Risk,1,Churned,17.99
87bb868a-f169-41ac-ab78-94021cf19a0f,68,56+,Male,Africa,Desktop,Standard,13.99,167.88,Credit Card,3,Drama,1.68,0.05,Low,33,At Risk,1,Churned,13.99
1d1cd9d8-ec13-4c06-88b3-c7aced7f8570,22,18-25,Other,Europe,Tablet,Premium,17.99,215.88,Credit Card,4,Horror,0.43,0.02,Low,23,At Risk,0,Retained,0.0
240347ff-cafe-4b8b-86da-a0a0b6b8e162,43,36-45,Male,Africa,Laptop,Basic,8.99,107.88,Debit Card,4,Sci-Fi,50.47,1.33,High,37,At Risk,0,Retained,0.0
732d67f8-5996-46fe-9b35-695e2c344cee,65,56+,Female,Oceania,Tablet,Basic,8.99,107.88,Credit Card,4,Drama,3.46,0.07,Low,48,At Risk,1,Churned,8.99
97e6a461-5a39-4cd6-8459-95562f279693,38,36-45,Male,Oceania,TV,Basic,8.99,107.88,Gift Card,2,Horror,5.46,0.91,High,5,Active,0,Retained,0.0
c1036f42-7ebe-4737-aa18-7019022de901,61,56+,Other,Asia,TV,Premium,17.99,215.88,Gift Card,4,Documentary,2.22,0.05,Low,43,At Risk,1,Churned,17.99
d7e8c0ad-3178-481a-855e-5fd5fe3ffa43,68,56+,Female,North America,Desktop,Premium,17.99,215.88,Gift Card,3,Documentary,27.23,0.5,Medium,53,At Risk,0,Retained,0.0
92f2af93-27fc-4030-95ce-aecc9b077942,54,46-55,Male,Oceania,Mobile,Standard,13.99,167.88,Credit Card,2,Documentary,8.18,0.22,Medium,36,At Risk,1,Churned,13.99
de7ca252-1a6c-444f-950d-1d30acb83619,28,26-35,Male,South America,Mobile,Premium,17.99,215.88,PayPal,4,Action,4.6,0.27,Medium,16,Active,0,Retained,0.0
4b2d1a25-31b7-4b0f-bc95-017606ce2284,54,46-55,Other,South America,Tablet,Basic,8.99,107.88,Crypto,1,Romance,12.13,0.24,Medium,50,At Risk,1,Churned,8.99
5497a74d-e048-4392-9025-2000dfceb952,63,56+,Female,South America,Desktop,Basic,8.99,107.88,Crypto,5,Comedy,3.65,0.07,Low,55,At Risk,1,Churned,8.99
decb540e-6381-40d1-8c00-29e7277a279d,59,56+,Other,South America,Laptop,Basic,8.99,107.88,Debit Card,4,Comedy,10.87,0.34,Medium,31,At Risk,1,Churned,8.99
ab11ccda-a915-4c76-851d-663a8e0d10df,54,46-55,Other,Oceania,TV,Basic,8.99,107.88,Gift Card,2,Action,30.06,0.79,High,37,At Risk,0,Retained,0.0
13d60860-ba76-458b-b4a2-a2b57814f3a5,62,56+,Male,Africa,TV,Premium,17.99,215.88,Gift Card,1,Action,2.68,0.05,Low,55,At Risk,1,Churned,17.99
fa434710-e3c5-4591-b249-e7c0091ef66f,54,46-55,Female,Africa,Mobile,Standard,13.99,167.88,PayPal,5,Romance,15.72,15.72,High,0,Active,0,Retained,0.0
98006a18-b3dc-4c62-862d-60e463cf6f7f,37,36-45,Male,Asia,Laptop,Standard,13.99,167.88,PayPal,1,Horror,2.31,0.08,Low,28,At Risk,1,Churned,13.99
e3eea8bc-2806-4c16-9034-bf7a50dd7acd,64,56+,Male,North America,Laptop,Standard,13.99,167.88,PayPal,1,Romance,22.72,0.69,High,32,At Risk,0,Retained,0.0
7d27b819-bbc1-4ed3-90fc-fab14f4f7676,26,26-35,Other,Oceania,Mobile,Premium,17.99,215.88,Crypto,4,Documentary,4.76,0.17,Medium,27,At Risk,1,Churned,17.99
f6586998-c5aa-4fc4-86ac-0c0356195134,41,36-45,Other,Asia,Laptop,Premium,17.99,215.88,Debit Card,3,Sci-Fi,2.74,0.14,Low,19,Active,1,Churned,17.99
b93f548e-af61-48f2-9b3e-b3ac52460c91,60,56+,Female,Asia,Desktop,Standard,13.99,167.88,Credit Card,5,Action,17.42,0.62,High,27,At Risk,0,Retained,0.0
17c2628d-07f1-47e3-9684-dedb7aa86b6c,56,56+,Female,Africa,TV,Premium,17.99,215.88,Debit Card,5,Drama,10.22,0.18,Medium,56,At Risk,0,Retained,0.0
12a7aef2-17ed-466d-80e4-e176d2ca52b9,20,18-25,Other,Oceania,Desktop,Premium,17.99,215.88,PayPal,1,Action,5.12,0.27,Medium,18,Active,0,Retained,0.0
a0caf50f-05f2-45a0-8b16-a55f02928a2b,19,18-25,Female,South America,Mobile,Premium,17.99,215.88,Crypto,3,Comedy,2.3,1.15,High,1,Active,0,Retained,0.0
06acad39-2870-4b82-be56-ed73b3aa151b,20,18-25,Female,North America,Tablet,Standard,13.99,167.88,Gift Card,5,Horror,1.45,1.45,High,0,Active,0,Retained,0.0
71459779-5507-4c55-9b99-c6daee4273f0,57,56+,Female,Europe,Desktop,Premium,17.99,215.88,Gift Card,4,Romance,19.3,0.45,Medium,42,At Risk,1,Churned,17.99
23f251da-e126-4afc-88a9-12165a683cde,61,56+,Male,Oceania,Mobile,Premium,17.99,215.88,Crypto,3,Documentary,34.86,1.45,High,23,At Risk,0,Retained,0.0
d950a7ae-60bd-4f16-ad7e-46c34268c6fd,24,18-25,Other,South America,Mobile,Standard,13.99,167.88,Debit Card,2,Action,4.89,0.08,Low,58,At Risk,1,Churned,13.99
9faa53a9-c587-4b26-830b-365ae864c983,47,46-55,Other,Europe,Laptop,Standard,13.99,167.88,PayPal,3,Sci-Fi,24.11,0.75,High,31,At Risk,0,Retained,0.0
68f57553-4bf4-455c-ad2e-ce88ba80449d,68,56+,Female,North America,Laptop,Standard,13.99,167.88,Debit Card,1,Documentary,81.07,1.89,High,42,At Risk,0,Retained,0.0
1fda0f85-9ca8-4a37-b594-0577cc40d107,40,36-45,Other,Oceania,Tablet,Basic,8.99,107.88,Debit Card,2,Documentary,0.86,0.14,Low,5,Active,1,Churned,8.99
99b75d88-389d-4e15-ae49-2fbda9481a56,42,36-45,Male,Europe,Mobile,Premium,17.99,215.88,Crypto,1,Action,1.91,0.04,Low,44,At Risk,1,Churned,17.99
1ff10a52-1dd7-49be-a93f-16d96d69cfe8,59,56+,Other,South America,Laptop,Basic,8.99,107.88,Credit Card,1,Horror,14.32,0.3,Medium,47,At Risk,1,Churned,8.99
28750512-060a-4199-bbb4-ffa43bac55b5,59,56+,Other,Europe,Laptop,Basic,8.99,107.88,Crypto,2,Sci-Fi,0.09,0.0,Low,25,At Risk,1,Churned,8.99
85116642-d67a-44fb-8cf1-193e544d9390,33,26-35,Male,Asia,Laptop,Premium,17.99,215.88,Gift Card,1,Documentary,9.68,0.17,Medium,57,At Risk,1,Churned,17.99
4c85513b-b640-49e2-966a-ecaf69ed1a62,24,18-25,Male,Oceania,Mobile,Standard,13.99,167.88,Debit Card,1,Horror,13.71,0.26,Medium,51,At Risk,1,Churned,13.99
83ca2b12-f1fd-48b2-886b-c795742478a4,45,36-45,Female,North America,Desktop,Premium,17.99,215.88,Credit Card,2,Horror,11.99,0.22,Medium,54,At Risk,1,Churned,17.99
7003d3e0-38c6-442b-b19e-026dde7d98ea,48,46-55,Male,Asia,Tablet,Premium,17.99,215.88,Debit Card,4,Comedy,7.18,0.13,Low,53,At Risk,0,Retained,0.0
be26463d-8df5-4f33-aaa9-94fd9b9512f9,39,36-45,Male,Africa,Mobile,Standard,13.99,167.88,Crypto,5,Horror,31.83,10.61,High,2,Active,0,Retained,0.0
476f04d7-1939-44f5-8231-9970934be051,25,18-25,Male,Oceania,Desktop,Standard,13.99,167.88,PayPal,1,Action,7.26,0.17,Medium,43,At Risk,1,Churned,13.99
8063a1cf-5f45-417e-ac5b-3660ce54cbb3,64,56+,Male,Europe,Tablet,Premium,17.99,215.88,PayPal,5,Action,3.51,0.11,Low,30,At Risk,0,Retained,0.0
bbc95670-f863-4860-9cbb-d7b3dec90199,25,18-25,Male,Oceania,Mobile,Premium,17.99,215.88,Debit Card,4,Comedy,16.61,0.47,Medium,34,At Risk,0,Retained,0.0
abd53402-72af-47cc-812b-9baa61d4d769,59,56+,Female,Asia,TV,Basic,8.99,107.88,PayPal,2,Horror,6.96,1.39,High,4,Active,0,Retained,0.0
c3b7f8f2-8065-47c1-b595-aae94c1e9346,64,56+,Male,North America,Laptop,Premium,17.99,215.88,Gift Card,1,Documentary,15.22,3.04,High,4,Active,0,Retained,0.0
ba0197bb-b5f5-478a-adda-7fc9c9963ae2,62,56+,Other,North America,TV,Premium,17.99,215.88,Debit Card,2,Comedy,4.99,0.45,Medium,10,Active,1,Churned,17.99
dc7b6e36-883c-4d1b-8258-c057e80305e4,57,56+,Male,Europe,Laptop,Standard,13.99,167.88,PayPal,2,Comedy,3.73,0.62,High,5,Active,0,Retained,0.0
82861b0b-5c7d-4251-a211-75c0a5b2ee6c,24,18-25,Female,Europe,Mobile,Premium,17.99,215.88,Credit Card,5,Romance,30.8,1.54,High,19,Active,0,Retained,0.0
a6391928-52e9-4141-85d4-5a49f203a0fb,51,46-55,Other,North America,Laptop,Basic,8.99,107.88,Credit Card,4,Horror,36.62,0.83,High,43,At Risk,0,Retained,0.0
bc638748-782d-4220-8fc7-ed7e6747c894,69,56+,Female,South America,TV,Basic,8.99,107.88,Gift Card,2,Action,4.81,0.21,Medium,22,At Risk,1,Churned,8.99
d43c645d-181a-41e8-89a1-051dee52867d,20,18-25,Female,North America,Tablet,Standard,13.99,167.88,Debit Card,5,Sci-Fi,4.28,0.29,Medium,14,Active,0,Retained,0.0
5707a108-c200-42ad-af1e-b4653b58d581,46,46-55,Female,Africa,Mobile,Standard,13.99,167.88,Gift Card,5,Sci-Fi,10.98,0.52,High,20,Active,0,Retained,0.0
fd38515a-bac5-4f2e-a993-784b9013fa7b,21,18-25,Male,North America,Mobile,Premium,17.99,215.88,PayPal,4,Romance,3.06,0.12,Low,24,At Risk,0,Retained,0.0
fea19557-12f5-44ac-a0af-198d9808d92b,56,56+,Other,South America,TV,Standard,13.99,167.88,Credit Card,2,Action,16.86,0.48,Medium,34,At Risk,1,Churned,13.99
86b8e1a7-89e0-4e3e-9888-b7007b775af0,40,36-45,Other,Africa,TV,Standard,13.99,167.88,Crypto,3,Drama,9.41,0.2,Medium,46,At Risk,1,Churned,13.99
75356eca-46e2-4c47-8f88-59c4646c5827,21,18-25,Other,North America,Desktop,Basic,8.99,107.88,Credit Card,5,Romance,54.56,4.55,High,11,Active,0,Retained,0.0
4acacbc6-042b-4dce-aae2-1a5c6d52ce20,18,18-25,Male,Asia,Mobile,Premium,17.99,215.88,PayPal,1,Drama,1.61,0.05,Low,29,At Risk,1,Churned,17.99
87c00608-c077-4037-9cfe-11d7e7f3f9f2,18,18-25,Female,North America,TV,Premium,17.99,215.88,Crypto,5,Action,0.38,0.01,Low,37,At Risk,1,Churned,17.99
4ba7f702-5b22-4e31-ac70-272407eb79f8,31,26-35,Female,North America,Desktop,Premium,17.99,215.88,Credit Card,1,Sci-Fi,0.54,0.03,Low,16,Active,1,Churned,17.99
603d23eb-86c6-449e-83a9-626d45204c7f,45,36-45,Male,North America,Mobile,Basic,8.99,107.88,Debit Card,4,Documentary,5.8,0.14,Low,39,At Risk,1,Churned,8.99
79b69ab0-31aa-48b1-a4bb-2987db4fa802,33,26-35,Female,North America,Tablet,Standard,13.99,167.88,Gift Card,5,Horror,6.15,0.44,Medium,13,Active,0,Retained,0.0
5fb82ca0-59b1-4c7a-ace5-9dc04e30c4ab,33,26-35,Female,Oceania,Tablet,Standard,13.99,167.88,Debit Card,4,Drama,3.98,0.08,Low,49,At Risk,1,Churned,13.99
f42ed003-e8bf-42bd-830e-0286e52956a8,31,26-35,Male,Europe,Mobile,Premium,17.99,215.88,Gift Card,1,Horror,1.9,0.06,Low,31,At Risk,1,Churned,17.99
376b1e05-d9f2-4a64-a5f9-7817933d9c19,18,18-25,Other,Oceania,Mobile,Premium,17.99,215.88,Debit Card,4,Documentary,7.93,0.13,Low,60,At Risk,0,Retained,0.0
4bd379ac-7088-4f76-8659-5dee42ce681e,29,26-35,Male,Asia,Desktop,Standard,13.99,167.88,PayPal,3,Comedy,1.23,0.02,Low,50,At Risk,1,Churned,13.99
825c1f34-4c70-4e01-88de-57f51cf6bc99,46,46-55,Other,Oceania,TV,Basic,8.99,107.88,Gift Card,1,Comedy,8.69,0.24,Medium,35,At Risk,1,Churned,8.99
47f99416-fe67-4680-89a7-d3fb3aad0529,60,56+,Male,Europe,TV,Basic,8.99,107.88,Credit Card,5,Romance,21.16,0.88,High,23,At Risk,0,Retained,0.0
2810911b-db9f-4cf9-97c5-5c22d2d60bee,52,46-55,Other,North America,Mobile,Standard,13.99,167.88,Crypto,3,Horror,8.61,0.19,Medium,45,At Risk,1,Churned,13.99
114b979d-9555-470b-990f-4f6851855e8f,30,26-35,Other,Asia,Tablet,Standard,13.99,167.88,Gift Card,1,Comedy,14.41,0.28,Medium,51,At Risk,1,Churned,13.99
023b26d4-c93d-4dc3-8397-5f01fd650e10,25,18-25,Male,North America,Laptop,Standard,13.99,167.88,Gift Card,5,Romance,1.36,0.27,Medium,4,Active,0,Retained,0.0
95b8b913-647a-4cf0-8a1c-12eba4a8ed74,33,26-35,Female,North America,Laptop,Basic,8.99,107.88,Credit Card,1,Horror,0.03,0.0,Low,51,At Risk,1,Churned,8.99
df48d25d-a147-43c2-a6f4-7995ad062c66,63,56+,Female,Europe,Desktop,Standard,13.99,167.88,Debit Card,4,Romance,45.57,0.84,High,53,At Risk,0,Retained,0.0
e3d1e10c-f5d4-42cb-a0cd-06b860980446,21,18-25,Other,Asia,Laptop,Basic,8.99,107.88,Gift Card,4,Documentary,19.21,0.33,Medium,57,At Risk,1,Churned,8.99
3d604c3a-0b78-4192-8389-dd95566832af,46,46-55,Other,South America,Mobile,Standard,13.99,167.88,Crypto,4,Comedy,0.83,0.06,Low,12,Active,1,Churned,13.99
dda88e04-bad3-4755-9aee-584f129d0d86,21,18-25,Female,South America,Mobile,Standard,13.99,167.88,PayPal,5,Drama,9.39,0.22,Medium,41,At Risk,0,Retained,0.0
93880064-9281-4aec-a8f9-0be261a5257c,49,46-55,Female,Europe,Laptop,Premium,17.99,215.88,PayPal,1,Sci-Fi,3.31,0.06,Low,59,At Risk,1,Churned,17.99
ff06eb31-09ff-48f4-821a-632b3d504124,55,46-55,Male,Asia,Tablet,Premium,17.99,215.88,Debit Card,4,Action,0.87,0.02,Low,48,At Risk,1,Churned,17.99
41f6124d-7959-4fc3-83af-7c634c843b10,39,36-45,Other,Europe,Tablet,Premium,17.99,215.88,Crypto,4,Romance,2.99,0.06,Low,46,At Risk,1,Churned,17.99
cb4906d4-6473-4dff-a7a6-9188bad17eb7,67,56+,Female,North America,Mobile,Premium,17.99,215.88,Credit Card,5,Sci-Fi,15.71,0.75,High,20,Active,0,Retained,0.0
0fb2c3f5-d063-4477-baba-bffd25a2a799,55,46-55,Male,Asia,TV,Standard,13.99,167.88,Gift Card,1,Action,55.93,1.27,High,43,At Risk,0,Retained,0.0
915bdcfc-6d40-4333-a5e2-5af8c8f31566,19,18-25,Female,Oceania,Desktop,Basic,8.99,107.88,PayPal,3,Action,40.16,1.91,High,20,Active,0,Retained,0.0
414c16e4-7496-4596-b55d-41d8ed0219fe,65,56+,Male,South America,Desktop,Premium,17.99,215.88,Crypto,1,Sci-Fi,11.56,0.61,High,18,Active,0,Retained,0.0
cca8b581-77d7-49a1-91e5-6e68aed943a2,34,26-35,Female,Asia,Desktop,Basic,8.99,107.88,Crypto,1,Action,7.93,0.13,Low,60,At Risk,1,Churned,8.99
7136ba96-f288-4279-a5ea-f9e2305f5387,58,56+,Female,North America,Tablet,Standard,13.99,167.88,PayPal,4,Comedy,23.72,0.68,High,34,At Risk,0,Retained,0.0
7a83aab4-74d0-4981-a8dc-b3efb61412f6,25,18-25,Female,Oceania,Tablet,Premium,17.99,215.88,PayPal,4,Comedy,17.57,1.03,High,16,Active,0,Retained,0.0
3d5df00c-915c-489c-8b43-5066e165ee26,65,56+,Female,Europe,Laptop,Standard,13.99,167.88,Credit Card,5,Sci-Fi,0.53,0.27,Medium,1,Active,0,Retained,0.0
373bbb0c-fe39-494c-a615-e5066a1a2b6d,65,56+,Other,Asia,TV,Premium,17.99,215.88,Crypto,5,Romance,27.63,3.07,High,8,Active,0,Retained,0.0
524faae4-641a-4b2f-b59c-1e54ada79b0b,28,26-35,Male,North America,Mobile,Premium,17.99,215.88,Crypto,3,Horror,50.96,2.12,High,23,At Risk,0,Retained,0.0
3a5d46fd-0ca3-44a1-a8be-d7e35a75218e,57,56+,Male,South America,Mobile,Basic,8.99,107.88,Debit Card,5,Horror,3.09,0.07,Low,43,At Risk,1,Churned,8.99
6b8c4ccd-8bee-4022-94e8-b5f5a0d5bb5f,64,56+,Other,South America,Laptop,Standard,13.99,167.88,Credit Card,5,Documentary,1.09,0.03,Low,37,At Risk,1,Churned,13.99
99a0c45f-205b-4979-b1da-1410233ab47f,66,56+,Other,North America,Desktop,Standard,13.99,167.88,Debit Card,4,Comedy,10.25,0.35,Medium,28,At Risk,0,Retained,0.0
5abf9d55-254b-428f-83be-4bfd21883499,29,26-35,Male,Asia,TV,Premium,17.99,215.88,Debit Card,3,Romance,17.56,1.25,High,13,Active,0,Retained,0.0
0686a45f-68cd-4b98-94f5-3af6be2adc23,66,56+,Male,Asia,Mobile,Premium,17.99,215.88,Debit Card,4,Drama,32.92,0.97,High,33,At Risk,0,Retained,0.0
73b0db82-374c-43df-a4a6-abebae1c9730,24,18-25,Female,Africa,Mobile,Basic,8.99,107.88,Crypto,3,Sci-Fi,1.71,0.43,Medium,3,Active,1,Churned,8.99
53280000-5c09-40ef-a4dc-78d8c0583b19,36,36-45,Other,South America,TV,Basic,8.99,107.88,Debit Card,3,Sci-Fi,18.51,1.54,High,11,Active,0,Retained,0.0
a7e20d3f-bf41-4628-8052-ba95cff759c1,51,46-55,Female,Africa,Desktop,Standard,13.99,167.88,PayPal,4,Documentary,13.68,3.42,High,3,Active,0,Retained,0.0
d8e57ff7-d71c-4ffa-8a92-f63fced488de,23,18-25,Other,North America,Mobile,Premium,17.99,215.88,Credit Card,3,Horror,11.61,0.3,Medium,38,At Risk,1,Churned,17.99
c701bb39-0cd8-4e31-9b40-944dcc679fcb,66,56+,Other,Africa,TV,Premium,17.99,215.88,Crypto,3,Comedy,14.44,0.29,Medium,48,At Risk,1,Churned,17.99
18bed870-a69b-40c0-8d97-e03ae32e7de8,29,26-35,Other,Asia,Mobile,Standard,13.99,167.88,PayPal,1,Action,8.31,0.27,Medium,30,At Risk,0,Retained,0.0
fa491f04-59eb-4305-83ea-0e1a91ac890f,32,26-35,Female,Oceania,Tablet,Basic,8.99,107.88,Debit Card,1,Horror,11.48,0.33,Medium,34,At Risk,1,Churned,8.99
7be4e423-83bd-4cc9-96d5-a845a5ae728f,43,36-45,Male,Africa,TV,Premium,17.99,215.88,Crypto,5,Action,1.99,0.11,Low,17,Active,1,Churned,17.99
69a8fdc5-cf5b-43c9-bd8d-3fb8299eac10,61,56+,Other,Africa,TV,Standard,13.99,167.88,Credit Card,4,Horror,8.12,0.14,Low,56,At Risk,0,Retained,0.0
dcaf88dd-7810-44bb-ab55-d2ad4410ad63,44,36-45,Other,Asia,TV,Basic,8.99,107.88,Debit Card,5,Drama,1.4,0.02,Low,58,At Risk,1,Churned,8.99
a9d14534-5bca-41dd-8d02-0d92570cb764,35,26-35,Male,Africa,TV,Standard,13.99,167.88,Credit Card,1,Horror,4.13,0.13,Low,32,At Risk,1,Churned,13.99
179e0f5d-799d-4691-accc-09755ff50aac,67,56+,Female,Oceania,Desktop,Basic,8.99,107.88,Gift Card,5,Documentary,23.72,0.47,Medium,49,At Risk,1,Churned,8.99
8224eaf1-c683-4c85-a1f9-8bb9c2ef21ec,67,56+,Female,South America,TV,Standard,13.99,167.88,Credit Card,3,Drama,8.12,0.3,Medium,26,At Risk,0,Retained,0.0
4d72f986-020f-4c5e-9e76-eb69bea859e6,46,46-55,Other,Europe,TV,Standard,13.99,167.88,Debit Card,5,Horror,1.24,0.02,Low,60,At Risk,1,Churned,13.99
39ec453a-2361-4649-b68a-cba07181c4a7,41,36-45,Other,North America,Desktop,Standard,13.99,167.88,PayPal,2,Documentary,22.67,0.44,Medium,51,At Risk,0,Retained,0.0
f38cb847-0ed5-4a2d-87bb-e740dd8adef2,28,26-35,Female,North America,Tablet,Basic,8.99,107.88,PayPal,1,Comedy,13.35,0.74,High,17,Active,0,Retained,0.0
9401354d-1498-4eee-a560-19b633a103b3,48,46-55,Other,North America,Tablet,Premium,17.99,215.88,Credit Card,4,Drama,25.07,0.84,High,29,At Risk,0,Retained,0.0
ec49d8e7-535d-4732-8fd2-f99e64a19a5f,62,56+,Female,South America,TV,Standard,13.99,167.88,Debit Card,1,Sci-Fi,5.47,0.17,Medium,31,At Risk,1,Churned,13.99
27ccc5be-9895-4ee0-86b5-8e917c0650e4,29,26-35,Male,Asia,Laptop,Basic,8.99,107.88,PayPal,2,Comedy,11.65,0.51,Medium,22,At Risk,0,Retained,0.0
cb370c32-624d-42ee-b4c7-d90cd286a11f,40,36-45,Female,South America,Laptop,Basic,8.99,107.88,PayPal,1,Documentary,1.79,0.12,Low,14,Active,1,Churned,8.99
0ad1bda0-04dc-4731-9a41-b2c54969004c,35,26-35,Female,Europe,Mobile,Basic,8.99,107.88,Crypto,2,Horror,5.61,0.3,Medium,18,Active,1,Churned,8.99
6a99ebb0-cc9f-45ab-b6e9-4791602ae7c4,35,26-35,Female,Europe,Tablet,Standard,13.99,167.88,Debit Card,2,Drama,3.26,0.08,Low,39,At Risk,1,Churned,13.99
59711c93-38ef-47c5-b728-42fa302cacd0,42,36-45,Female,Oceania,TV,Standard,13.99,167.88,Debit Card,3,Action,3.67,0.26,Medium,13,Active,1,Churned,13.99
bb67998e-4ac1-45da-b7ca-605ec973e5fe,24,18-25,Male,Asia,Tablet,Premium,17.99,215.88,Crypto,5,Documentary,1.12,0.02,Low,55,At Risk,1,Churned,17.99
32c0a4d8-3699-4f09-907b-5f303f8274c1,38,36-45,Female,Oceania,Desktop,Premium,17.99,215.88,Crypto,2,Action,15.94,0.29,Medium,54,At Risk,1,Churned,17.99
e090df54-097b-4e77-87c0-f9e8a965c013,26,26-35,Other,Africa,Laptop,Premium,17.99,215.88,Crypto,5,Sci-Fi,8.32,0.17,Medium,48,At Risk,1,Churned,17.99
ffb75258-7e17-4433-86eb-cca51e35b5de,65,56+,Female,Europe,Tablet,Premium,17.99,215.88,Crypto,2,Horror,22.68,0.55,High,40,At Risk,0,Retained,0.0
b26a4921-90b8-4360-8834-fad7a130bfb4,24,18-25,Male,Europe,Tablet,Premium,17.99,215.88,PayPal,3,Sci-Fi,0.58,0.01,Low,57,At Risk,1,Churned,17.99
a539900a-d75e-4437-865c-59d6ba1df7f5,56,56+,Other,Asia,Laptop,Basic,8.99,107.88,PayPal,2,Drama,11.81,0.79,High,14,Active,0,Retained,0.0
eaf0471b-e553-4302-a1aa-cf3284f3a3a9,34,26-35,Female,Asia,Mobile,Basic,8.99,107.88,PayPal,4,Action,0.95,0.02,Low,44,At Risk,1,Churned,8.99
60fddd3f-fcdd-4d60-9195-d733c67449a0,26,26-35,Female,Asia,Laptop,Premium,17.99,215.88,Debit Card,4,Sci-Fi,0.67,0.07,Low,8,Active,0,Retained,0.0
38af7deb-8836-4d80-a9fb-01540432a8b3,56,56+,Other,Asia,TV,Premium,17.99,215.88,Debit Card,5,Action,3.67,0.18,Medium,19,Active,0,Retained,0.0
5826ee1b-74c4-4180-bfd3-f486446f0023,57,56+,Female,Asia,TV,Standard,13.99,167.88,Gift Card,4,Comedy,16.97,0.3,Medium,55,At Risk,1,Churned,13.99
ccfcd4b9-a541-4751-abb4-571a84c4770c,54,46-55,Other,Africa,Tablet,Standard,13.99,167.88,Gift Card,3,Romance,8.61,0.72,High,11,Active,0,Retained,0.0
31673a23-132a-46a7-b029-975ac1465c50,48,46-55,Male,Africa,Laptop,Premium,17.99,215.88,Credit Card,4,Documentary,4.15,0.08,Low,53,At Risk,1,Churned,17.99
8c4c751f-f5a4-4ac7-877d-1158db922567,38,36-45,Female,Europe,Mobile,Basic,8.99,107.88,Crypto,3,Drama,6.63,0.27,Medium,24,At Risk,1,Churned,8.99
90e5aae2-d9c9-4271-afb7-5e4b799ddaa6,70,56+,Female,Asia,TV,Basic,8.99,107.88,Crypto,2,Comedy,13.01,0.39,Medium,32,At Risk,1,Churned,8.99
094c8ee8-4143-4ebf-9ed3-1ad255f30ef5,53,46-55,Female,Asia,Laptop,Standard,13.99,167.88,Credit Card,2,Romance,20.82,1.49,High,13,Active,0,Retained,0.0
c7429be0-64d2-4995-a915-e1250fbe94ec,48,46-55,Female,North America,Tablet,Premium,17.99,215.88,Credit Card,4,Action,5.85,1.46,High,3,Active,0,Retained,0.0
43359fac-cb1f-4e7e-ae5c-990d96bd2200,63,56+,Female,Asia,Laptop,Basic,8.99,107.88,Crypto,4,Sci-Fi,8.83,0.63,High,13,Active,0,Retained,0.0
83404a73-33c4-4297-a97c-8a146155e477,67,56+,Female,North America,Mobile,Premium,17.99,215.88,Gift Card,2,Horror,31.33,1.04,High,29,At Risk,0,Retained,0.0
2c06953e-4bc1-42f4-8769-813f8f36b530,54,46-55,Other,Asia,Desktop,Basic,8.99,107.88,Crypto,1,Comedy,0.5,0.01,Low,54,At Risk,1,Churned,8.99
9797381e-3100-410c-8d84-6145bc723595,59,56+,Male,Africa,Mobile,Premium,17.99,215.88,Debit Card,3,Horror,8.39,0.14,Low,59,At Risk,1,Churned,17.99
32b9cb76-87c9-48c7-a73a-293d09c61937,22,18-25,Other,Africa,TV,Basic,8.99,107.88,Credit Card,1,Comedy,18.39,0.41,Medium,44,At Risk,1,Churned,8.99
ab376d84-3616-480d-b4eb-49efee6f2837,24,18-25,Female,Asia,Mobile,Basic,8.99,107.88,Debit Card,4,Comedy,12.03,0.41,Medium,28,At Risk,0,Retained,0.0
25fd1786-ff5a-45fc-bb97-0ab5ba25bbd4,69,56+,Female,South America,Mobile,Basic,8.99,107.88,PayPal,1,Drama,0.64,0.03,Low,21,At Risk,1,Churned,8.99
fcc3fddc-5adf-4ff0-9e0e-c84a424d2070,24,18-25,Female,South America,TV,Standard,13.99,167.88,PayPal,5,Sci-Fi,3.9,0.12,Low,32,At Risk,1,Churned,13.99
73afe00b-3f93-4cd4-b71f-161f6da7d9a8,64,56+,Other,South America,TV,Basic,8.99,107.88,Debit Card,5,Documentary,4.86,0.14,Low,33,At Risk,1,Churned,8.99
9f5ad18c-d0a8-4ba0-b642-fa94801265f6,57,56+,Female,Asia,Desktop,Premium,17.99,215.88,Crypto,5,Documentary,28.21,14.11,High,1,Active,0,Retained,0.0
3e8c2562-a487-4d89-a1d8-3fdc53caf638,45,36-45,Other,Asia,Mobile,Basic,8.99,107.88,PayPal,3,Comedy,10.01,0.21,Medium,46,At Risk,1,Churned,8.99
63424808-052e-4e93-a382-1bc16302c1cd,34,26-35,Female,North America,Laptop,Basic,8.99,107.88,Gift Card,4,Action,4.45,0.07,Low,60,At Risk,1,Churned,8.99
704f903b-21e4-4101-8321-58d705089b06,18,18-25,Female,Asia,TV,Premium,17.99,215.88,Crypto,2,Romance,33.81,5.64,High,5,Active,0,Retained,0.0
7ab6446a-575b-4875-ab7a-79bd93c17a64,21,18-25,Other,South America,Desktop,Premium,17.99,215.88,Debit Card,1,Action,9.85,0.18,Medium,54,At Risk,1,Churned,17.99
ac7b5aa4-5c89-4616-926f-1b8919909d63,63,56+,Female,Asia,Mobile,Standard,13.99,167.88,Credit Card,5,Romance,6.37,0.13,Low,48,At Risk,0,Retained,0.0
c1d2a88a-570a-4de1-8313-46284c224bee,23,18-25,Other,Africa,TV,Standard,13.99,167.88,Gift Card,2,Documentary,24.23,0.46,Medium,52,At Risk,0,Retained,0.0
45ea1095-e06b-4a1c-a0b7-c3671c9f006a,57,56+,Other,Europe,Tablet,Basic,8.99,107.88,PayPal,2,Sci-Fi,52.8,52.8,High,0,Active,0,Retained,0.0
2e46a8d4-de1a-4340-9c8f-215dc059df43,63,56+,Other,Europe,Tablet,Basic,8.99,107.88,PayPal,4,Drama,15.77,5.26,High,2,Active,0,Retained,0.0
a1fceb9a-0b93-4ab1-8cc5-987d5ec80234,69,56+,Other,North America,TV,Basic,8.99,107.88,PayPal,1,Action,13.94,0.42,Medium,32,At Risk,1,Churned,8.99
054b7510-54c8-48f4-bd06-8e2ba58cbd51,64,56+,Female,North America,Laptop,Standard,13.99,167.88,Debit Card,4,Documentary,2.56,0.64,High,3,Active,0,Retained,0.0
4a349095-f180-4dbf-981e-94a275412847,65,56+,Male,Asia,Laptop,Standard,13.99,167.88,Debit Card,2,Horror,1.55,0.78,High,1,Active,0,Retained,0.0
1af70b1b-d756-415f-a5b4-3861139559d8,32,26-35,Female,South America,Mobile,Premium,17.99,215.88,Crypto,1,Comedy,4.46,0.11,Low,40,At Risk,1,Churned,17.99
6b9ce9b4-316f-4e82-a0b9-127441795232,53,46-55,Male,Europe,Desktop,Premium,17.99,215.88,Credit Card,3,Action,7.98,0.38,Medium,20,Active,0,Retained,0.0
0d7ac1da-194d-4844-a919-6bfec0989d14,23,18-25,Other,Asia,Laptop,Standard,13.99,167.88,Gift Card,4,Action,9.6,0.17,Medium,54,At Risk,1,Churned,13.99
760b70e5-2135-4106-bf18-2df119411aa4,28,26-35,Female,Europe,Tablet,Premium,17.99,215.88,Crypto,1,Horror,3.16,0.35,Medium,8,Active,1,Churned,17.99
2a0fdbe4-588b-40fe-ba75-19cebe31bea8,69,56+,Other,Oceania,Laptop,Premium,17.99,215.88,Debit Card,2,Drama,1.85,0.05,Low,33,At Risk,1,Churned,17.99
53c38b09-0edc-4eaa-b83f-d8227eb19850,21,18-25,Other,Asia,Laptop,Standard,13.99,167.88,Crypto,1,Sci-Fi,14.71,1.23,High,11,Active,0,Retained,0.0
825bd557-2be9-4aca-a8d1-eb8a5f1bb037,29,26-35,Female,Europe,Mobile,Premium,17.99,215.88,PayPal,2,Drama,0.19,0.0,Low,54,At Risk,1,Churned,17.99
e2975ec5-cdb8-43d8-803a-1ebba615cf15,21,18-25,Male,North America,Laptop,Premium,17.99,215.88,Debit Card,5,Sci-Fi,20.0,0.87,High,22,At Risk,0,Retained,0.0
820d7eb0-d64e-4e70-839a-ec9db5bf1969,32,26-35,Male,South America,Mobile,Basic,8.99,107.88,PayPal,2,Romance,12.51,0.4,Medium,30,At Risk,0,Retained,0.0
14f4e734-af4b-4566-9b26-a78985629df6,47,46-55,Male,North America,TV,Standard,13.99,167.88,Debit Card,1,Action,26.18,2.91,High,8,Active,0,Retained,0.0
9e80b9c8-a0b6-48bf-a0c6-44a0bb9a2fd4,66,56+,Male,Oceania,Tablet,Standard,13.99,167.88,Debit Card,1,Action,12.19,0.49,Medium,24,At Risk,0,Retained,0.0
8c6cf0c3-b47d-4935-8973-e2a6de582b1c,60,56+,Male,Europe,Tablet,Basic,8.99,107.88,Gift Card,3,Drama,17.3,0.47,Medium,36,At Risk,1,Churned,8.99
00aa6c2a-b291-411e-b240-202fea9bf417,18,18-25,Male,Asia,Laptop,Premium,17.99,215.88,Credit Card,4,Action,17.83,0.47,Medium,37,At Risk,0,Retained,0.0
dc13c828-eda9-45c8-909b-cb84e3b0b8fb,46,46-55,Male,Asia,Desktop,Basic,8.99,107.88,Credit Card,5,Action,7.08,0.29,Medium,23,At Risk,0,Retained,0.0
936b242f-90a4-4a2b-a846-12c531c67df2,25,18-25,Male,Africa,Desktop,Premium,17.99,215.88,PayPal,2,Horror,22.64,1.51,High,14,Active,0,Retained,0.0
ec765c0b-cd27-4e30-b514-9509f020f439,51,46-55,Male,South America,Laptop,Basic,8.99,107.88,Credit Card,1,Romance,26.04,2.89,High,8,Active,0,Retained,0.0
686ac4a2-1ff7-45dc-82a3-e28d5333190b,39,36-45,Female,South America,Desktop,Premium,17.99,215.88,Debit Card,1,Documentary,12.07,0.75,High,15,Active,0,Retained,0.0
b622cc96-c02c-4990-bba5-d27f32558b77,69,56+,Male,Europe,TV,Basic,8.99,107.88,Credit Card,4,Romance,6.06,0.2,Medium,30,At Risk,0,Retained,0.0
6e13c94b-65dd-4b6b-b353-aa5382a88546,55,46-55,Female,Oceania,Laptop,Basic,8.99,107.88,PayPal,1,Drama,24.21,0.67,High,35,At Risk,0,Retained,0.0
c03d3d6b-a16d-4b1d-bf07-788f0372cec5,20,18-25,Other,South America,Tablet,Standard,13.99,167.88,Gift Card,4,Sci-Fi,3.19,0.06,Low,53,At Risk,1,Churned,13.99
7a1d3b12-9be6-46eb-baa5-51803a0a4f10,20,18-25,Male,Europe,Desktop,Premium,17.99,215.88,Debit Card,1,Horror,39.85,1.48,High,26,At Risk,0,Retained,0.0
0decc7ea-dece-4638-83c8-b1df7e1e54d2,31,26-35,Other,South America,TV,Standard,13.99,167.88,Crypto,4,Documentary,31.29,3.13,High,9,Active,0,Retained,0.0
89c2cbb3-f9a7-4eb1-86c3-c5488a62490e,18,18-25,Female,South America,Mobile,Standard,13.99,167.88,Credit Card,4,Horror,11.81,1.18,High,9,Active,0,Retained,0.0
9e99bc5e-ff55-4cae-8611-2ce51687be6a,58,56+,Other,Oceania,Tablet,Basic,8.99,107.88,Credit Card,2,Comedy,6.1,0.23,Medium,26,At Risk,0,Retained,0.0
99b76135-94d0-48e6-9ac7-ada314cc1ad1,37,36-45,Other,South America,Tablet,Premium,17.99,215.88,Debit Card,5,Drama,26.5,2.04,High,12,Active,0,Retained,0.0
225699c5-8b55-456f-95e3-7a5780ffac0a,23,18-25,Male,North America,Laptop,Standard,13.99,167.88,PayPal,3,Sci-Fi,10.77,0.45,Medium,23,At Risk,0,Retained,0.0
e969d3a9-a455-455f-9be8-38e701b1f653,46,46-55,Female,Africa,Tablet,Standard,13.99,167.88,Gift Card,5,Comedy,4.68,0.39,Medium,11,Active,1,Churned,13.99
96de19f9-6aa8-493d-af89-56dbf25535c7,22,18-25,Male,North America,Desktop,Standard,13.99,167.88,Debit Card,1,Action,17.8,0.32,Medium,54,At Risk,1,Churned,13.99
7cdc323f-67af-48e2-b15b-3e94cf19681f,36,36-45,Other,Europe,Desktop,Standard,13.99,167.88,Gift Card,1,Sci-Fi,2.79,0.25,Medium,10,Active,1,Churned,13.99
fef36da3-13ae-416d-9e67-cfebe1220e24,51,46-55,Female,Europe,TV,Premium,17.99,215.88,Gift Card,1,Sci-Fi,8.6,0.86,High,9,Active,0,Retained,0.0
2a1b3474-38d6-4ca0-8c57-b10eaae5e250,60,56+,Other,Oceania,TV,Standard,13.99,167.88,Gift Card,3,Romance,4.57,0.07,Low,60,At Risk,1,Churned,13.99
d7ec3b35-329b-4ea1-b9d7-8e8da1ae05bc,37,36-45,Male,North America,Tablet,Standard,13.99,167.88,Crypto,5,Romance,2.43,0.35,Medium,6,Active,0,Retained,0.0
38d2d2ab-e9ce-43d7-97bc-c6a2a3d37276,55,46-55,Male,North America,Laptop,Standard,13.99,167.88,PayPal,4,Horror,43.73,1.51,High,28,At Risk,0,Retained,0.0
b9be612d-c7cc-411f-afac-093196f87239,22,18-25,Male,South America,TV,Premium,17.99,215.88,PayPal,3,Sci-Fi,21.47,0.41,Medium,51,At Risk,0,Retained,0.0
798c452b-e7e0-48f3-a908-4f639ac8e614,18,18-25,Other,South America,Laptop,Premium,17.99,215.88,Debit Card,4,Romance,16.89,0.5,Medium,33,At Risk,0,Retained,0.0
744ddc65-15bd-4ea4-abe0-e6c0e760796f,46,46-55,Male,South America,TV,Premium,17.99,215.88,PayPal,5,Action,2.96,0.09,Low,33,At Risk,1,Churned,17.99
f9436f14-5021-4177-9206-b79da434105c,49,46-55,Other,Africa,Tablet,Premium,17.99,215.88,Gift Card,1,Comedy,22.29,1.11,High,19,Active,0,Retained,0.0
dccfb706-58be-4f82-9f92-b806781953e0,23,18-25,Male,Oceania,Tablet,Basic,8.99,107.88,PayPal,2,Drama,10.37,0.33,Medium,30,At Risk,0,Retained,0.0
9c9899e3-1edf-4b8b-9c6d-ceedbc530a70,24,18-25,Female,Oceania,Tablet,Basic,8.99,107.88,Gift Card,2,Action,21.04,1.91,High,10,Active,0,Retained,0.0
19e566a9-a789-4194-92eb-1a06b989a8d5,31,26-35,Other,Oceania,TV,Standard,13.99,167.88,Gift Card,5,Drama,8.02,0.28,Medium,28,At Risk,0,Retained,0.0
c9f95e61-e079-477f-99b1-1136a2495e2f,66,56+,Female,South America,Laptop,Standard,13.99,167.88,Gift Card,3,Action,18.96,2.71,High,6,Active,0,Retained,0.0
3bea04a9-f8bc-4696-b3bb-60ebd979b047,65,56+,Other,South America,Mobile,Basic,8.99,107.88,Debit Card,5,Sci-Fi,15.79,0.69,High,22,At Risk,0,Retained,0.0
23a70fc2-9249-43b1-bef3-ea3121bcc6d4,64,56+,Other,Asia,Mobile,Basic,8.99,107.88,Credit Card,1,Comedy,15.26,0.31,Medium,48,At Risk,1,Churned,8.99
46f6a6ef-156a-4979-892f-f6912d017577,29,26-35,Female,Asia,Mobile,Basic,8.99,107.88,Debit Card,4,Horror,0.36,0.09,Low,3,Active,1,Churned,8.99
f426cb2e-e7cc-4571-bedf-ab5972f5ec5e,55,46-55,Female,North America,Mobile,Premium,17.99,215.88,Debit Card,5,Sci-Fi,20.71,2.59,High,7,Active,0,Retained,0.0
0017c041-a14b-4780-9d9a-7a99558a0768,62,56+,Male,Europe,TV,Basic,8.99,107.88,PayPal,2,Romance,11.99,1.5,High,7,Active,0,Retained,0.0
702a602e-e109-4038-b50b-e599b4d7b76f,59,56+,Female,Oceania,TV,Basic,8.99,107.88,Debit Card,3,Romance,0.75,0.11,Low,6,Active,1,Churned,8.99
8bbf6861-d17e-4548-bf18-f7f295ce59dd,55,46-55,Other,South America,Mobile,Standard,13.99,167.88,Gift Card,2,Comedy,3.19,0.07,Low,45,At Risk,1,Churned,13.99
5673adfa-c739-4dbb-b371-fd1f3eaeb562,52,46-55,Male,North America,TV,Premium,17.99,215.88,Debit Card,4,Action,1.92,1.92,High,0,Active,0,Retained,0.0
7ff1a77b-f219-42d5-97cd-279306d9c7bc,26,26-35,Male,South America,Laptop,Basic,8.99,107.88,Credit Card,5,Drama,2.04,0.03,Low,59,At Risk,1,Churned,8.99
fbd594ee-94ca-41dd-ac59-144c2ceb26c3,25,18-25,Male,Europe,TV,Standard,13.99,167.88,Gift Card,4,Horror,30.99,0.58,High,52,At Risk,0,Retained,0.0
8095be8a-3220-40ec-a3ad-6bbc2aee0cc9,33,26-35,Other,South America,Tablet,Basic,8.99,107.88,Debit Card,3,Drama,20.06,0.61,High,32,At Risk,0,Retained,0.0
17f2ec1d-c875-43da-9307-7012fa87236c,40,36-45,Female,Europe,Mobile,Premium,17.99,215.88,PayPal,4,Action,3.91,0.07,Low,53,At Risk,1,Churned,17.99
d694ed01-7f0c-40af-8749-f22aa8dd2ffa,55,46-55,Other,South America,Mobile,Premium,17.99,215.88,Gift Card,2,Romance,1.98,0.08,Low,25,At Risk,1,Churned,17.99
33624a15-18f7-4ffc-9315-f18f25909579,67,56+,Female,Africa,Laptop,Basic,8.99,107.88,Credit Card,5,Drama,5.74,2.87,High,1,Active,0,Retained,0.0
c76f1318-9857-4514-8548-3cd20a91f650,62,56+,Female,North America,Mobile,Basic,8.99,107.88,Credit Card,5,Comedy,1.04,0.06,Low,16,Active,1,Churned,8.99
68afcc40-9bb4-4903-a7ce-3c64492794f6,69,56+,Female,South America,Laptop,Standard,13.99,167.88,Gift Card,3,Comedy,3.47,0.06,Low,58,At Risk,1,Churned,13.99
6bcde048-341c-45ac-98f5-4d14cb9833fb,53,46-55,Female,South America,Mobile,Premium,17.99,215.88,PayPal,4,Sci-Fi,10.75,0.22,Medium,48,At Risk,0,Retained,0.0
a21b6747-ba7f-45cf-aac1-1356acb9c8ae,20,18-25,Male,Asia,Mobile,Basic,8.99,107.88,Gift Card,2,Romance,14.05,1.08,High,12,Active,0,Retained,0.0
11d62c4f-c1a0-4356-80eb-394f38d17efe,60,56+,Male,South America,Desktop,Premium,17.99,215.88,Credit Card,1,Documentary,10.71,0.2,Medium,53,At Risk,1,Churned,17.99
b41e00a2-10d7-46ae-a151-2cc315df1c34,56,56+,Other,Oceania,Desktop,Basic,8.99,107.88,Gift Card,1,Romance,4.78,0.09,Low,51,At Risk,1,Churned,8.99
2f6ecf7c-ed0c-4011-8d13-90edf44b305d,65,56+,Other,Asia,Mobile,Premium,17.99,215.88,Gift Card,2,Drama,4.11,0.1,Low,41,At Risk,1,Churned,17.99
f83a42d7-d5e6-4e72-ad56-651f51927aca,67,56+,Male,Europe,TV,Basic,8.99,107.88,PayPal,2,Sci-Fi,6.47,0.13,Low,47,At Risk,1,Churned,8.99
8ff31276-200d-4aec-b2e0-6a25c12c51e1,58,56+,Other,South America,Mobile,Basic,8.99,107.88,PayPal,1,Romance,10.29,0.38,Medium,26,At Risk,1,Churned,8.99
2649f2e5-179f-4ae9-8280-0dd4aadb0676,65,56+,Female,Asia,Mobile,Basic,8.99,107.88,Debit Card,5,Documentary,10.17,0.51,Medium,19,Active,0,Retained,0.0
dea362ed-393f-43b1-aaff-5195d91b0716,63,56+,Female,Europe,TV,Basic,8.99,107.88,Credit Card,1,Romance,22.9,1.91,High,11,Active,0,Retained,0.0
414e2477-5a33-4de3-9f34-d375ccd27a80,38,36-45,Other,South America,TV,Premium,17.99,215.88,Gift Card,2,Drama,8.36,4.18,High,1,Active,0,Retained,0.0
0627fc98-d9f7-49b9-a4cf-fd0b49f4e4d0,31,26-35,Male,Africa,Laptop,Basic,8.99,107.88,PayPal,4,Sci-Fi,11.96,1.71,High,6,Active,0,Retained,0.0
05bf2a9f-e720-4d01-8ef5-9110d6fca724,23,18-25,Other,Europe,Tablet,Standard,13.99,167.88,Crypto,2,Horror,3.04,0.06,Low,48,At Risk,1,Churned,13.99
819a1e55-0a4e-4467-92b3-74936dc87ecd,27,26-35,Female,Africa,Mobile,Standard,13.99,167.88,Gift Card,3,Documentary,0.21,0.0,Low,44,At Risk,1,Churned,13.99
d667d8ed-686c-4d78-b93e-ad2bab070d4a,46,46-55,Female,Europe,Mobile,Basic,8.99,107.88,PayPal,4,Documentary,5.62,0.1,Low,58,At Risk,1,Churned,8.99
fc8a1ff7-4c98-4ebd-a0cc-0fd7bb0bf243,62,56+,Male,Africa,Desktop,Basic,8.99,107.88,Crypto,1,Romance,14.73,0.61,High,23,At Risk,0,Retained,0.0
1c1a7d6e-6ca7-4b92-9ca2-8497547c5ba1,25,18-25,Female,Africa,Laptop,Basic,8.99,107.88,Debit Card,1,Horror,21.23,1.93,High,10,Active,0,Retained,0.0
3d90379c-6a89-4764-803b-b958c1a4e37a,24,18-25,Female,Africa,Mobile,Premium,17.99,215.88,Gift Card,4,Drama,0.65,0.02,Low,34,At Risk,1,Churned,17.99
8779474b-9c48-4042-ae79-b30c1e583e5d,18,18-25,Other,South America,Desktop,Premium,17.99,215.88,PayPal,2,Drama,17.01,0.39,Medium,43,At Risk,1,Churned,17.99
d2538457-5b62-41a2-98c7-4b3b8e570a97,45,36-45,Female,Europe,Mobile,Premium,17.99,215.88,Credit Card,4,Documentary,15.57,0.62,High,24,At Risk,0,Retained,0.0
d35e9995-4a42-438c-a56f-dff2e9acc65e,39,36-45,Other,South America,Desktop,Basic,8.99,107.88,Credit Card,5,Documentary,1.28,0.03,Low,39,At Risk,1,Churned,8.99
66d3a92b-4c35-46e6-bf15-cb673be2aee2,27,26-35,Male,South America,Desktop,Premium,17.99,215.88,PayPal,2,Horror,2.95,0.1,Low,30,At Risk,1,Churned,17.99
5dd447db-64ce-4b28-b902-9ca4fa896a61,33,26-35,Female,Asia,Laptop,Basic,8.99,107.88,Crypto,4,Action,21.76,0.64,High,33,At Risk,0,Retained,0.0
78d39da7-c35a-4a24-a6a2-dcf5627f84f1,57,56+,Male,Oceania,Laptop,Premium,17.99,215.88,Gift Card,1,Horror,16.85,0.5,Medium,33,At Risk,1,Churned,17.99
8fecb4d8-9571-46f5-8773-da640a6481bc,32,26-35,Male,Asia,Laptop,Premium,17.99,215.88,Crypto,5,Horror,19.63,1.03,High,18,Active,0,Retained,0.0
7d3f0d0b-9acd-4f21-88ae-3801eba6cd8b,42,36-45,Female,Oceania,Mobile,Basic,8.99,107.88,Crypto,4,Horror,23.89,1.26,High,18,Active,0,Retained,0.0
a893ce7f-c8bc-427a-b89d-206a94d5a33a,63,56+,Female,South America,Laptop,Basic,8.99,107.88,PayPal,2,Romance,2.95,0.07,Low,41,At Risk,1,Churned,8.99
23b6e829-8591-490b-b518-20b451b14bb1,61,56+,Other,Oceania,Tablet,Basic,8.99,107.88,Gift Card,2,Horror,30.44,0.5,Medium,60,At Risk,0,Retained,0.0
d16ade89-0f8a-447e-b492-db632a54e02b,67,56+,Male,North America,Desktop,Premium,17.99,215.88,Debit Card,1,Action,4.77,0.15,Low,30,At Risk,1,Churned,17.99
713434a0-cfc8-456f-b17e-2f35e330560f,46,46-55,Other,Asia,Mobile,Standard,13.99,167.88,Credit Card,3,Drama,20.57,0.47,Medium,43,At Risk,0,Retained,0.0
d3b99f7e-d0ac-4199-8813-91665f16b3fb,23,18-25,Female,North America,Mobile,Premium,17.99,215.88,PayPal,5,Romance,4.03,1.01,High,3,Active,0,Retained,0.0
9f79dcf6-1ff7-4605-b82c-36cd49b06dd2,60,56+,Other,Asia,Desktop,Standard,13.99,167.88,Debit Card,1,Romance,12.66,0.97,High,12,Active,0,Retained,0.0
e13622fa-d0b3-44c6-b157-38f7a6933d87,58,56+,Female,Asia,Laptop,Basic,8.99,107.88,Gift Card,1,Documentary,11.16,0.35,Medium,31,At Risk,1,Churned,8.99
45c38646-4908-4075-b81d-b90b507bdc9b,50,46-55,Other,South America,TV,Standard,13.99,167.88,PayPal,4,Romance,31.24,3.47,High,8,Active,0,Retained,0.0
ceae0c44-3af1-464c-98de-82c6c0a19ae2,35,26-35,Other,Europe,Laptop,Premium,17.99,215.88,Credit Card,5,Sci-Fi,3.63,0.06,Low,57,At Risk,1,Churned,17.99
35fd09b4-e9f0-4d81-9839-c48198d46cf2,18,18-25,Female,South America,Tablet,Basic,8.99,107.88,Crypto,1,Romance,5.19,0.14,Low,37,At Risk,1,Churned,8.99
92b89aae-d3d2-4715-b669-4634124a6444,62,56+,Male,Europe,Tablet,Basic,8.99,107.88,Gift Card,2,Horror,9.89,1.24,High,7,Active,0,Retained,0.0
062c9b99-d361-4c0e-b1dd-507fdd20b1e7,55,46-55,Male,Europe,Desktop,Basic,8.99,107.88,Credit Card,4,Sci-Fi,3.83,0.13,Low,28,At Risk,1,Churned,8.99
ccde27c7-ce46-4ad9-a8b4-8b2e100c2fa1,53,46-55,Male,Asia,Laptop,Standard,13.99,167.88,PayPal,4,Romance,3.65,1.22,High,2,Active,0,Retained,0.0
cc5f3372-1199-4095-b04e-5d731f75390e,27,26-35,Female,North America,Laptop,Premium,17.99,215.88,Debit Card,5,Comedy,1.29,0.06,Low,22,At Risk,0,Retained,0.0
8ea1e41b-df4c-4d34-bb14-d0b5eff7b1e9,56,56+,Other,North America,Mobile,Standard,13.99,167.88,Debit Card,1,Comedy,19.59,0.82,High,23,At Risk,0,Retained,0.0
771523c2-478a-4251-bf5c-8a002d31b068,51,46-55,Other,North America,TV,Premium,17.99,215.88,Crypto,3,Comedy,4.52,0.08,Low,59,At Risk,1,Churned,17.99
4d3b2dc9-926d-4822-bb9d-93eb38181f03,58,56+,Female,Asia,TV,Basic,8.99,107.88,Debit Card,3,Romance,17.27,2.47,High,6,Active,0,Retained,0.0
f77b7449-0c29-440f-a2c0-67cd766eb69b,54,46-55,Other,Africa,Tablet,Basic,8.99,107.88,Gift Card,4,Action,12.9,0.26,Medium,48,At Risk,1,Churned,8.99
0c3d6cf4-03ef-4bdc-90c2-4219f71d505a,38,36-45,Other,Africa,Desktop,Standard,13.99,167.88,Gift Card,5,Comedy,18.33,0.83,High,21,At Risk,0,Retained,0.0
c7e0f909-6796-452d-a3fd-dc07966ec853,21,18-25,Male,Africa,TV,Basic,8.99,107.88,PayPal,2,Horror,10.77,0.43,Medium,24,At Risk,0,Retained,0.0
c8a3fc80-5146-415e-b463-45b56f4a9c14,40,36-45,Male,North America,Desktop,Basic,8.99,107.88,Crypto,1,Romance,5.11,0.57,High,8,Active,0,Retained,0.0
f86bf906-2201-4800-8413-fba4e4e8ae50,59,56+,Male,North America,Tablet,Basic,8.99,107.88,Credit Card,2,Sci-Fi,0.5,0.01,Low,60,At Risk,1,Churned,8.99
59ddcb4d-d232-4415-a32e-7c13d1b268f5,62,56+,Female,Asia,Tablet,Premium,17.99,215.88,PayPal,4,Action,33.77,1.06,High,31,At Risk,0,Retained,0.0
7016829c-88f3-4821-9fc1-ce5343e53906,31,26-35,Female,Oceania,Laptop,Premium,17.99,215.88,Crypto,3,Drama,1.02,0.03,Low,39,At Risk,1,Churned,17.99
8590233c-8a03-4da7-b235-d889a4ba10a7,27,26-35,Other,Africa,Mobile,Premium,17.99,215.88,Crypto,3,Romance,30.11,7.53,High,3,Active,0,Retained,0.0
b444d608-a7ec-4a3d-b25b-e182bde9cdca,51,46-55,Male,North America,Desktop,Premium,17.99,215.88,Debit Card,2,Romance,7.8,0.13,Low,59,At Risk,1,Churned,17.99
70c22bdb-e226-4a53-b2da-5f00c9873c5c,47,46-55,Other,Oceania,Mobile,Basic,8.99,107.88,Crypto,4,Drama,3.64,0.23,Medium,15,Active,1,Churned,8.99
e5d91451-1d12-4a01-a042-87b0f22cc66b,42,36-45,Male,Asia,Desktop,Premium,17.99,215.88,Debit Card,4,Comedy,16.37,0.36,Medium,45,At Risk,0,Retained,0.0
a6d3a561-5aff-4eb2-b18a-60064af4a2c4,60,56+,Other,South America,TV,Standard,13.99,167.88,Crypto,3,Horror,3.29,0.06,Low,50,At Risk,1,Churned,13.99
391709dc-2122-409e-9e2c-0bcf6f96d131,19,18-25,Male,Asia,Laptop,Premium,17.99,215.88,PayPal,4,Horror,1.98,0.07,Low,26,At Risk,0,Retained,0.0
2995e5e8-b8e9-40d6-b211-a261528128d7,61,56+,Male,Europe,Laptop,Premium,17.99,215.88,Gift Card,3,Sci-Fi,5.31,0.2,Medium,25,At Risk,0,Retained,0.0
a1b7828b-5601-4a18-b19c-fe7268dd5a15,68,56+,Female,Oceania,Tablet,Premium,17.99,215.88,Gift Card,5,Comedy,41.2,1.33,High,30,At Risk,0,Retained,0.0
49b003fa-4997-4af1-90e2-c4f8ee1f1779,44,36-45,Male,Africa,Tablet,Standard,13.99,167.88,PayPal,3,Drama,1.05,0.06,Low,18,Active,1,Churned,13.99
30b72525-6af0-428b-a8d9-7451d407f3b9,46,46-55,Male,Europe,Desktop,Premium,17.99,215.88,Credit Card,5,Action,30.92,1.93,High,15,Active,0,Retained,0.0
c5012664-e999-48d6-ba20-5a7c51f6f262,30,26-35,Other,North America,Laptop,Basic,8.99,107.88,Gift Card,1,Documentary,14.06,0.28,Medium,50,At Risk,1,Churned,8.99
fc1176e6-bf27-4f67-989e-2bb32af87eb5,60,56+,Other,Europe,Mobile,Basic,8.99,107.88,Credit Card,2,Drama,0.27,0.01,Low,35,At Risk,1,Churned,8.99
05e3ec87-8fbd-43ef-aa33-05e871060939,66,56+,Other,North America,Tablet,Premium,17.99,215.88,Credit Card,5,Drama,35.88,1.89,High,18,Active,0,Retained,0.0
e76f0da1-9474-47af-a161-0d2f9a8fda76,48,46-55,Other,Africa,Mobile,Basic,8.99,107.88,Crypto,3,Comedy,17.72,0.77,High,22,At Risk,0,Retained,0.0
ff13f6a1-44b1-4c92-b638-17f63606970b,46,46-55,Other,Oceania,Desktop,Premium,17.99,215.88,Credit Card,4,Documentary,1.76,0.06,Low,28,At Risk,0,Retained,0.0
e9ea338a-e635-4d42-ab37-96de2f5656ad,66,56+,Male,North America,TV,Premium,17.99,215.88,PayPal,1,Drama,30.91,0.59,High,51,At Risk,0,Retained,0.0
ddc99c73-7758-4640-aed3-4e11d1f22150,40,36-45,Male,Asia,Tablet,Basic,8.99,107.88,Debit Card,2,Sci-Fi,1.18,0.03,Low,39,At Risk,1,Churned,8.99
561b865b-5d18-4836-b50e-f40bde688bcf,35,26-35,Female,Africa,Desktop,Basic,8.99,107.88,Crypto,1,Drama,5.0,0.1,Low,48,At Risk,1,Churned,8.99
6c9f98ff-4f0f-4639-85d0-5e401d743a4c,52,46-55,Male,Europe,TV,Basic,8.99,107.88,Credit Card,5,Documentary,0.41,0.01,Low,48,At Risk,1,Churned,8.99
bf6a8e72-8dbc-4f8c-8e6e-77f94994af64,24,18-25,Male,South America,Mobile,Standard,13.99,167.88,Gift Card,2,Comedy,8.96,0.26,Medium,34,At Risk,1,Churned,13.99
2f4ee00e-a84b-43e8-bb6d-64c48d0ce757,46,46-55,Other,Oceania,Tablet,Premium,17.99,215.88,Credit Card,1,Drama,7.86,0.71,High,10,Active,0,Retained,0.0
d727f89d-d107-459c-a343-4c7c59015831,30,26-35,Female,Europe,TV,Standard,13.99,167.88,Crypto,5,Drama,1.21,0.08,Low,14,Active,1,Churned,13.99
101b4ce6-b2f8-41ab-b6f4-2a3ed4dba3eb,36,36-45,Female,Europe,Desktop,Basic,8.99,107.88,Debit Card,4,Action,0.05,0.0,Low,25,At Risk,1,Churned,8.99
571a05dc-0525-4962-81b2-e2debf902229,30,26-35,Female,Oceania,Mobile,Basic,8.99,107.88,Credit Card,3,Horror,7.59,0.21,Medium,36,At Risk,1,Churned,8.99
01717096-8d78-4952-8e2a-2b736796d452,26,26-35,Male,South America,Tablet,Basic,8.99,107.88,Gift Card,4,Action,22.41,1.4,High,15,Active,0,Retained,0.0
3d81d442-7bd1-472e-be6c-87d59a39d2d6,46,46-55,Other,Oceania,Tablet,Premium,17.99,215.88,Crypto,5,Action,13.15,0.23,Medium,57,At Risk,1,Churned,17.99
65ff28ce-5167-4737-b5e6-68c27a6a6d8a,19,18-25,Male,Oceania,Desktop,Basic,8.99,107.88,Debit Card,1,Drama,12.3,0.41,Medium,29,At Risk,1,Churned,8.99
235a56c4-10be-43f0-ac08-14a913cd1569,33,26-35,Other,Europe,Mobile,Basic,8.99,107.88,Crypto,3,Action,29.76,0.58,High,50,At Risk,0,Retained,0.0
05b69fb9-1cd4-4eb2-866b-392801328417,21,18-25,Other,Asia,Desktop,Basic,8.99,107.88,Debit Card,1,Horror,18.91,0.51,Medium,36,At Risk,1,Churned,8.99
daa75c56-1674-4ac3-a470-64524a70d5b5,69,56+,Female,North America,Desktop,Standard,13.99,167.88,Gift Card,5,Sci-Fi,5.93,0.15,Low,39,At Risk,1,Churned,13.99
537ac1c5-a609-4780-94eb-517b0e64ae21,30,26-35,Female,Europe,Laptop,Premium,17.99,215.88,Debit Card,5,Drama,1.85,0.31,Medium,5,Active,0,Retained,0.0
373df7a9-5e18-427a-982f-59e95851f9d7,23,18-25,Other,Oceania,Desktop,Basic,8.99,107.88,PayPal,3,Drama,28.57,0.51,Medium,55,At Risk,0,Retained,0.0
aaf5f091-7785-48d1-84e9-fa47bf7525e5,70,56+,Female,South America,Laptop,Basic,8.99,107.88,Crypto,1,Drama,2.46,0.05,Low,53,At Risk,1,Churned,8.99
843f9e04-265c-4f69-8cd8-27f093ec3e0f,62,56+,Male,South America,Mobile,Basic,8.99,107.88,Crypto,5,Documentary,22.77,0.47,Medium,47,At Risk,1,Churned,8.99
61e49860-703a-4a67-82ad-5749094f5dc2,53,46-55,Female,South America,Mobile,Premium,17.99,215.88,PayPal,5,Documentary,2.89,0.13,Low,22,At Risk,0,Retained,0.0
bbe915c1-0aba-4b41-befd-ddb68cdd7b58,63,56+,Other,North America,TV,Premium,17.99,215.88,PayPal,2,Comedy,15.02,1.25,High,11,Active,0,Retained,0.0
e45d6c09-50d4-44ae-b8f3-408bcd74cada,55,46-55,Male,South America,Tablet,Standard,13.99,167.88,Credit Card,1,Comedy,7.28,0.56,High,12,Active,0,Retained,0.0
dfc2c37e-28ec-47db-bfd9-87dce42a6384,62,56+,Female,North America,TV,Standard,13.99,167.88,Crypto,3,Horror,1.62,0.04,Low,37,At Risk,1,Churned,13.99
98b673eb-edbf-4aa3-81d9-b6cb512beb47,21,18-25,Other,Oceania,TV,Premium,17.99,215.88,Debit Card,3,Romance,12.34,0.62,High,19,Active,0,Retained,0.0
9359e195-d2cd-4e6d-acdf-3cc04acb7545,29,26-35,Male,South America,Mobile,Standard,13.99,167.88,PayPal,2,Drama,10.76,0.21,Medium,50,At Risk,1,Churned,13.99
b1990fc7-29ce-4129-a239-b95591db2fe3,22,18-25,Other,Asia,Desktop,Premium,17.99,215.88,Crypto,5,Drama,13.72,0.23,Medium,59,At Risk,1,Churned,17.99
ba8c3b67-e723-4833-8515-1909eb090ffc,28,26-35,Male,Oceania,Laptop,Standard,13.99,167.88,Debit Card,5,Sci-Fi,22.78,1.34,High,16,Active,0,Retained,0.0
fdf173e9-3cc2-4211-ad97-6a89ab4c992d,60,56+,Female,North America,TV,Basic,8.99,107.88,Debit Card,2,Sci-Fi,1.76,0.04,Low,48,At Risk,1,Churned,8.99
b2dabfea-7d61-4505-8d8b-15194d98a3c1,29,26-35,Male,Asia,Tablet,Premium,17.99,215.88,Credit Card,1,Horror,14.85,1.35,High,10,Active,0,Retained,0.0
0a450e9c-d685-4b05-bd36-cb4aab6a21ed,63,56+,Male,Asia,Tablet,Basic,8.99,107.88,Gift Card,3,Horror,0.75,0.02,Low,46,At Risk,1,Churned,8.99
e4e9504a-7d5d-47d9-940d-31817782fc8f,40,36-45,Other,Asia,Laptop,Standard,13.99,167.88,Debit Card,2,Horror,19.15,0.47,Medium,40,At Risk,1,Churned,13.99
20e2e96f-2ac5-4a36-9cfa-9d6738c4e1ee,54,46-55,Other,Europe,TV,Standard,13.99,167.88,Crypto,5,Documentary,5.57,0.1,Low,53,At Risk,1,Churned,13.99
ba93d319-ddd9-4d3e-991a-fdcba85570c3,63,56+,Other,Europe,Tablet,Standard,13.99,167.88,Credit Card,4,Documentary,6.72,0.35,Medium,18,Active,0,Retained,0.0
3ae5e0f7-8bff-4310-b002-0d99213fadad,31,26-35,Other,Europe,Desktop,Basic,8.99,107.88,Gift Card,3,Romance,14.07,0.27,Medium,52,At Risk,1,Churned,8.99
c8a35af6-aa05-410a-85f0-e8ea8e13d69a,26,26-35,Other,South America,Mobile,Standard,13.99,167.88,PayPal,4,Drama,4.86,0.24,Medium,19,Active,0,Retained,0.0
a02f28e9-2264-4b14-b562-3098301b12fd,18,18-25,Female,South America,Tablet,Basic,8.99,107.88,Credit Card,3,Romance,1.82,0.04,Low,46,At Risk,1,Churned,8.99
e3d31a6c-7408-4ad9-a763-ea9a744f27de,28,26-35,Female,North America,Tablet,Standard,13.99,167.88,Debit Card,2,Romance,4.39,0.29,Medium,14,Active,1,Churned,13.99
d642d465-d3dc-4c44-89d0-a93e4cc2f65d,46,46-55,Male,Oceania,TV,Standard,13.99,167.88,Debit Card,5,Horror,3.37,0.18,Medium,18,Active,0,Retained,0.0
dfd1210c-8265-4142-b69e-e4cdb9258776,47,46-55,Male,North America,Laptop,Standard,13.99,167.88,Credit Card,2,Documentary,2.01,0.33,Medium,5,Active,0,Retained,0.0
ad681c74-e812-4922-a966-89fea4750cd4,47,46-55,Male,Africa,Mobile,Basic,8.99,107.88,PayPal,2,Comedy,6.54,0.12,Low,55,At Risk,1,Churned,8.99
9ae480fe-dab2-482a-86cc-d7ad530f7704,29,26-35,Other,Europe,Mobile,Standard,13.99,167.88,Credit Card,4,Romance,4.33,0.17,Medium,25,At Risk,0,Retained,0.0
422b2b02-7b3c-4fbf-b594-6e2914e469c5,70,56+,Other,Africa,TV,Standard,13.99,167.88,Crypto,1,Sci-Fi,32.62,1.21,High,26,At Risk,0,Retained,0.0
6af7638e-274b-40ba-8035-97b8d5181611,26,26-35,Other,Oceania,Tablet,Premium,17.99,215.88,PayPal,2,Romance,11.35,0.3,Medium,37,At Risk,1,Churned,17.99
fd7293ff-a104-4081-b219-8a71ad708cb5,68,56+,Male,Oceania,Laptop,Premium,17.99,215.88,Gift Card,5,Drama,2.34,0.05,Low,44,At Risk,1,Churned,17.99
892594b0-7698-4b09-9093-39ed12e147ae,18,18-25,Female,North America,Laptop,Basic,8.99,107.88,Debit Card,4,Documentary,13.51,0.25,Medium,53,At Risk,1,Churned,8.99
9f356c38-182c-4951-b612-e9412297b50d,18,18-25,Other,Europe,Tablet,Basic,8.99,107.88,Debit Card,1,Action,3.89,0.11,Low,33,At Risk,1,Churned,8.99
63daec73-9ae1-4781-ba06-3950acff9ba6,29,26-35,Female,Africa,TV,Basic,8.99,107.88,Debit Card,5,Romance,8.48,0.21,Medium,39,At Risk,1,Churned,8.99
dfbbbb1b-d847-42c1-920c-2e08ad6b3481,24,18-25,Male,North America,Desktop,Premium,17.99,215.88,Debit Card,4,Sci-Fi,9.02,0.33,Medium,26,At Risk,0,Retained,0.0
7159f13c-01b8-4c3c-8d77-8a60df9e2653,29,26-35,Other,South America,Laptop,Standard,13.99,167.88,Crypto,5,Sci-Fi,53.2,1.06,High,49,At Risk,0,Retained,0.0
8329446c-9c38-459b-b296-59f5f19f2a51,37,36-45,Male,South America,Mobile,Basic,8.99,107.88,Gift Card,4,Romance,4.98,0.16,Low,30,At Risk,1,Churned,8.99
7aeada68-2ac1-4864-8292-82cc19d446da,21,18-25,Other,Europe,Laptop,Premium,17.99,215.88,Gift Card,5,Documentary,4.21,0.13,Low,31,At Risk,1,Churned,17.99
278c548d-ee93-44b9-aeab-dacd67b66291,65,56+,Other,North America,Tablet,Basic,8.99,107.88,Crypto,3,Sci-Fi,16.1,1.46,High,10,Active,0,Retained,0.0
242a83be-25ed-4b50-966e-126fa3bda7d0,44,36-45,Male,Oceania,Laptop,Basic,8.99,107.88,PayPal,3,Drama,4.89,0.14,Low,35,At Risk,1,Churned,8.99
0886815c-00c9-4177-bd6b-86b3d1610606,18,18-25,Other,Europe,Laptop,Premium,17.99,215.88,Debit Card,3,Comedy,7.15,0.72,High,9,Active,0,Retained,0.0
19f96bab-f769-4ade-9add-63dd0769e499,55,46-55,Male,South America,Tablet,Basic,8.99,107.88,Debit Card,4,Comedy,0.12,0.01,Low,22,At Risk,1,Churned,8.99
b586e701-6744-4a21-a4c4-2a434139d2ed,47,46-55,Other,Europe,Mobile,Standard,13.99,167.88,Credit Card,2,Comedy,10.82,0.21,Medium,51,At Risk,1,Churned,13.99
2b17d2bf-926e-4ebf-a591-a9966eed3815,47,46-55,Male,South America,TV,Premium,17.99,215.88,Gift Card,3,Action,2.57,0.04,Low,60,At Risk,1,Churned,17.99
17ec48bb-58d9-4be7-a2d5-ad5f1bd26c9b,36,36-45,Other,Africa,Tablet,Premium,17.99,215.88,PayPal,3,Comedy,2.85,0.18,Medium,15,Active,1,Churned,17.99
c4eb2f57-2a9b-405b-b686-e34aa4c1ba65,70,56+,Other,Africa,Desktop,Premium,17.99,215.88,Crypto,3,Documentary,8.6,0.23,Medium,37,At Risk,1,Churned,17.99
71231f4a-6054-4c64-8499-31766c837b61,51,46-55,Female,Asia,TV,Premium,17.99,215.88,Crypto,2,Romance,8.34,0.25,Medium,32,At Risk,1,Churned,17.99
acbe95b8-be8f-459a-b0e1-2e9f99755a77,48,46-55,Male,Africa,Laptop,Standard,13.99,167.88,Credit Card,2,Action,20.69,0.47,Medium,43,At Risk,0,Retained,0.0
0a6816a7-f888-47b3-84f4-937bcd1a9023,39,36-45,Other,South America,Tablet,Premium,17.99,215.88,Credit Card,4,Drama,13.49,0.61,High,21,At Risk,0,Retained,0.0
2e24691d-31e2-4802-af7a-2e2fd8afbee8,33,26-35,Male,Asia,Tablet,Standard,13.99,167.88,Crypto,1,Sci-Fi,0.93,0.19,Medium,4,Active,1,Churned,13.99
65cb8d99-164b-4e42-badf-dae7fb16d388,63,56+,Other,Europe,Laptop,Standard,13.99,167.88,Crypto,2,Sci-Fi,30.83,2.8,High,10,Active,0,Retained,0.0
31f8fd87-aea7-4f86-ac51-080bbd39c074,51,46-55,Other,South America,TV,Basic,8.99,107.88,Debit Card,1,Action,3.64,0.07,Low,50,At Risk,1,Churned,8.99
7d314499-d7e9-4619-a054-c17d976d3aa4,21,18-25,Female,South America,Laptop,Standard,13.99,167.88,PayPal,1,Horror,13.77,0.3,Medium,45,At Risk,1,Churned,13.99
22ada47b-5f63-44bc-ac7b-24989a5de212,29,26-35,Female,Europe,Tablet,Standard,13.99,167.88,Gift Card,5,Horror,1.56,0.14,Low,10,Active,1,Churned,13.99
3bf8c2a4-b13f-4ce2-9532-440dfd0472a0,52,46-55,Female,Europe,TV,Standard,13.99,167.88,Gift Card,4,Action,10.14,0.2,Medium,49,At Risk,1,Churned,13.99
0ae85af3-f96d-4d82-a2a0-72b0c0db8529,20,18-25,Other,Africa,Tablet,Standard,13.99,167.88,Credit Card,1,Drama,31.73,0.68,High,46,At Risk,0,Retained,0.0
dc684b93-d819-40f9-8e0e-8419b6139db6,48,46-55,Other,South America,Tablet,Basic,8.99,107.88,PayPal,2,Documentary,6.63,0.6,High,10,Active,0,Retained,0.0
7c7cb0de-6a7a-4c38-91df-959c1fa55547,25,18-25,Female,Oceania,Laptop,Basic,8.99,107.88,PayPal,5,Sci-Fi,1.84,0.31,Medium,5,Active,1,Churned,8.99
1b03740b-7608-4b96-a78e-b48bebde5337,53,46-55,Male,South America,Desktop,Basic,8.99,107.88,PayPal,5,Comedy,3.37,0.06,Low,54,At Risk,1,Churned,8.99
4e66e2a1-2aa8-42eb-9372-1a01a6f04a8c,27,26-35,Male,Europe,Desktop,Standard,13.99,167.88,PayPal,4,Drama,5.32,0.1,Low,54,At Risk,0,Retained,0.0
b5f4e9de-96ed-44b6-9ce8-51d81ac90562,50,46-55,Other,Oceania,Laptop,Standard,13.99,167.88,Gift Card,3,Romance,21.29,0.79,High,26,At Risk,0,Retained,0.0
a16251fb-f52b-430e-9bb1-272ebfb4a387,41,36-45,Other,Africa,Laptop,Basic,8.99,107.88,Crypto,1,Documentary,20.26,0.48,Medium,41,At Risk,1,Churned,8.99
f4c785ec-5213-4d09-8dfd-af38ed4cc0b8,47,46-55,Female,South America,Laptop,Standard,13.99,167.88,Debit Card,1,Drama,4.1,0.08,Low,52,At Risk,1,Churned,13.99
a1cacec9-db50-426d-b7e5-6ec5ccfbc39e,59,56+,Female,North America,Desktop,Basic,8.99,107.88,PayPal,3,Romance,77.09,2.08,High,36,At Risk,0,Retained,0.0
84bb4a72-f675-48ba-a3d6-aa4b8c828fe6,58,56+,Male,Africa,TV,Premium,17.99,215.88,Debit Card,3,Documentary,2.11,0.09,Low,23,At Risk,1,Churned,17.99
f29753d3-885d-4d69-a71c-5ac46637749e,24,18-25,Male,North America,Tablet,Premium,17.99,215.88,Debit Card,3,Comedy,12.65,0.53,High,23,At Risk,0,Retained,0.0
fe26c901-86af-42bf-a9cf-ec1bc66f6a46,69,56+,Male,Oceania,Mobile,Basic,8.99,107.88,Debit Card,4,Action,2.74,0.05,Low,52,At Risk,1,Churned,8.99
cd4e8d09-810c-44a7-a053-37f8f77c0514,54,46-55,Other,Asia,TV,Basic,8.99,107.88,Credit Card,4,Action,8.52,0.77,High,10,Active,0,Retained,0.0
fa40f79b-8e48-448a-98b0-d9064c1b0115,48,46-55,Other,Asia,Laptop,Premium,17.99,215.88,Gift Card,2,Sci-Fi,18.21,0.51,Medium,35,At Risk,0,Retained,0.0
1b43ab83-77a5-4a8f-b68c-bbb2d21d310f,18,18-25,Female,North America,Desktop,Standard,13.99,167.88,Gift Card,3,Comedy,2.14,0.05,Low,44,At Risk,1,Churned,13.99
51cf9141-4056-4062-85a8-43eb7e6272bc,27,26-35,Male,South America,Laptop,Standard,13.99,167.88,Debit Card,3,Drama,6.49,0.14,Low,46,At Risk,1,Churned,13.99
794b6449-c942-4346-82b8-166667e62c6c,41,36-45,Other,Asia,Laptop,Standard,13.99,167.88,PayPal,3,Sci-Fi,2.95,0.59,High,4,Active,0,Retained,0.0
df4ef614-eed1-4c6c-8472-b5bf8fe1e6ae,49,46-55,Male,Oceania,Laptop,Premium,17.99,215.88,PayPal,4,Horror,5.08,0.2,Medium,25,At Risk,0,Retained,0.0
cff5d87d-e5d3-46a7-a439-b5d14d3aee6b,45,36-45,Male,North America,TV,Basic,8.99,107.88,Debit Card,4,Drama,1.92,0.04,Low,46,At Risk,1,Churned,8.99
bc14c635-9c82-42e0-9ea1-fb4cba7aacb5,63,56+,Female,North America,TV,Basic,8.99,107.88,Gift Card,4,Comedy,30.88,1.93,High,15,Active,0,Retained,0.0
baaa1f32-4ba3-46ed-90ef-d74366522631,54,46-55,Female,Europe,Mobile,Basic,8.99,107.88,PayPal,4,Sci-Fi,5.61,0.47,Medium,11,Active,0,Retained,0.0
1cedb0ea-4404-4bd3-bd08-e1aa6ee85a12,38,36-45,Female,South America,TV,Standard,13.99,167.88,Gift Card,5,Action,12.85,0.54,High,23,At Risk,0,Retained,0.0
3e453410-a025-42af-b464-f536ad03a150,24,18-25,Female,Asia,Tablet,Basic,8.99,107.88,Credit Card,2,Sci-Fi,3.11,0.26,Medium,11,Active,1,Churned,8.99
8a558ce9-588b-4840-9e84-5a5d836d430f,41,36-45,Female,North America,Desktop,Standard,13.99,167.88,PayPal,5,Sci-Fi,53.7,3.36,High,15,Active,0,Retained,0.0
b68c53e7-4c9f-4258-95b7-c73c28850f7c,26,26-35,Other,Oceania,Laptop,Standard,13.99,167.88,Gift Card,5,Sci-Fi,20.49,0.38,Medium,53,At Risk,0,Retained,0.0
07ca6c7a-e7fb-498f-91b1-621fc7effa83,27,26-35,Other,Oceania,Desktop,Basic,8.99,107.88,Debit Card,3,Romance,19.48,1.15,High,16,Active,0,Retained,0.0
b187ac76-4367-49b1-8c71-afb04eadbc52,57,56+,Male,Oceania,Desktop,Premium,17.99,215.88,Credit Card,5,Sci-Fi,0.55,0.01,Low,40,At Risk,1,Churned,17.99
de1c3060-c7e2-4ddb-b67d-6c80b0cc9f9b,47,46-55,Female,Asia,TV,Basic,8.99,107.88,Credit Card,1,Comedy,0.46,0.23,Medium,1,Active,1,Churned,8.99
b1255159-1199-4d92-925d-2bd1d66f27a8,46,46-55,Male,Europe,Laptop,Standard,13.99,167.88,Gift Card,3,Horror,6.19,0.1,Low,60,At Risk,1,Churned,13.99
e68dd843-5ad0-4f96-a114-fecf95b5f4d6,47,46-55,Other,North America,Tablet,Premium,17.99,215.88,Crypto,5,Comedy,1.03,0.03,Low,38,At Risk,1,Churned,17.99
f9506e2a-6a22-4945-bb7b-0719c94e9258,23,18-25,Other,Asia,Laptop,Standard,13.99,167.88,Gift Card,5,Drama,17.54,0.43,Medium,40,At Risk,1,Churned,13.99
2779629f-a22b-448b-afe0-e9dedee50eff,68,56+,Female,Africa,Desktop,Basic,8.99,107.88,Gift Card,3,Action,9.88,0.52,High,18,Active,0,Retained,0.0
fbb0e169-5635-4785-8c4c-d8aca6bc724d,19,18-25,Male,South America,Mobile,Standard,13.99,167.88,Credit Card,2,Action,13.21,0.41,Medium,31,At Risk,1,Churned,13.99
a4e333cf-cc94-4387-ad6a-c182ab9a943a,69,56+,Male,Europe,Mobile,Basic,8.99,107.88,Debit Card,3,Documentary,6.46,0.13,Low,49,At Risk,1,Churned,8.99
fb521689-6488-481f-b8eb-bacbf056f385,29,26-35,Male,North America,TV,Standard,13.99,167.88,PayPal,5,Comedy,11.42,0.67,High,16,Active,0,Retained,0.0
5a65a314-97bb-4893-b479-fe03c3e20276,36,36-45,Female,South America,Desktop,Premium,17.99,215.88,Debit Card,1,Action,71.41,1.17,High,60,At Risk,0,Retained,0.0
36fdcf0e-96a0-4a84-80e5-92931c07651c,38,36-45,Other,Europe,TV,Standard,13.99,167.88,Credit Card,5,Horror,1.24,0.02,Low,55,At Risk,1,Churned,13.99
d31f19b8-7add-4867-9aee-a9987c498e9d,38,36-45,Male,Asia,Mobile,Standard,13.99,167.88,Debit Card,3,Documentary,10.71,0.51,Medium,20,Active,0,Retained,0.0
9e12b8bd-a9c9-4bfe-a09d-7df603c13f52,67,56+,Other,Asia,Desktop,Basic,8.99,107.88,Debit Card,5,Romance,15.16,5.05,High,2,Active,0,Retained,0.0
8c9f805b-1cea-4395-904e-7a5a310e9234,31,26-35,Other,Asia,Desktop,Standard,13.99,167.88,Gift Card,5,Comedy,10.2,0.54,High,18,Active,0,Retained,0.0
48f3d126-2b72-47ce-a88c-125dbfcea2f6,53,46-55,Female,South America,Mobile,Standard,13.99,167.88,Crypto,3,Horror,5.54,0.14,Low,40,At Risk,1,Churned,13.99
ee80ddff-0534-48ba-a952-aa9e70933650,44,36-45,Other,Europe,TV,Standard,13.99,167.88,Gift Card,2,Documentary,1.12,0.04,Low,24,At Risk,1,Churned,13.99
6f90adfd-ddf0-49e9-ac0b-7833fad27958,20,18-25,Other,South America,Tablet,Standard,13.99,167.88,PayPal,4,Drama,0.79,0.03,Low,23,At Risk,0,Retained,0.0
fdbb7c09-86b4-4a59-9772-021f06656aae,22,18-25,Male,Africa,Desktop,Basic,8.99,107.88,PayPal,1,Comedy,23.81,0.99,High,23,At Risk,0,Retained,0.0
5fd18efb-f1b5-4ecb-a506-7884ac990fcc,69,56+,Other,Africa,TV,Premium,17.99,215.88,Debit Card,3,Comedy,25.85,1.62,High,15,Active,0,Retained,0.0
7106a199-919c-4dca-bcdd-50de7516208c,29,26-35,Other,Asia,Mobile,Basic,8.99,107.88,Gift Card,5,Horror,9.08,0.23,Medium,39,At Risk,1,Churned,8.99
d2ca8f35-33de-41f7-900d-d56232be43e2,65,56+,Other,Asia,TV,Standard,13.99,167.88,Gift Card,1,Drama,4.68,0.94,High,4,Active,0,Retained,0.0
a8a06958-f065-4125-ad8c-1d43312e8635,40,36-45,Male,Europe,Mobile,Premium,17.99,215.88,Credit Card,2,Sci-Fi,0.88,0.44,Medium,1,Active,0,Retained,0.0
8766bf34-0235-4bad-b3d3-4d855393ec68,44,36-45,Male,South America,Desktop,Basic,8.99,107.88,Gift Card,4,Documentary,3.32,0.2,Medium,16,Active,1,Churned,8.99
376a8158-1184-4952-ad53-914e27bc8d2e,21,18-25,Female,South America,Desktop,Premium,17.99,215.88,Credit Card,4,Action,4.07,0.07,Low,56,At Risk,1,Churned,17.99
6a551fc0-60a5-483f-a823-de6ecf0ed3fc,50,46-55,Female,Asia,TV,Basic,8.99,107.88,Crypto,4,Sci-Fi,11.25,0.8,High,13,Active,0,Retained,0.0
316b13ff-974f-46ee-a535-0eb0d54dbf08,69,56+,Other,Oceania,TV,Standard,13.99,167.88,Debit Card,2,Drama,6.46,0.38,Medium,16,Active,0,Retained,0.0
9a579630-34ed-41af-9605-6d16463f51a3,31,26-35,Male,Europe,Laptop,Basic,8.99,107.88,Credit Card,4,Horror,4.83,0.3,Medium,15,Active,1,Churned,8.99
99d26b54-a532-497d-891a-457988b8a000,66,56+,Other,North America,Tablet,Premium,17.99,215.88,Gift Card,2,Documentary,0.27,0.0,Low,59,At Risk,1,Churned,17.99
b75b9ecb-d8bf-486e-a896-153a2039cc85,64,56+,Female,South America,TV,Premium,17.99,215.88,Credit Card,4,Romance,22.59,0.9,High,24,At Risk,0,Retained,0.0
c6aa9949-ba46-4793-8045-c6c9f528801d,69,56+,Other,North America,Laptop,Premium,17.99,215.88,Debit Card,3,Comedy,13.4,1.12,High,11,Active,0,Retained,0.0
f0d16cce-516b-4b52-b541-146fa115d382,47,46-55,Other,North America,Mobile,Standard,13.99,167.88,Gift Card,3,Romance,6.85,2.28,High,2,Active,0,Retained,0.0
26028d11-a0cb-4305-89a4-f481f1dcc51e,70,56+,Male,South America,Tablet,Standard,13.99,167.88,PayPal,1,Sci-Fi,4.17,0.11,Low,38,At Risk,1,Churned,13.99
866d76de-f261-47fd-a76b-04d26f4354cd,44,36-45,Male,Africa,Mobile,Standard,13.99,167.88,Gift Card,3,Drama,29.87,4.27,High,6,Active,0,Retained,0.0
d20f17d4-829d-452f-8b9c-28b86a17ba70,67,56+,Female,North America,Mobile,Standard,13.99,167.88,Gift Card,3,Documentary,1.63,0.03,Low,58,At Risk,1,Churned,13.99
d28c2ac2-60ec-4630-b868-74ac7e722cf0,66,56+,Other,North America,Desktop,Standard,13.99,167.88,PayPal,4,Documentary,20.65,0.35,Medium,58,At Risk,0,Retained,0.0
51159c3c-65bd-4e2f-be01-7b65fec7cc64,57,56+,Male,Oceania,Mobile,Premium,17.99,215.88,Gift Card,3,Romance,11.09,1.11,High,9,Active,0,Retained,0.0
5ae85ada-ce4a-4e43-9055-cba17bc8e5e9,53,46-55,Female,Asia,Tablet,Premium,17.99,215.88,Credit Card,2,Sci-Fi,5.65,0.23,Medium,24,At Risk,0,Retained,0.0
ac609128-c66e-4721-84fe-5bc8669abe15,67,56+,Male,South America,Laptop,Basic,8.99,107.88,Credit Card,3,Romance,17.44,4.36,High,3,Active,0,Retained,0.0
8a796eb5-411e-4659-8712-f55009816c45,35,26-35,Male,North America,Tablet,Standard,13.99,167.88,Debit Card,1,Drama,3.65,0.08,Low,42,At Risk,1,Churned,13.99
c9178b03-a423-4479-8770-a7799b9f3714,63,56+,Female,Europe,Desktop,Standard,13.99,167.88,Crypto,1,Comedy,1.66,1.66,High,0,Active,0,Retained,0.0
0e194852-0ef1-49eb-ace7-3995062e3482,53,46-55,Female,Europe,Desktop,Basic,8.99,107.88,Gift Card,5,Sci-Fi,2.6,0.06,Low,46,At Risk,1,Churned,8.99
8045a861-a968-4b58-89c6-dc15c6fd41e8,24,18-25,Female,North America,Mobile,Premium,17.99,215.88,Debit Card,2,Sci-Fi,2.48,0.12,Low,19,Active,1,Churned,17.99
ea08302a-40c0-4e80-a0f6-0d4de8353a19,28,26-35,Other,South America,TV,Basic,8.99,107.88,Gift Card,1,Sci-Fi,22.74,0.78,High,28,At Risk,0,Retained,0.0
3f98db89-eb95-4beb-9376-cb7e68d988cc,69,56+,Male,Asia,TV,Premium,17.99,215.88,Credit Card,5,Drama,27.12,6.78,High,3,Active,0,Retained,0.0
44e5ebf4-9957-4c99-addf-0966df3b2db4,58,56+,Female,Europe,TV,Basic,8.99,107.88,PayPal,5,Sci-Fi,5.87,0.15,Low,37,At Risk,1,Churned,8.99
3ef7aba6-d2db-4bf8-9700-8eaa5f286afe,50,46-55,Other,Asia,Laptop,Basic,8.99,107.88,Credit Card,4,Comedy,8.97,0.16,Low,56,At Risk,1,Churned,8.99
3386b0b9-c2dd-4bc0-aa2f-87fbd712d354,24,18-25,Female,Africa,Laptop,Basic,8.99,107.88,Debit Card,4,Drama,3.74,0.1,Low,38,At Risk,1,Churned,8.99
8b113aca-3087-4316-b980-6925a693dc6e,60,56+,Male,Africa,Laptop,Standard,13.99,167.88,Debit Card,3,Drama,1.38,0.03,Low,41,At Risk,1,Churned,13.99
ac6e7c60-12d5-49f7-927e-a32412e81b93,52,46-55,Other,Asia,Mobile,Basic,8.99,107.88,PayPal,1,Comedy,8.9,0.37,Medium,23,At Risk,1,Churned,8.99
0566c602-68e3-47c4-baab-f9dd4db9dbea,70,56+,Other,Asia,Tablet,Standard,13.99,167.88,Crypto,2,Horror,6.76,0.16,Low,41,At Risk,1,Churned,13.99
d5146e9c-493c-4165-a588-0340f585331c,24,18-25,Female,Asia,Laptop,Basic,8.99,107.88,Gift Card,4,Comedy,5.25,0.18,Medium,28,At Risk,0,Retained,0.0
d3a4252b-a64c-4b21-99c8-fa78272e30c8,40,36-45,Male,North America,Mobile,Standard,13.99,167.88,Gift Card,2,Sci-Fi,4.09,0.11,Low,37,At Risk,1,Churned,13.99
431c392c-36ca-4def-955a-566f02823c23,28,26-35,Other,North America,TV,Basic,8.99,107.88,Gift Card,1,Sci-Fi,13.38,0.56,High,23,At Risk,0,Retained,0.0
08cc1c3f-bd03-470e-9ee5-f6206ef8f0ea,36,36-45,Other,North America,Laptop,Premium,17.99,215.88,Gift Card,3,Horror,5.79,0.26,Medium,21,At Risk,0,Retained,0.0
4875bcbf-cc55-419a-8d9d-cec963f0dc03,39,36-45,Male,Europe,Laptop,Standard,13.99,167.88,Crypto,2,Horror,4.19,0.09,Low,47,At Risk,1,Churned,13.99
57ffc492-dcb6-416b-a4f3-7109014eb262,26,26-35,Female,Asia,TV,Premium,17.99,215.88,Gift Card,2,Documentary,3.87,0.08,Low,45,At Risk,1,Churned,17.99
ecbbc218-4c84-4f64-bb43-ea339a091b4b,25,18-25,Female,North America,Tablet,Premium,17.99,215.88,Credit Card,1,Drama,6.49,0.43,Medium,14,Active,0,Retained,0.0
e8f09351-f30e-4e46-9128-fd3307db7769,21,18-25,Male,Asia,Tablet,Standard,13.99,167.88,PayPal,3,Documentary,1.02,0.04,Low,23,At Risk,1,Churned,13.99
c0687495-cb7e-4949-b63f-9532608d32f6,46,46-55,Male,South America,Desktop,Basic,8.99,107.88,Gift Card,1,Action,9.09,0.15,Low,60,At Risk,1,Churned,8.99
24fae6e6-0303-46ef-835f-1123d6500129,45,36-45,Female,South America,Tablet,Premium,17.99,215.88,Crypto,3,Action,3.45,0.08,Low,44,At Risk,1,Churned,17.99
c19ffda9-ff61-4dcc-83a6-1c12abf91b0f,54,46-55,Female,South America,Tablet,Standard,13.99,167.88,PayPal,5,Documentary,10.91,0.29,Medium,37,At Risk,0,Retained,0.0
22d0434e-3d72-42d0-a21d-0815d6fed80d,60,56+,Other,Europe,TV,Basic,8.99,107.88,Crypto,3,Romance,8.89,0.37,Medium,23,At Risk,1,Churned,8.99
815bed6b-02ad-465b-9f68-c07c508524ce,39,36-45,Other,South America,Tablet,Basic,8.99,107.88,Gift Card,5,Drama,9.96,0.43,Medium,22,At Risk,0,Retained,0.0
e9063abe-14f1-4a30-ac69-04109b0bd3a6,34,26-35,Male,Asia,TV,Basic,8.99,107.88,Gift Card,1,Comedy,0.35,0.01,Low,57,At Risk,1,Churned,8.99
bc6d4f0a-746b-4b43-b1a9-9a39dac02d85,52,46-55,Other,Oceania,Laptop,Basic,8.99,107.88,Crypto,5,Sci-Fi,10.08,0.21,Medium,46,At Risk,1,Churned,8.99
0d120f0a-8b1e-4a3f-8f4c-b9da5114d22e,19,18-25,Female,North America,Desktop,Premium,17.99,215.88,PayPal,4,Action,11.97,0.67,High,17,Active,0,Retained,0.0
4bb417fa-6c40-4649-a180-c6e5c6011565,21,18-25,Male,South America,Laptop,Standard,13.99,167.88,Crypto,1,Horror,0.66,0.11,Low,5,Active,1,Churned,13.99
89c72886-d4cd-472c-82f4-82a56283ff8c,27,26-35,Male,North America,Laptop,Premium,17.99,215.88,PayPal,4,Documentary,1.04,0.04,Low,26,At Risk,0,Retained,0.0
5cbe23ea-3cac-44b7-b6cb-e6ccd8e6224c,66,56+,Male,South America,TV,Premium,17.99,215.88,PayPal,2,Action,18.23,0.47,Medium,38,At Risk,1,Churned,17.99
6c7a0786-5bbd-45a6-bf15-a8ca2018cb9f,35,26-35,Other,Oceania,Mobile,Premium,17.99,215.88,Debit Card,1,Comedy,2.86,0.17,Medium,16,Active,1,Churned,17.99
524d67c4-a4d6-46c4-853a-a934c0ccfeea,35,26-35,Male,South America,Mobile,Standard,13.99,167.88,Crypto,5,Action,3.52,0.14,Low,24,At Risk,1,Churned,13.99
2eb3cff4-1b23-4d37-a3dd-71e3a5a0e463,52,46-55,Other,Oceania,TV,Basic,8.99,107.88,PayPal,3,Documentary,8.45,0.14,Low,58,At Risk,1,Churned,8.99
57e4fad4-7fad-49ec-aa15-9e560b0fffae,57,56+,Female,Europe,Mobile,Premium,17.99,215.88,Crypto,5,Sci-Fi,0.69,0.03,Low,24,At Risk,1,Churned,17.99
a9ffad05-0e54-445d-ad0d-a8a8da93f6c1,64,56+,Other,North America,Mobile,Premium,17.99,215.88,Debit Card,5,Drama,6.26,0.37,Medium,16,Active,0,Retained,0.0
1d6b8014-2fc0-431e-aa3e-4754e38b957d,31,26-35,Male,South America,Laptop,Basic,8.99,107.88,PayPal,2,Documentary,21.84,0.49,Medium,44,At Risk,1,Churned,8.99
73062adc-8195-4300-838c-e746775a3183,19,18-25,Female,Europe,TV,Standard,13.99,167.88,Debit Card,5,Documentary,35.54,0.6,High,58,At Risk,0,Retained,0.0
a20d885b-6335-48e3-bdd1-e4f60ebe2b61,36,36-45,Other,Asia,Desktop,Premium,17.99,215.88,Crypto,2,Drama,12.74,0.22,Medium,58,At Risk,1,Churned,17.99
ec5c1648-1c9b-42ec-932f-3303d2f85fbf,31,26-35,Other,South America,Laptop,Basic,8.99,107.88,Credit Card,2,Drama,33.1,1.14,High,28,At Risk,0,Retained,0.0
992f57db-5fda-457c-84f3-deb78b71d38d,35,26-35,Other,Oceania,TV,Premium,17.99,215.88,Crypto,3,Romance,14.56,0.32,Medium,45,At Risk,1,Churned,17.99
dcea56c8-d72f-4f30-9afb-5b064d171f83,65,56+,Male,Asia,Desktop,Premium,17.99,215.88,Debit Card,4,Comedy,6.14,0.1,Low,58,At Risk,0,Retained,0.0
b91f25f0-5c8f-44e4-80ff-f3f3ed4eb2aa,66,56+,Male,Africa,Laptop,Standard,13.99,167.88,PayPal,3,Sci-Fi,3.86,0.13,Low,28,At Risk,1,Churned,13.99
a2f7e258-4c9b-423f-b78f-23c8f482ef7e,36,36-45,Male,Oceania,Mobile,Basic,8.99,107.88,Debit Card,2,Sci-Fi,0.19,0.03,Low,5,Active,1,Churned,8.99
ded64a9a-2e56-4024-8a7e-81dc3e63e121,51,46-55,Other,Asia,Laptop,Standard,13.99,167.88,Crypto,3,Comedy,2.68,0.05,Low,48,At Risk,1,Churned,13.99
fe46b178-30b3-46cf-be44-cac1f583f76c,52,46-55,Female,Europe,TV,Basic,8.99,107.88,Credit Card,2,Romance,20.8,0.61,High,33,At Risk,0,Retained,0.0
f40f674e-adfa-4d99-bff1-f4742c94a88f,37,36-45,Male,South America,Laptop,Standard,13.99,167.88,PayPal,3,Documentary,20.47,0.49,Medium,41,At Risk,0,Retained,0.0
1c2f812e-ae76-46aa-ba56-e47b71e83832,28,26-35,Male,North America,Laptop,Standard,13.99,167.88,Debit Card,4,Sci-Fi,6.56,0.21,Medium,30,At Risk,0,Retained,0.0
8c571858-a16e-42d9-b4f0-71986f50d67e,65,56+,Female,Europe,Mobile,Standard,13.99,167.88,Debit Card,1,Action,18.34,0.37,Medium,48,At Risk,1,Churned,13.99
29152433-d03d-4d65-bc6a-a13f5319a1d4,44,36-45,Male,South America,TV,Basic,8.99,107.88,Credit Card,4,Horror,1.45,0.08,Low,18,Active,1,Churned,8.99
5eb87ccc-7ce2-4502-b08e-4329d8b2b0ab,52,46-55,Male,Europe,Tablet,Standard,13.99,167.88,Credit Card,4,Horror,11.84,0.32,Medium,36,At Risk,0,Retained,0.0
d292c5c2-afaa-4fa5-b935-feb18b9e3b50,40,36-45,Other,Oceania,Tablet,Basic,8.99,107.88,Debit Card,3,Sci-Fi,14.88,1.14,High,12,Active,0,Retained,0.0
268f87dd-8e50-4924-80b5-50821c1a67ed,35,26-35,Other,Europe,TV,Standard,13.99,167.88,PayPal,4,Comedy,11.54,0.27,Medium,41,At Risk,0,Retained,0.0
88700df7-f82a-4264-9795-7dbce785fddd,21,18-25,Female,Africa,Laptop,Standard,13.99,167.88,Debit Card,1,Drama,9.13,1.14,High,7,Active,0,Retained,0.0
54f5cc09-4077-40dc-a4d7-f6fb71e80f17,36,36-45,Female,North America,Tablet,Premium,17.99,215.88,PayPal,2,Horror,3.85,0.08,Low,46,At Risk,1,Churned,17.99
5440ff01-6874-4316-a8de-332c14096e93,35,26-35,Female,Africa,Mobile,Premium,17.99,215.88,Debit Card,1,Comedy,22.18,1.17,High,18,Active,0,Retained,0.0
9659348b-2121-44af-ba88-7d3c1e7f84a7,45,36-45,Male,North America,Tablet,Basic,8.99,107.88,Credit Card,1,Action,3.05,0.05,Low,59,At Risk,1,Churned,8.99
a16386a4-1670-4f10-828f-3ac3c2b798b5,51,46-55,Male,Oceania,Tablet,Standard,13.99,167.88,Debit Card,4,Documentary,5.54,0.21,Medium,26,At Risk,0,Retained,0.0
b85a5deb-eba1-4241-a0c4-ad0cc05072b3,22,18-25,Male,Europe,Desktop,Premium,17.99,215.88,Debit Card,2,Sci-Fi,37.12,1.0,High,36,At Risk,0,Retained,0.0
f979c22f-3961-4834-9f65-00418173b159,59,56+,Female,Africa,Laptop,Basic,8.99,107.88,Gift Card,5,Sci-Fi,4.06,0.41,Medium,9,Active,1,Churned,8.99
2df5009f-ba10-43b8-a428-572544188b0a,68,56+,Other,Europe,TV,Standard,13.99,167.88,PayPal,5,Comedy,0.68,0.03,Low,20,Active,0,Retained,0.0
dd3c1cea-8f2b-4191-ab60-ecf158741648,25,18-25,Other,Africa,Desktop,Basic,8.99,107.88,Credit Card,1,Action,13.34,0.27,Medium,49,At Risk,1,Churned,8.99
d3be3978-5f44-44c2-ba5c-5efda55c0788,68,56+,Other,South America,Laptop,Premium,17.99,215.88,Credit Card,4,Documentary,1.89,0.38,Medium,4,Active,0,Retained,0.0
915eb940-938f-4970-8bbf-9030603ae745,60,56+,Other,Africa,Desktop,Premium,17.99,215.88,PayPal,5,Horror,2.79,0.28,Medium,9,Active,0,Retained,0.0
76d82511-a6f4-4f45-ba69-2717608c288f,65,56+,Male,Asia,Mobile,Standard,13.99,167.88,Credit Card,4,Sci-Fi,1.0,0.02,Low,47,At Risk,1,Churned,13.99
96dd615f-2a29-4b16-8c77-24d24cfccee9,28,26-35,Male,North America,Desktop,Premium,17.99,215.88,Crypto,3,Drama,17.43,0.47,Medium,36,At Risk,1,Churned,17.99
59c7d7a5-6a3b-4790-9380-f763a497e0fa,47,46-55,Other,Europe,Tablet,Basic,8.99,107.88,Gift Card,5,Comedy,8.37,0.3,Medium,27,At Risk,0,Retained,0.0
980bdfc4-9915-4faf-807d-013d3b374fcd,64,56+,Female,Europe,Tablet,Standard,13.99,167.88,PayPal,3,Comedy,12.3,0.72,High,16,Active,0,Retained,0.0
1954befc-d7f8-4599-9ed6-70debad7d22f,30,26-35,Male,Asia,TV,Standard,13.99,167.88,Debit Card,1,Documentary,3.31,0.11,Low,29,At Risk,1,Churned,13.99
454a2114-082e-4421-9edb-12f83e186686,27,26-35,Male,South America,Mobile,Standard,13.99,167.88,Debit Card,5,Drama,25.23,1.2,High,20,Active,0,Retained,0.0
3ed1e81a-004f-4f9a-9c08-516cd36f8f79,57,56+,Male,Africa,Tablet,Standard,13.99,167.88,PayPal,4,Action,17.87,0.48,Medium,36,At Risk,0,Retained,0.0
4e1d4840-8dd1-44ec-8965-b46c39a19d9d,66,56+,Female,Africa,Tablet,Standard,13.99,167.88,Credit Card,2,Comedy,3.01,0.6,High,4,Active,0,Retained,0.0
9efa65da-9012-443d-8e26-ec27937ea9d1,21,18-25,Other,Asia,Laptop,Premium,17.99,215.88,Crypto,1,Comedy,13.63,3.41,High,3,Active,0,Retained,0.0
654257bf-3f17-4ffd-8a54-3410e94a9954,51,46-55,Male,Oceania,TV,Standard,13.99,167.88,Credit Card,3,Drama,18.53,0.6,High,30,At Risk,0,Retained,0.0
a4d2a10a-b24e-4b17-8dc3-095c6a1a2b87,70,56+,Male,Oceania,Mobile,Basic,8.99,107.88,Gift Card,5,Comedy,1.35,0.03,Low,46,At Risk,1,Churned,8.99
f57ae19e-fab1-45e4-9372-c2574a68aa43,22,18-25,Male,North America,Tablet,Premium,17.99,215.88,Credit Card,2,Romance,18.97,0.34,Medium,55,At Risk,1,Churned,17.99
27e77aca-ad72-4a6b-bda0-c438d5aa92e9,29,26-35,Male,North America,TV,Standard,13.99,167.88,PayPal,5,Horror,13.38,0.89,High,14,Active,0,Retained,0.0
f3848a3d-1201-49b8-bb23-7cbc6a08368b,22,18-25,Other,Africa,Desktop,Standard,13.99,167.88,Gift Card,2,Romance,25.13,12.56,High,1,Active,0,Retained,0.0
8f35fbad-1939-4a3c-a811-bbe07ef61935,33,26-35,Female,North America,Mobile,Premium,17.99,215.88,Crypto,4,Romance,0.44,0.02,Low,17,Active,1,Churned,17.99
89f9379b-bb79-4b69-bdc7-b09d9a1fa20c,56,56+,Other,Oceania,Tablet,Premium,17.99,215.88,Debit Card,3,Drama,3.39,0.07,Low,45,At Risk,1,Churned,17.99
6138f11f-9232-4a82-bed6-c62b92161da7,21,18-25,Other,North America,TV,Basic,8.99,107.88,Crypto,1,Comedy,20.67,0.53,High,38,At Risk,1,Churned,8.99
355644db-e0bf-43b2-8be7-36a1205265c7,32,26-35,Male,Africa,Tablet,Standard,13.99,167.88,Crypto,2,Romance,2.91,0.21,Medium,13,Active,1,Churned,13.99
86966fb9-ef7f-481f-a784-e39ac267b56f,22,18-25,Female,Europe,Tablet,Standard,13.99,167.88,Debit Card,3,Action,0.63,0.06,Low,9,Active,1,Churned,13.99
94fc55c1-643c-481f-8545-a970f5e10703,26,26-35,Other,South America,Tablet,Basic,8.99,107.88,Credit Card,2,Romance,11.89,0.31,Medium,37,At Risk,1,Churned,8.99
3eaad6f4-7f15-4c49-87d7-e05105c2eea3,63,56+,Male,Asia,Mobile,Premium,17.99,215.88,Credit Card,5,Romance,0.81,0.06,Low,13,Active,0,Retained,0.0
2a81ec64-9b95-44ac-9bbd-3e77e004436e,59,56+,Male,Europe,Laptop,Basic,8.99,107.88,PayPal,3,Romance,7.32,0.14,Low,52,At Risk,1,Churned,8.99
d4c626a2-6b6f-412f-b35f-453cc57a08b7,44,36-45,Other,North America,Laptop,Standard,13.99,167.88,PayPal,1,Sci-Fi,14.26,0.68,High,20,Active,0,Retained,0.0
7a65b354-9f0c-44fa-a680-0e9d3c87c73e,59,56+,Female,Oceania,TV,Premium,17.99,215.88,Crypto,3,Romance,1.7,0.03,Low,54,At Risk,1,Churned,17.99
88bacbc1-bb05-43ac-a090-35f31e6074d8,70,56+,Male,Asia,Laptop,Standard,13.99,167.88,PayPal,3,Drama,29.3,0.54,High,53,At Risk,0,Retained,0.0
8100db00-7b75-4069-93f5-cf74502a98c4,36,36-45,Other,North America,Mobile,Standard,13.99,167.88,Credit Card,4,Comedy,15.58,0.35,Medium,43,At Risk,0,Retained,0.0
21205edc-2ffb-4dce-b6a4-13ad8a8450bf,53,46-55,Female,Asia,TV,Standard,13.99,167.88,Credit Card,1,Horror,1.72,0.09,Low,19,Active,1,Churned,13.99
450b6e68-026e-4d1b-b9bb-597f2a9b1bdc,35,26-35,Other,North America,Tablet,Premium,17.99,215.88,Debit Card,1,Action,14.46,0.32,Medium,44,At Risk,1,Churned,17.99
b266559f-da1e-48d0-a279-c7b37cdc5899,24,18-25,Male,Oceania,Laptop,Basic,8.99,107.88,PayPal,1,Action,5.91,0.23,Medium,25,At Risk,1,Churned,8.99
86765856-af6d-4291-8299-8ef70972a583,68,56+,Other,Europe,Laptop,Basic,8.99,107.88,PayPal,4,Documentary,6.53,0.93,High,6,Active,0,Retained,0.0
b76c94bc-af32-4a71-ae69-9a2c713cb696,40,36-45,Female,Europe,TV,Standard,13.99,167.88,Debit Card,4,Documentary,4.26,0.09,Low,49,At Risk,1,Churned,13.99
930be712-ec74-4260-8c2c-c52f7f2327b7,36,36-45,Other,South America,Tablet,Basic,8.99,107.88,Crypto,4,Romance,22.43,7.48,High,2,Active,0,Retained,0.0
2a290e33-1f4c-4b59-88d5-bb9fb03129ea,70,56+,Other,South America,TV,Basic,8.99,107.88,Debit Card,3,Comedy,23.08,0.89,High,25,At Risk,0,Retained,0.0
a338aff4-ae1a-45ce-bea5-bce572efe8c1,68,56+,Female,North America,Laptop,Premium,17.99,215.88,Crypto,1,Horror,0.2,0.01,Low,32,At Risk,1,Churned,17.99
acb287e0-75a9-4889-8eb6-323d15cc7de3,23,18-25,Other,Europe,Laptop,Basic,8.99,107.88,Gift Card,5,Sci-Fi,6.27,0.12,Low,52,At Risk,1,Churned,8.99
087f0011-86fb-4327-a18a-536a08edfb5d,68,56+,Other,Africa,Mobile,Premium,17.99,215.88,PayPal,3,Romance,1.67,0.09,Low,18,Active,1,Churned,17.99
adf1a226-5359-44e7-8690-bbe814ff2ac3,19,18-25,Female,North America,Laptop,Standard,13.99,167.88,Debit Card,3,Action,0.93,0.03,Low,26,At Risk,1,Churned,13.99
785e0652-1283-4c68-a635-e96f3140cbcc,62,56+,Male,Asia,Mobile,Premium,17.99,215.88,Credit Card,2,Comedy,4.25,0.1,Low,40,At Risk,1,Churned,17.99
b4147601-494d-43c8-8ff2-1320cc1d525f,60,56+,Female,South America,Desktop,Premium,17.99,215.88,Crypto,5,Romance,11.15,0.22,Medium,49,At Risk,1,Churned,17.99
8f340b20-ff03-4b80-9530-ef215931e3b9,31,26-35,Other,Asia,TV,Premium,17.99,215.88,PayPal,3,Documentary,21.92,0.4,Medium,54,At Risk,0,Retained,0.0
7116a96f-6d6e-46d3-8176-93513053d545,31,26-35,Male,Asia,TV,Premium,17.99,215.88,Crypto,1,Documentary,3.81,0.1,Low,39,At Risk,1,Churned,17.99
b2b8ae31-eb8a-40a3-a5d9-b131324d826b,37,36-45,Male,Europe,TV,Standard,13.99,167.88,PayPal,5,Sci-Fi,0.02,0.0,Low,10,Active,0,Retained,0.0
8c10da11-2dd5-4223-888e-117a748f3107,20,18-25,Other,Europe,Desktop,Premium,17.99,215.88,Gift Card,3,Drama,16.64,0.41,Medium,40,At Risk,1,Churned,17.99
2f5798a1-fb24-4efb-932c-6b0a926a6290,36,36-45,Male,South America,Desktop,Premium,17.99,215.88,PayPal,1,Drama,3.24,0.06,Low,53,At Risk,1,Churned,17.99
0f08014b-da6e-4b79-8171-2c51bdce39a2,43,36-45,Male,Asia,Tablet,Premium,17.99,215.88,Debit Card,2,Drama,11.97,0.21,Medium,57,At Risk,1,Churned,17.99
7abbcd40-0866-480d-9824-635556dbeac1,25,18-25,Female,North America,Desktop,Basic,8.99,107.88,Debit Card,1,Documentary,2.53,0.1,Low,25,At Risk,1,Churned,8.99
7d2d65f3-ed1f-4425-a325-8f8e43594e69,50,46-55,Female,Europe,TV,Standard,13.99,167.88,PayPal,3,Documentary,8.43,0.5,Medium,16,Active,0,Retained,0.0
4a8b2fa1-8c5e-47f2-9801-c168aa84121d,70,56+,Male,Asia,Desktop,Premium,17.99,215.88,Crypto,2,Sci-Fi,3.19,0.13,Low,24,At Risk,1,Churned,17.99
9c2bece6-8c3e-409b-bf83-40e0508a45cc,47,46-55,Male,North America,Mobile,Premium,17.99,215.88,Debit Card,5,Drama,9.82,0.18,Medium,55,At Risk,0,Retained,0.0
ed0f871a-c1bc-4b93-9f5d-e2d90206146b,42,36-45,Female,Africa,Tablet,Basic,8.99,107.88,Debit Card,5,Romance,1.52,0.03,Low,48,At Risk,1,Churned,8.99
b4c3ab7d-546b-4666-9e31-79d34941b0ae,57,56+,Male,Oceania,TV,Premium,17.99,215.88,Gift Card,4,Action,24.49,0.52,High,46,At Risk,0,Retained,0.0
01b3b3ce-2c57-42d6-aca9-497b62a1c66b,69,56+,Female,Europe,Laptop,Standard,13.99,167.88,Gift Card,4,Action,3.35,0.56,High,5,Active,0,Retained,0.0
485931a6-ccb3-4436-9554-430fbc8d189a,55,46-55,Male,Europe,Desktop,Premium,17.99,215.88,Credit Card,4,Drama,1.2,0.04,Low,32,At Risk,1,Churned,17.99
f6bb630e-6a2d-42e4-9371-a598462b1515,40,36-45,Male,Europe,Tablet,Premium,17.99,215.88,Debit Card,4,Horror,4.68,0.78,High,5,Active,0,Retained,0.0
d72a2ac1-389d-4500-8f2a-65253fd4ebc3,52,46-55,Male,North America,Mobile,Standard,13.99,167.88,Crypto,4,Comedy,17.26,0.29,Medium,58,At Risk,1,Churned,13.99
5ad14c26-01d1-47d0-97d0-c57fe72f84ee,49,46-55,Female,Asia,Desktop,Standard,13.99,167.88,Credit Card,4,Horror,11.88,0.28,Medium,41,At Risk,0,Retained,0.0
4c0287b1-cf45-4107-a454-cd7c56d26948,61,56+,Other,Europe,Mobile,Premium,17.99,215.88,Gift Card,4,Comedy,4.58,0.13,Low,33,At Risk,1,Churned,17.99
f6ab90b9-5e01-429e-aac6-b858b434b20c,63,56+,Other,Asia,Laptop,Premium,17.99,215.88,PayPal,2,Horror,3.98,0.09,Low,43,At Risk,1,Churned,17.99
b9ae2a97-9bb7-42f3-b6a9-4c90f221ce64,66,56+,Male,Oceania,Mobile,Basic,8.99,107.88,PayPal,3,Sci-Fi,8.68,0.17,Medium,50,At Risk,1,Churned,8.99
c20324f1-17e6-4484-b4bc-8671f89e607e,65,56+,Female,Africa,Laptop,Premium,17.99,215.88,Gift Card,5,Drama,10.55,0.41,Medium,25,At Risk,0,Retained,0.0
b98db897-f857-4c18-ba27-c667b30c0dfe,47,46-55,Female,Asia,TV,Standard,13.99,167.88,PayPal,3,Horror,0.55,0.01,Low,40,At Risk,1,Churned,13.99
8a229d09-04c2-4922-8645-c46ee272ebd2,47,46-55,Female,Europe,Laptop,Basic,8.99,107.88,Crypto,2,Sci-Fi,4.69,0.1,Low,46,At Risk,1,Churned,8.99
7d6f9c3e-50e3-4059-b5d0-bbc9fcbd3910,45,36-45,Other,Oceania,Mobile,Standard,13.99,167.88,Credit Card,5,Romance,26.82,0.64,High,41,At Risk,0,Retained,0.0
93b8f61c-4375-49bc-a30d-54b4c319f266,68,56+,Female,South America,Laptop,Basic,8.99,107.88,Credit Card,3,Romance,3.07,0.06,Low,49,At Risk,1,Churned,8.99
b28cfde3-38e8-4dac-943d-c148414757b1,70,56+,Other,Oceania,Laptop,Standard,13.99,167.88,Gift Card,3,Comedy,25.23,3.15,High,7,Active,0,Retained,0.0
3b478fcf-d4a2-4c33-b050-0b45af3c0679,48,46-55,Male,Asia,Mobile,Basic,8.99,107.88,Crypto,2,Action,0.31,0.01,Low,37,At Risk,1,Churned,8.99
ba626d62-c8f5-4f0e-90da-05c8b526e564,26,26-35,Female,Europe,Laptop,Basic,8.99,107.88,Credit Card,4,Documentary,28.65,1.79,High,15,Active,0,Retained,0.0
dda37d3a-c038-448e-894d-630954f9fd3f,66,56+,Male,North America,Laptop,Premium,17.99,215.88,Gift Card,3,Drama,5.17,0.27,Medium,18,Active,0,Retained,0.0
12f3fe4c-c868-4e9e-82de-21f630ec1e46,34,26-35,Male,North America,Mobile,Basic,8.99,107.88,Debit Card,1,Romance,1.82,0.03,Low,60,At Risk,1,Churned,8.99
2cc87dcd-7955-4ec0-b520-000d68d18181,48,46-55,Male,North America,Mobile,Basic,8.99,107.88,Gift Card,5,Documentary,34.5,0.8,High,42,At Risk,0,Retained,0.0
eb14315f-33e7-4020-b9f6-f94f2b357828,68,56+,Female,Asia,TV,Standard,13.99,167.88,Crypto,3,Horror,18.07,9.04,High,1,Active,0,Retained,0.0
a7bcd2d8-77b6-48b7-ba44-4a1939df29fb,36,36-45,Male,Africa,Desktop,Standard,13.99,167.88,Crypto,2,Romance,15.05,0.4,Medium,37,At Risk,1,Churned,13.99
21a8aaa5-6af5-4756-be7d-57b226f5c7f3,67,56+,Other,South America,TV,Basic,8.99,107.88,Gift Card,5,Sci-Fi,10.82,0.2,Medium,53,At Risk,1,Churned,8.99
06863a94-2c2d-48b6-8770-af0d3d8a0948,22,18-25,Male,South America,Mobile,Standard,13.99,167.88,Debit Card,3,Action,4.84,0.15,Low,32,At Risk,1,Churned,13.99
2b8002e0-b5f8-48f3-89d2-e7690e565274,45,36-45,Male,Africa,Tablet,Basic,8.99,107.88,PayPal,2,Romance,9.31,0.18,Medium,51,At Risk,1,Churned,8.99
16a3e295-eada-4912-a842-8a4ed842d77b,61,56+,Female,Oceania,Desktop,Standard,13.99,167.88,Credit Card,3,Documentary,2.27,0.08,Low,27,At Risk,1,Churned,13.99
4d1caeb4-9ec4-4179-bb9b-ff2fd6206951,70,56+,Other,Asia,Laptop,Premium,17.99,215.88,Crypto,4,Romance,18.73,0.45,Medium,41,At Risk,1,Churned,17.99
a7f9da07-1c52-4dc2-9ba9-9f3f2b901acd,35,26-35,Male,Oceania,Laptop,Premium,17.99,215.88,PayPal,2,Documentary,16.78,1.05,High,15,Active,0,Retained,0.0
483d0f42-e4be-4801-acaa-ece87555fe7e,37,36-45,Other,North America,TV,Basic,8.99,107.88,Crypto,2,Romance,24.82,0.53,High,46,At Risk,0,Retained,0.0
8b0943cb-2fd8-4ef7-9255-13bf11e0932d,54,46-55,Female,Africa,TV,Premium,17.99,215.88,Gift Card,4,Horror,11.6,0.34,Medium,33,At Risk,1,Churned,17.99
9b551d02-4450-4882-abca-6fc87f625427,61,56+,Male,Oceania,TV,Basic,8.99,107.88,Debit Card,1,Action,16.1,16.1,High,0,Active,0,Retained,0.0
c3665e92-e3c1-4f8f-838f-149f8747bf10,20,18-25,Female,Africa,TV,Basic,8.99,107.88,PayPal,5,Comedy,12.66,1.41,High,8,Active,0,Retained,0.0
97677cac-6110-4fca-8580-98b42a698b5c,19,18-25,Male,South America,Laptop,Basic,8.99,107.88,Gift Card,5,Drama,4.03,0.19,Medium,20,Active,1,Churned,8.99
22d560a5-e928-4526-9802-5c31ca8ae3ca,18,18-25,Female,Europe,Laptop,Standard,13.99,167.88,PayPal,2,Sci-Fi,5.81,0.12,Low,49,At Risk,1,Churned,13.99
9d8fb170-2207-4356-9a79-049a27db6af1,47,46-55,Other,Europe,Tablet,Standard,13.99,167.88,Crypto,1,Sci-Fi,3.5,0.11,Low,32,At Risk,1,Churned,13.99
e2c388e8-73e3-43f6-930b-1787b2345d9d,37,36-45,Female,Europe,TV,Premium,17.99,215.88,Debit Card,4,Documentary,0.83,0.02,Low,45,At Risk,1,Churned,17.99
95b2428f-6c41-4839-99d9-9e87a3ae603e,65,56+,Male,South America,Tablet,Standard,13.99,167.88,PayPal,2,Sci-Fi,5.46,0.1,Low,55,At Risk,1,Churned,13.99
4b04bf41-8529-490f-aad3-1c84e6f8b8e7,26,26-35,Other,South America,Desktop,Premium,17.99,215.88,Crypto,5,Romance,19.48,1.15,High,16,Active,0,Retained,0.0
84505d11-f057-48b5-a9ff-b18e99e81dcc,38,36-45,Other,Africa,Mobile,Basic,8.99,107.88,Debit Card,4,Romance,8.81,0.49,Medium,17,Active,0,Retained,0.0
1bf23e82-0b9d-4e22-92aa-4b8017e43f61,67,56+,Female,South America,Desktop,Premium,17.99,215.88,Crypto,5,Action,4.2,1.05,High,3,Active,0,Retained,0.0
984d419a-835e-49dd-be89-bb42da17c25a,20,18-25,Other,Africa,Mobile,Standard,13.99,167.88,Crypto,5,Comedy,11.97,3.99,High,2,Active,0,Retained,0.0
532673fd-e1a4-45bd-8652-63aaba3617a6,38,36-45,Female,South America,Desktop,Standard,13.99,167.88,Crypto,5,Comedy,4.06,0.15,Low,26,At Risk,1,Churned,13.99
64d4e2f0-b796-4477-a2b9-dcb8d011e50f,59,56+,Other,Asia,TV,Basic,8.99,107.88,Crypto,1,Action,7.97,0.66,High,11,Active,0,Retained,0.0
24586107-5506-4471-a0fe-c2f6bdbe3a78,37,36-45,Male,North America,Tablet,Premium,17.99,215.88,Gift Card,4,Comedy,8.02,0.15,Low,53,At Risk,1,Churned,17.99
ec2ed7b8-5675-4d32-b413-406ef8f75e89,54,46-55,Other,South America,TV,Standard,13.99,167.88,Credit Card,1,Action,2.79,1.4,High,1,Active,0,Retained,0.0
aa265a76-e810-4938-8736-3d1eedaa4584,24,18-25,Female,North America,Mobile,Standard,13.99,167.88,Credit Card,3,Comedy,11.33,0.24,Medium,47,At Risk,1,Churned,13.99
496b3ef6-6a0a-4f3b-a4e2-5369a458408a,69,56+,Male,North America,TV,Premium,17.99,215.88,Debit Card,5,Horror,20.29,0.53,High,37,At Risk,0,Retained,0.0
ab89e0ee-0f2c-405f-a6f5-2d32d8179218,24,18-25,Female,Asia,Laptop,Basic,8.99,107.88,Debit Card,4,Documentary,9.13,0.83,High,10,Active,0,Retained,0.0
5c9b9dd1-47d9-4f4f-9e25-d4e7aaaa27a5,58,56+,Other,Asia,Laptop,Standard,13.99,167.88,Debit Card,5,Comedy,13.23,0.7,High,18,Active,0,Retained,0.0
cdf8f775-0d9f-4cbf-ba73-91ed31fbcf5b,44,36-45,Male,Asia,Desktop,Premium,17.99,215.88,Debit Card,1,Documentary,13.56,0.9,High,14,Active,0,Retained,0.0
b7d06409-49ad-4e7a-9c82-12205a0a36b2,50,46-55,Male,North America,Desktop,Standard,13.99,167.88,Gift Card,5,Action,30.53,0.95,High,31,At Risk,0,Retained,0.0
93226922-b654-47d2-bee2-6801bd2f8ced,66,56+,Other,South America,Mobile,Premium,17.99,215.88,PayPal,1,Action,14.15,0.94,High,14,Active,0,Retained,0.0
e686a25c-0048-4481-b94e-b2668948bd5a,40,36-45,Other,Asia,Laptop,Basic,8.99,107.88,PayPal,5,Documentary,24.02,1.0,High,23,At Risk,0,Retained,0.0
9d51a596-157a-488b-955e-4c821202e8f5,25,18-25,Male,Asia,TV,Standard,13.99,167.88,Credit Card,1,Documentary,7.35,0.17,Medium,41,At Risk,1,Churned,13.99
2fcf265c-b3a8-4d0c-9cb0-3adc351832f6,31,26-35,Female,Oceania,Laptop,Basic,8.99,107.88,Credit Card,3,Romance,3.89,3.89,High,0,Active,0,Retained,0.0
6232c7ae-f01e-4ac3-845c-0f5a3f151e40,61,56+,Male,Asia,Laptop,Standard,13.99,167.88,Credit Card,2,Drama,4.14,0.13,Low,30,At Risk,1,Churned,13.99
1b0a8496-8374-45f8-9d5c-41c5f0749ccf,36,36-45,Male,Oceania,Laptop,Basic,8.99,107.88,Debit Card,5,Action,6.54,0.23,Medium,28,At Risk,0,Retained,0.0
309b7813-e5ae-4120-aeae-303993c0136a,60,56+,Male,South America,Desktop,Standard,13.99,167.88,PayPal,5,Documentary,6.23,0.31,Medium,19,Active,0,Retained,0.0
259e4b86-1544-4c6b-a093-d429692cdf4d,54,46-55,Male,South America,Desktop,Premium,17.99,215.88,Gift Card,3,Horror,6.26,0.12,Low,51,At Risk,1,Churned,17.99
c5922e16-8d07-4107-bf11-7a7d14353f44,57,56+,Male,Europe,TV,Premium,17.99,215.88,Crypto,5,Documentary,7.79,0.17,Medium,46,At Risk,1,Churned,17.99
9d5ba8a6-0786-4b13-9c64-881480979699,20,18-25,Female,Africa,Tablet,Basic,8.99,107.88,Credit Card,2,Romance,1.0,0.03,Low,32,At Risk,1,Churned,8.99
fdd9d730-eff6-4c49-86a3-1a8dbf9069f7,18,18-25,Female,Asia,Mobile,Standard,13.99,167.88,PayPal,2,Horror,9.29,0.18,Medium,52,At Risk,1,Churned,13.99
0c40bdbb-d30b-489e-ac36-91ab09dfdeab,57,56+,Male,Europe,Mobile,Basic,8.99,107.88,Gift Card,2,Drama,3.31,0.06,Low,57,At Risk,1,Churned,8.99
bf7ba12e-d46e-470f-a5b2-ac24e64e1000,33,26-35,Female,North America,Tablet,Standard,13.99,167.88,Credit Card,4,Sci-Fi,19.28,0.96,High,19,Active,0,Retained,0.0
dd0f0abf-7da7-451d-8303-5c9d4e6c7686,68,56+,Female,Oceania,Tablet,Premium,17.99,215.88,Crypto,2,Sci-Fi,23.8,4.76,High,4,Active,0,Retained,0.0
40bdcfc1-aa37-4245-8b1a-5457ee4c3329,66,56+,Female,South America,Tablet,Premium,17.99,215.88,Crypto,4,Drama,7.68,0.48,Medium,15,Active,0,Retained,0.0
8830a083-de96-4d43-a32b-e3862941a35d,30,26-35,Male,North America,Tablet,Basic,8.99,107.88,Debit Card,1,Drama,6.54,0.31,Medium,20,Active,1,Churned,8.99
029a667b-d5e3-4e33-8804-ae8ad6593a7d,38,36-45,Female,South America,TV,Basic,8.99,107.88,Crypto,1,Sci-Fi,7.92,0.42,Medium,18,Active,1,Churned,8.99
b4c0a5b3-9910-4d8d-a34b-c7ac6672e6c3,55,46-55,Other,Oceania,Desktop,Premium,17.99,215.88,Crypto,2,Comedy,4.36,0.08,Low,52,At Risk,1,Churned,17.99
7630541e-4db2-42e7-9ec2-cbad37db0b46,31,26-35,Male,Africa,Tablet,Basic,8.99,107.88,Debit Card,5,Sci-Fi,11.88,0.21,Medium,56,At Risk,1,Churned,8.99
0fbffe99-eba0-4a18-b1f4-42b9e249dfae,33,26-35,Female,North America,Desktop,Premium,17.99,215.88,PayPal,3,Horror,0.06,0.0,Low,53,At Risk,1,Churned,17.99
18d21cf8-fa88-4759-9ae3-81e1d3fc58fd,63,56+,Female,Europe,TV,Standard,13.99,167.88,PayPal,1,Drama,18.49,1.32,High,13,Active,0,Retained,0.0
8036cdac-84b1-4b10-abd3-f32109c28d1e,45,36-45,Other,Europe,Laptop,Basic,8.99,107.88,Debit Card,3,Drama,6.87,0.57,High,11,Active,0,Retained,0.0
a981b14d-307e-40e0-b1ac-65f5b3b6621d,24,18-25,Male,North America,Laptop,Basic,8.99,107.88,Gift Card,2,Drama,0.75,0.03,Low,26,At Risk,1,Churned,8.99
d65621ad-d7c8-43cb-b2d5-338df3a9e044,35,26-35,Other,Oceania,Laptop,Basic,8.99,107.88,Credit Card,2,Drama,8.87,0.81,High,10,Active,0,Retained,0.0
1afd1afc-9a16-4a59-9391-b5165327d402,69,56+,Male,North America,Laptop,Basic,8.99,107.88,Crypto,3,Comedy,21.53,2.69,High,7,Active,0,Retained,0.0
6242664e-528e-49c3-bd6d-d0449f66cc35,50,46-55,Other,South America,Desktop,Standard,13.99,167.88,Credit Card,4,Action,7.54,0.4,Medium,18,Active,0,Retained,0.0
ce42525a-3f98-4e08-96d5-22881f3069cb,69,56+,Female,Europe,Desktop,Premium,17.99,215.88,Debit Card,5,Action,6.95,0.13,Low,54,At Risk,0,Retained,0.0
b25014f9-a877-4644-8ca2-3ecc383aede2,37,36-45,Other,North America,Mobile,Premium,17.99,215.88,Crypto,3,Drama,58.79,2.1,High,27,At Risk,0,Retained,0.0
a92e0986-aa29-4342-a381-38b070a25697,50,46-55,Other,Oceania,Mobile,Basic,8.99,107.88,Crypto,4,Action,18.87,0.65,High,28,At Risk,0,Retained,0.0
72b7cdc5-7d03-4550-8bc6-28db784dc8ca,56,56+,Other,Oceania,Laptop,Premium,17.99,215.88,Crypto,4,Horror,0.12,0.01,Low,10,Active,1,Churned,17.99
39de63f4-d266-4abf-b0f2-369d426acb2a,29,26-35,Female,South America,Mobile,Premium,17.99,215.88,Crypto,1,Horror,17.11,2.85,High,5,Active,0,Retained,0.0
2858e12c-4b07-4c7d-98d7-1c54f6e93ae1,48,46-55,Male,South America,Mobile,Basic,8.99,107.88,Debit Card,1,Action,3.88,0.22,Medium,17,Active,1,Churned,8.99
b6b9253b-918d-45e9-8a32-50b03cd7e969,28,26-35,Male,Europe,Desktop,Premium,17.99,215.88,Credit Card,3,Drama,9.22,0.2,Medium,44,At Risk,1,Churned,17.99
56e18a3c-3306-426a-87f4-a30881570966,19,18-25,Other,Asia,Laptop,Standard,13.99,167.88,PayPal,4,Documentary,1.86,0.13,Low,13,Active,0,Retained,0.0
924f48da-83dd-4188-81e0-30d3d4b7753a,35,26-35,Other,Oceania,Mobile,Standard,13.99,167.88,Credit Card,4,Comedy,5.16,0.29,Medium,17,Active,0,Retained,0.0
af8f5153-7336-4fda-9255-900c86922fef,51,46-55,Other,South America,TV,Basic,8.99,107.88,Crypto,2,Documentary,1.5,0.04,Low,34,At Risk,1,Churned,8.99
11c276ad-6bf4-4e1e-bd5c-ae39ed4bad89,66,56+,Male,Europe,Desktop,Premium,17.99,215.88,PayPal,1,Action,5.73,0.1,Low,58,At Risk,1,Churned,17.99
3f02596b-e0e2-4a15-8142-60d5d4ea59cb,55,46-55,Male,Europe,Desktop,Basic,8.99,107.88,PayPal,3,Action,10.19,1.7,High,5,Active,0,Retained,0.0
31ff060b-e65e-4ff9-b663-dc0431f70c17,63,56+,Male,Europe,TV,Basic,8.99,107.88,Gift Card,4,Comedy,6.81,0.36,Medium,18,Active,0,Retained,0.0
2033f502-adfa-4ac1-8bfa-151aa1c6b05b,27,26-35,Other,South America,Mobile,Premium,17.99,215.88,PayPal,3,Drama,6.78,1.36,High,4,Active,0,Retained,0.0
0eac3038-33dd-4516-99ec-84d02f68a2c5,34,26-35,Other,Oceania,TV,Standard,13.99,167.88,PayPal,1,Action,1.92,0.06,Low,31,At Risk,1,Churned,13.99
a819f681-825a-48b6-9554-03c6ca09838b,39,36-45,Other,Europe,Mobile,Standard,13.99,167.88,Credit Card,4,Action,8.6,0.23,Medium,37,At Risk,0,Retained,0.0
2d0da2af-0c0a-45d2-90e2-09bf79d186b2,34,26-35,Female,Europe,Tablet,Standard,13.99,167.88,PayPal,1,Drama,4.06,0.09,Low,44,At Risk,1,Churned,13.99
7e1fcb2f-e933-483a-a590-2d30a6f08e1b,24,18-25,Female,North America,TV,Standard,13.99,167.88,PayPal,1,Sci-Fi,30.49,0.76,High,39,At Risk,0,Retained,0.0
94096f6c-620a-4bb2-a60e-37dd3f3b1c53,33,26-35,Female,South America,Desktop,Basic,8.99,107.88,Credit Card,2,Drama,6.73,0.14,Low,46,At Risk,1,Churned,8.99
47bac1f0-d7bf-4c0b-8489-888e89950661,62,56+,Male,South America,Tablet,Basic,8.99,107.88,Debit Card,4,Romance,0.9,0.04,Low,22,At Risk,1,Churned,8.99
7d3a7eb0-43dc-437f-acb9-23282ba7030d,51,46-55,Female,South America,Tablet,Basic,8.99,107.88,Gift Card,3,Comedy,7.61,0.32,Medium,23,At Risk,1,Churned,8.99
0473d552-6b1f-403d-82f0-df9246e4da81,48,46-55,Male,Asia,Desktop,Basic,8.99,107.88,Debit Card,3,Romance,7.52,0.15,Low,48,At Risk,1,Churned,8.99
f178d493-4e6d-4769-8e2a-fb17b9e3b217,20,18-25,Male,South America,Mobile,Premium,17.99,215.88,Credit Card,1,Comedy,6.94,0.15,Low,45,At Risk,1,Churned,17.99
8ef7eacb-b757-4433-8663-81f540a1f53f,44,36-45,Male,Africa,Tablet,Premium,17.99,215.88,PayPal,2,Documentary,0.62,0.03,Low,22,At Risk,1,Churned,17.99
f51adae7-ef23-404a-a35b-af069595bfc3,62,56+,Female,Europe,TV,Basic,8.99,107.88,Credit Card,3,Documentary,79.18,4.17,High,18,Active,0,Retained,0.0
5377482b-2831-42cb-a580-2c8bc3613adc,41,36-45,Other,Africa,Tablet,Basic,8.99,107.88,Debit Card,5,Comedy,5.65,0.1,Low,57,At Risk,1,Churned,8.99
cbd69447-6141-4d27-80e4-3d24b6720c99,51,46-55,Other,South America,Tablet,Premium,17.99,215.88,PayPal,4,Action,1.37,0.02,Low,60,At Risk,1,Churned,17.99
aa5d28fd-4c26-4f47-8fca-552f071cc0b4,39,36-45,Female,Europe,Tablet,Standard,13.99,167.88,Debit Card,3,Romance,17.67,1.26,High,13,Active,0,Retained,0.0
651b3e7c-1854-42e0-9a77-5764c9372d8c,52,46-55,Other,South America,TV,Basic,8.99,107.88,Debit Card,5,Horror,9.57,0.37,Medium,25,At Risk,0,Retained,0.0
f8a4d03b-fdf7-4ee5-86e9-411e45645bae,22,18-25,Male,Oceania,TV,Premium,17.99,215.88,PayPal,2,Horror,2.14,0.04,Low,52,At Risk,1,Churned,17.99
3a24c949-e09e-4bae-830b-2c5462cf12dd,23,18-25,Female,Oceania,Desktop,Basic,8.99,107.88,PayPal,1,Action,8.23,0.34,Medium,23,At Risk,1,Churned,8.99
e14b47da-804c-4813-9b11-42c5bf7a7966,44,36-45,Male,Europe,TV,Basic,8.99,107.88,Crypto,2,Documentary,24.96,0.69,High,35,At Risk,0,Retained,0.0
2c38e8ff-cf40-454e-b3b0-740af2a79dc4,58,56+,Female,Europe,Desktop,Standard,13.99,167.88,Gift Card,5,Sci-Fi,2.53,0.05,Low,54,At Risk,1,Churned,13.99
2b91949d-dcf1-41ea-a2d7-4c9314f5279d,37,36-45,Male,Africa,Laptop,Standard,13.99,167.88,PayPal,4,Documentary,5.08,0.12,Low,40,At Risk,0,Retained,0.0
c6ef4026-e73c-488a-ad6f-9928108317be,62,56+,Other,Africa,Laptop,Standard,13.99,167.88,PayPal,2,Horror,7.36,0.16,Low,45,At Risk,1,Churned,13.99
56a921c2-c213-45f1-9dbb-de2e3301283a,22,18-25,Female,Europe,Tablet,Basic,8.99,107.88,PayPal,1,Drama,8.01,0.3,Medium,26,At Risk,1,Churned,8.99
ed940bf8-aee8-4084-aea0-c94146d3a17c,59,56+,Male,South America,Laptop,Standard,13.99,167.88,Crypto,5,Drama,1.86,0.05,Low,40,At Risk,1,Churned,13.99
9dff2733-4de0-4a36-9c8c-0e7dac7e36da,67,56+,Male,South America,Tablet,Premium,17.99,215.88,Crypto,1,Horror,7.94,0.15,Low,52,At Risk,1,Churned,17.99
f33fab0f-cdc4-4f27-927b-71b8540f1645,63,56+,Female,South America,Desktop,Basic,8.99,107.88,Debit Card,3,Action,1.84,0.12,Low,15,Active,1,Churned,8.99
63a5e679-c714-4728-b7b1-bd682373e173,23,18-25,Other,South America,Tablet,Basic,8.99,107.88,Credit Card,4,Comedy,1.04,0.02,Low,59,At Risk,1,Churned,8.99
eb856ff3-00f3-44e5-be5b-0d895c9226e5,68,56+,Male,Oceania,Desktop,Basic,8.99,107.88,Credit Card,5,Documentary,24.34,1.43,High,16,Active,0,Retained,0.0
36c1e728-81e6-4d66-99a2-cc8773d2db30,42,36-45,Other,Europe,Desktop,Standard,13.99,167.88,Crypto,3,Romance,0.02,0.0,Low,38,At Risk,1,Churned,13.99
59851cb6-1f00-424c-88b2-e1a5a3320650,61,56+,Female,South America,TV,Premium,17.99,215.88,Crypto,1,Action,6.27,0.15,Low,42,At Risk,1,Churned,17.99
d1a393f0-9e4c-481a-a923-37ac3b34df3e,39,36-45,Male,Asia,TV,Premium,17.99,215.88,Credit Card,1,Documentary,16.03,1.15,High,13,Active,0,Retained,0.0
351a84a4-4945-4956-a4f9-191886ec3e59,22,18-25,Female,Oceania,Laptop,Standard,13.99,167.88,Crypto,4,Sci-Fi,2.14,0.05,Low,44,At Risk,1,Churned,13.99
4a96d981-4507-4e47-816a-6b5cf721875f,46,46-55,Male,Asia,Laptop,Basic,8.99,107.88,Credit Card,2,Sci-Fi,13.33,0.38,Medium,34,At Risk,1,Churned,8.99
deb7873d-1def-45fa-afd9-1cd7a6c3b199,64,56+,Male,Oceania,Mobile,Basic,8.99,107.88,Credit Card,1,Romance,15.97,2.28,High,6,Active,0,Retained,0.0
f44bb6f9-a8d9-4bac-95fc-6fd46ca8c65c,35,26-35,Male,Europe,Tablet,Premium,17.99,215.88,PayPal,3,Horror,11.07,0.85,High,12,Active,0,Retained,0.0
02ec2522-2ad3-47c8-862a-0ecbcd44d536,53,46-55,Female,North America,Mobile,Basic,8.99,107.88,Gift Card,3,Action,7.84,7.84,High,0,Active,0,Retained,0.0
6308bb89-2d05-4eb5-b8b6-1a29eaa86f65,40,36-45,Other,Africa,Laptop,Basic,8.99,107.88,PayPal,4,Horror,8.15,0.33,Medium,24,At Risk,0,Retained,0.0
17eb2d4c-2069-4247-9ced-33e6af1ccd4f,41,36-45,Female,Asia,Laptop,Premium,17.99,215.88,PayPal,1,Horror,1.35,0.02,Low,59,At Risk,1,Churned,17.99
04664fb8-2dc2-49fc-8f2f-2783dcbe7443,26,26-35,Male,South America,Desktop,Standard,13.99,167.88,Gift Card,2,Romance,41.97,0.93,High,44,At Risk,0,Retained,0.0
e401cb19-1807-4c06-99bc-0cc66b195884,53,46-55,Other,Asia,Laptop,Standard,13.99,167.88,Debit Card,1,Drama,7.16,0.21,Medium,33,At Risk,1,Churned,13.99
0567aa10-7398-4fb5-9ad7-05bc221ccf7b,70,56+,Female,Africa,Desktop,Basic,8.99,107.88,Crypto,3,Horror,12.25,1.36,High,8,Active,0,Retained,0.0
0e38ffca-1f73-4b0d-82c2-e19a2035bab1,46,46-55,Other,Africa,Desktop,Premium,17.99,215.88,Gift Card,5,Romance,8.98,0.64,High,13,Active,0,Retained,0.0
a3e71728-f0d7-4b75-adf0-6df1d25f662e,22,18-25,Other,South America,TV,Standard,13.99,167.88,Credit Card,5,Romance,21.77,0.81,High,26,At Risk,0,Retained,0.0
153f211f-8482-4da2-89b4-44848fa3ee76,55,46-55,Female,Asia,Tablet,Standard,13.99,167.88,Credit Card,3,Comedy,50.26,0.93,High,53,At Risk,0,Retained,0.0
25d139fe-79a2-42a1-8a50-519177556977,26,26-35,Male,Africa,Laptop,Standard,13.99,167.88,PayPal,1,Horror,4.97,0.45,Medium,10,Active,1,Churned,13.99
a7a5f733-c699-45ee-8aa3-22d484d8dfba,43,36-45,Male,Oceania,Laptop,Premium,17.99,215.88,Gift Card,1,Documentary,2.23,0.07,Low,29,At Risk,1,Churned,17.99
c50b4664-7e7c-4c68-8615-0dd35ce09233,51,46-55,Female,Africa,Laptop,Basic,8.99,107.88,PayPal,5,Action,12.86,0.39,Medium,32,At Risk,1,Churned,8.99
9a94d32f-e929-4b83-8cb1-b58b14e15500,41,36-45,Male,North America,Laptop,Standard,13.99,167.88,PayPal,2,Drama,9.19,0.2,Medium,45,At Risk,1,Churned,13.99
b1fd18d0-3bee-4d64-b41d-20adab557168,25,18-25,Male,North America,TV,Standard,13.99,167.88,PayPal,2,Action,9.59,0.37,Medium,25,At Risk,0,Retained,0.0
92880fff-5ea0-438f-b82f-52da83a48a2e,27,26-35,Female,Oceania,Laptop,Premium,17.99,215.88,Gift Card,2,Documentary,5.82,0.12,Low,49,At Risk,1,Churned,17.99
275285d4-3473-42ef-9539-36f58642ca2d,62,56+,Male,Europe,TV,Premium,17.99,215.88,Credit Card,4,Documentary,5.94,0.35,Medium,16,Active,0,Retained,0.0
c7e04e58-fe88-45e8-9b70-e8325d3c0d77,36,36-45,Other,Oceania,Laptop,Premium,17.99,215.88,Debit Card,5,Documentary,25.4,0.54,High,46,At Risk,0,Retained,0.0
ed3733c8-fad9-42d2-a075-753a501485c1,30,26-35,Male,South America,TV,Standard,13.99,167.88,Gift Card,4,Documentary,2.26,0.56,High,3,Active,0,Retained,0.0
bb595ca1-75a4-4ff2-b2d5-7bc616908485,57,56+,Other,South America,Desktop,Basic,8.99,107.88,Gift Card,4,Romance,21.42,0.41,Medium,51,At Risk,1,Churned,8.99
de6ffcd0-4344-4bc7-9f81-0a47b718b1c6,48,46-55,Female,North America,Mobile,Standard,13.99,167.88,Credit Card,1,Action,0.81,0.01,Low,54,At Risk,1,Churned,13.99
7ae75372-d52c-4b9f-81db-187b5df11b8f,37,36-45,Female,Asia,Desktop,Premium,17.99,215.88,Debit Card,2,Documentary,7.79,0.14,Low,55,At Risk,1,Churned,17.99
0961b447-259c-4106-9dfc-b29c18ee3268,31,26-35,Female,North America,Tablet,Premium,17.99,215.88,PayPal,3,Sci-Fi,17.83,1.98,High,8,Active,0,Retained,0.0
6733fa88-2c22-4289-8f9d-2738f2f223f2,67,56+,Female,Europe,Mobile,Basic,8.99,107.88,Gift Card,4,Horror,0.34,0.02,Low,16,Active,1,Churned,8.99
ba736959-f583-4739-8968-0290afa029e6,49,46-55,Male,Oceania,Mobile,Basic,8.99,107.88,Crypto,3,Action,4.11,1.03,High,3,Active,1,Churned,8.99
d60d6724-ba88-43d6-b084-1098266795e3,63,56+,Other,North America,Desktop,Premium,17.99,215.88,Crypto,2,Sci-Fi,13.82,0.35,Medium,38,At Risk,1,Churned,17.99
16e5f52c-b9a9-4682-bd78-bab672de433f,48,46-55,Male,North America,Laptop,Basic,8.99,107.88,Crypto,5,Documentary,2.12,0.04,Low,52,At Risk,1,Churned,8.99
cae083ba-161c-4411-a397-aa999397571f,42,36-45,Other,Europe,Laptop,Basic,8.99,107.88,PayPal,5,Sci-Fi,28.96,1.26,High,22,At Risk,0,Retained,0.0
c7e024a2-a7b1-42de-9ec8-2eface7a42ea,54,46-55,Male,Asia,Tablet,Standard,13.99,167.88,PayPal,4,Horror,13.51,0.5,Medium,26,At Risk,0,Retained,0.0
d294b97f-cf2d-4d94-a8ae-75b4fbb91cf6,39,36-45,Other,North America,Laptop,Premium,17.99,215.88,Debit Card,5,Drama,3.87,0.16,Low,23,At Risk,0,Retained,0.0
658035e4-1ba4-4be1-9ef9-45b5307d06d0,31,26-35,Other,North America,Desktop,Premium,17.99,215.88,PayPal,2,Sci-Fi,15.41,0.34,Medium,44,At Risk,1,Churned,17.99
581e6697-714a-4270-a0ee-fa3f59b0af0c,46,46-55,Female,Europe,Tablet,Standard,13.99,167.88,Crypto,2,Documentary,3.07,0.06,Low,51,At Risk,1,Churned,13.99
803ceff0-36a0-4703-bf52-cad1d975542f,53,46-55,Male,Africa,Mobile,Basic,8.99,107.88,PayPal,3,Comedy,0.09,0.0,Low,18,Active,1,Churned,8.99
73f751c7-8c61-4e76-83b6-452af6a4ede5,33,26-35,Female,Oceania,Desktop,Premium,17.99,215.88,Debit Card,2,Comedy,3.91,0.33,Medium,11,Active,1,Churned,17.99
b599a0ed-bf0a-45bb-aeb6-0722f73a50fa,67,56+,Male,Asia,Tablet,Standard,13.99,167.88,Crypto,2,Romance,1.71,0.04,Low,47,At Risk,1,Churned,13.99
da72bd4b-af88-4044-9054-b1256e865aa1,37,36-45,Female,Europe,TV,Premium,17.99,215.88,Debit Card,3,Documentary,0.56,0.01,Low,50,At Risk,1,Churned,17.99
5e38612f-0499-48d1-9b5c-77f3ac880488,25,18-25,Male,South America,Laptop,Standard,13.99,167.88,Crypto,2,Documentary,7.12,0.21,Medium,33,At Risk,1,Churned,13.99
0a66cb6f-a8c4-44db-bce7-81a5c9e5e968,54,46-55,Female,South America,Laptop,Premium,17.99,215.88,Credit Card,5,Documentary,1.42,0.02,Low,59,At Risk,1,Churned,17.99
b9444b66-159e-4445-baa3-86b6c67d2a12,29,26-35,Female,Africa,Mobile,Basic,8.99,107.88,PayPal,4,Comedy,18.53,0.66,High,27,At Risk,0,Retained,0.0
a4493643-2e07-47da-a9aa-2cfd8b95ee3c,63,56+,Male,Asia,Mobile,Premium,17.99,215.88,PayPal,2,Sci-Fi,13.66,2.73,High,4,Active,0,Retained,0.0
9cbb6afa-02d9-4d41-a3a0-2cee0503e9cb,30,26-35,Female,Europe,Desktop,Standard,13.99,167.88,Crypto,1,Horror,6.03,0.86,High,6,Active,0,Retained,0.0
7bab1710-b049-40ab-a51a-d4b81eb796ca,50,46-55,Female,South America,Tablet,Standard,13.99,167.88,Credit Card,2,Documentary,16.83,1.4,High,11,Active,0,Retained,0.0
34a2c2e6-d37c-441d-a3fa-8e2683608dc9,36,36-45,Male,Europe,Tablet,Standard,13.99,167.88,Credit Card,1,Romance,10.58,10.58,High,0,Active,0,Retained,0.0
d2175c8d-2b9d-4e57-8156-d60a6337269d,56,56+,Other,Oceania,TV,Standard,13.99,167.88,Debit Card,2,Drama,11.0,0.5,Medium,21,At Risk,0,Retained,0.0
6c1223e7-81e1-4917-85e5-1a4c20152121,65,56+,Other,Oceania,Tablet,Basic,8.99,107.88,Crypto,5,Comedy,4.92,0.11,Low,44,At Risk,1,Churned,8.99
5dd87c4e-29ae-4eb3-af0c-170f76727f27,54,46-55,Female,South America,Laptop,Basic,8.99,107.88,Gift Card,3,Horror,39.11,0.72,High,53,At Risk,0,Retained,0.0
459f77f9-49ea-4a47-8ef9-eccbcd48f711,38,36-45,Male,South America,Tablet,Basic,8.99,107.88,Credit Card,1,Drama,23.85,0.63,High,37,At Risk,0,Retained,0.0
593f585f-8c2e-4301-8d4f-9a5072b0521a,54,46-55,Male,Europe,Tablet,Premium,17.99,215.88,Debit Card,3,Documentary,12.02,0.2,Medium,58,At Risk,1,Churned,17.99
fcb2d78a-d7e2-4f45-bf6f-5c9d5be316a1,60,56+,Male,Oceania,Desktop,Premium,17.99,215.88,Gift Card,5,Sci-Fi,17.14,0.59,High,28,At Risk,0,Retained,0.0
9cf92281-2835-407d-8baf-930f65d4a895,40,36-45,Other,South America,TV,Premium,17.99,215.88,Crypto,1,Action,2.14,0.16,Low,12,Active,1,Churned,17.99
e0bd7f71-4fed-42d8-9543-838248a460d6,23,18-25,Female,Oceania,TV,Premium,17.99,215.88,Debit Card,2,Documentary,14.78,1.23,High,11,Active,0,Retained,0.0
f391b24a-8f47-4abf-98c6-2b6dc029b507,25,18-25,Female,North America,TV,Basic,8.99,107.88,Gift Card,5,Action,13.15,0.24,Medium,54,At Risk,1,Churned,8.99
8d62006d-9f79-4c44-8f55-bc75e32a3113,24,18-25,Female,Asia,Desktop,Premium,17.99,215.88,PayPal,5,Sci-Fi,17.2,0.51,Medium,33,At Risk,0,Retained,0.0
58edff7e-fe12-4847-9d63-96fca02927aa,34,26-35,Other,South America,Desktop,Basic,8.99,107.88,Crypto,4,Action,4.51,0.11,Low,39,At Risk,1,Churned,8.99
ac249a0b-f687-44e4-8b45-c7e3ca5b62af,37,36-45,Other,Oceania,Mobile,Basic,8.99,107.88,PayPal,2,Romance,13.86,0.25,Medium,55,At Risk,1,Churned,8.99
22cf3563-a74a-422c-b504-4ed96bd42adb,24,18-25,Other,Asia,TV,Standard,13.99,167.88,PayPal,4,Romance,6.56,0.73,High,8,Active,0,Retained,0.0
a369fdd9-f4e2-4ce1-88b5-8e63a29d3048,35,26-35,Male,Europe,Mobile,Basic,8.99,107.88,Gift Card,4,Comedy,32.1,0.54,High,58,At Risk,0,Retained,0.0
14fd0c3d-7c20-4f74-b705-fc894aafc0e6,69,56+,Other,Africa,Laptop,Standard,13.99,167.88,Gift Card,3,Horror,1.33,0.06,Low,22,At Risk,1,Churned,13.99
c4e791eb-6ab3-4845-a181-b678fa7fa97a,69,56+,Other,Oceania,TV,Standard,13.99,167.88,PayPal,2,Horror,77.65,1.47,High,52,At Risk,0,Retained,0.0
ffd64028-3f77-4c63-8a5c-42c17cf277db,67,56+,Male,Africa,TV,Standard,13.99,167.88,Crypto,1,Sci-Fi,5.35,0.11,Low,46,At Risk,1,Churned,13.99
e873479a-1eee-40eb-b0ff-a77512efc64e,66,56+,Female,North America,Tablet,Standard,13.99,167.88,PayPal,5,Sci-Fi,21.15,0.41,Medium,51,At Risk,0,Retained,0.0
ac571168-447d-4a33-9a0e-9ecf66da13a2,41,36-45,Male,Europe,Desktop,Standard,13.99,167.88,Crypto,2,Sci-Fi,1.87,0.05,Low,37,At Risk,1,Churned,13.99
ab3d3213-c9c4-4843-abef-94fedd12b6b9,60,56+,Other,Asia,Laptop,Standard,13.99,167.88,Debit Card,5,Action,2.38,0.22,Medium,10,Active,0,Retained,0.0
5f50140b-1f81-4e05-bf0d-e2efdf9d83d0,69,56+,Male,Europe,Desktop,Standard,13.99,167.88,Credit Card,2,Documentary,0.36,0.01,Low,50,At Risk,1,Churned,13.99
8ca24125-559b-4d91-b405-46de7915f685,65,56+,Female,South America,TV,Standard,13.99,167.88,Crypto,3,Sci-Fi,7.4,0.21,Medium,34,At Risk,1,Churned,13.99
3687107c-7c9b-40ff-86e7-2d0636774a48,20,18-25,Other,North America,Desktop,Standard,13.99,167.88,Debit Card,1,Comedy,0.68,0.02,Low,35,At Risk,1,Churned,13.99
97532dfe-a293-4674-8dc1-1a90ca1e2925,28,26-35,Other,North America,Laptop,Premium,17.99,215.88,Gift Card,1,Romance,4.3,0.2,Medium,21,At Risk,1,Churned,17.99
a7273326-fb8b-470d-ba98-dc6855d36bda,34,26-35,Female,Oceania,Tablet,Premium,17.99,215.88,Gift Card,4,Romance,9.54,0.56,High,16,Active,0,Retained,0.0
d2a0854f-8b84-470a-8f81-ce7c2949e216,63,56+,Male,South America,Desktop,Basic,8.99,107.88,Credit Card,1,Romance,4.09,0.07,Low,55,At Risk,1,Churned,8.99
0ff5f6d7-dc9b-46c0-b3d3-1a613b6f40dc,46,46-55,Male,North America,Desktop,Standard,13.99,167.88,Credit Card,4,Documentary,19.74,6.58,High,2,Active,0,Retained,0.0
d70e827b-2928-45cb-8c8a-70bb92c01baf,20,18-25,Male,Africa,TV,Premium,17.99,215.88,Gift Card,5,Documentary,8.24,0.14,Low,57,At Risk,1,Churned,17.99
aa7a6ff6-6acb-4fa2-80ac-c9df590d99b5,55,46-55,Female,South America,Laptop,Premium,17.99,215.88,Crypto,5,Action,14.29,0.46,Medium,30,At Risk,0,Retained,0.0
f28ba34a-da01-4b10-a6e5-f19be9ec4993,43,36-45,Female,Europe,Laptop,Premium,17.99,215.88,Gift Card,3,Romance,12.18,0.24,Medium,50,At Risk,1,Churned,17.99
f8c37904-7754-4f4f-a0a6-6c300f52d1b9,51,46-55,Other,Africa,Laptop,Standard,13.99,167.88,Gift Card,1,Documentary,1.12,0.03,Low,34,At Risk,1,Churned,13.99
13892f24-0399-43e4-81ad-b2683a5937f3,44,36-45,Male,Europe,TV,Premium,17.99,215.88,PayPal,4,Drama,2.11,0.08,Low,25,At Risk,0,Retained,0.0
774601aa-0882-4fa4-a7ee-c107ab9822e5,29,26-35,Other,North America,TV,Basic,8.99,107.88,PayPal,3,Comedy,14.55,0.77,High,18,Active,0,Retained,0.0
032e9a3c-7d07-42e6-8dc5-6c7da4996529,29,26-35,Male,Asia,TV,Basic,8.99,107.88,Gift Card,4,Horror,5.33,0.14,Low,36,At Risk,1,Churned,8.99
4d6d9b2f-0d81-4d94-9269-e312986bcc5d,33,26-35,Other,Asia,TV,Standard,13.99,167.88,Debit Card,5,Comedy,7.06,0.42,Medium,16,Active,0,Retained,0.0
00cf1667-2876-4dc9-978d-c5ab0abbde82,27,26-35,Other,Africa,Laptop,Standard,13.99,167.88,Credit Card,4,Action,20.02,0.37,Medium,53,At Risk,0,Retained,0.0
85745954-f001-4b50-a3a8-89081a78fdb3,43,36-45,Female,South America,Laptop,Standard,13.99,167.88,Gift Card,5,Drama,3.24,0.14,Low,23,At Risk,1,Churned,13.99
d7f4bf21-ac26-45bf-91f0-06e1fcfe9bd7,65,56+,Other,Africa,TV,Basic,8.99,107.88,Credit Card,1,Sci-Fi,25.81,0.61,High,41,At Risk,0,Retained,0.0
01e6801b-1fef-42fb-8ef2-ea09b77073a7,20,18-25,Other,Africa,Mobile,Premium,17.99,215.88,Credit Card,2,Documentary,11.73,1.17,High,9,Active,0,Retained,0.0
ab0f1851-f5da-466f-9a40-39ac5c454128,27,26-35,Other,Europe,Tablet,Basic,8.99,107.88,Gift Card,3,Drama,0.18,0.02,Low,7,Active,1,Churned,8.99
671165ba-f196-4285-925f-75d561220775,24,18-25,Male,North America,Tablet,Premium,17.99,215.88,Debit Card,1,Romance,6.01,0.1,Low,58,At Risk,1,Churned,17.99
d2d40ebb-b8b3-4ad9-ace3-096edd180329,37,36-45,Other,South America,Desktop,Standard,13.99,167.88,Credit Card,5,Comedy,1.56,0.07,Low,21,At Risk,0,Retained,0.0
5c0b46c2-c510-45ff-98bb-beb686d84154,19,18-25,Female,North America,Desktop,Standard,13.99,167.88,Crypto,2,Horror,24.66,0.88,High,27,At Risk,0,Retained,0.0
58ded57a-ec90-49e9-963f-dfea5dc82a15,46,46-55,Male,Europe,TV,Basic,8.99,107.88,Crypto,4,Drama,11.72,0.49,Medium,23,At Risk,0,Retained,0.0
66dec43e-1ffc-4923-9e95-3d865f5b8ef2,35,26-35,Female,Europe,Tablet,Standard,13.99,167.88,Credit Card,2,Sci-Fi,20.45,1.86,High,10,Active,0,Retained,0.0
fde12247-9936-42f7-8be1-77087b2ccb06,33,26-35,Other,Africa,Desktop,Standard,13.99,167.88,Crypto,3,Sci-Fi,8.94,0.18,Medium,50,At Risk,1,Churned,13.99
b54bde1d-fa6b-4376-8f85-5daf9af3baf0,65,56+,Female,Asia,Laptop,Basic,8.99,107.88,Crypto,3,Sci-Fi,10.94,0.58,High,18,Active,0,Retained,0.0
fa32fedc-ac88-4f28-b1a5-911aa754bb54,61,56+,Other,Africa,Tablet,Premium,17.99,215.88,Crypto,1,Drama,24.63,1.23,High,19,Active,0,Retained,0.0
4acf70a4-4601-4a7b-ba60-ec429e02ed93,57,56+,Other,North America,Desktop,Standard,13.99,167.88,Credit Card,2,Drama,45.93,0.85,High,53,At Risk,0,Retained,0.0
1f93face-05de-4411-bebd-d5f0d5ca63cd,38,36-45,Male,North America,TV,Premium,17.99,215.88,Debit Card,4,Drama,11.96,0.52,High,22,At Risk,0,Retained,0.0
e81aef30-e7a7-4aeb-8eef-c4967596a893,24,18-25,Female,North America,Tablet,Standard,13.99,167.88,Debit Card,1,Romance,8.4,0.28,Medium,29,At Risk,0,Retained,0.0
99bc6deb-c00c-4e60-bf79-57535827e446,20,18-25,Female,Oceania,Desktop,Basic,8.99,107.88,Crypto,2,Documentary,25.17,6.29,High,3,Active,0,Retained,0.0
44ae8a3c-93f0-4ffa-80ab-a04b49d288ce,31,26-35,Other,Africa,Laptop,Basic,8.99,107.88,Debit Card,4,Sci-Fi,2.82,0.14,Low,19,Active,1,Churned,8.99
0bc417ee-3f71-4373-a8cc-331b1aa4a350,48,46-55,Other,Africa,Laptop,Basic,8.99,107.88,Credit Card,2,Drama,1.61,0.04,Low,41,At Risk,1,Churned,8.99
4cbbe2c6-93a6-4f4a-8a58-cb0568992128,22,18-25,Male,Asia,Desktop,Premium,17.99,215.88,PayPal,1,Romance,14.69,1.13,High,12,Active,0,Retained,0.0
842e532f-eafa-43c3-91e1-043216a3a1b9,35,26-35,Female,Oceania,Mobile,Basic,8.99,107.88,Debit Card,5,Horror,20.74,0.4,Medium,51,At Risk,0,Retained,0.0
ce76d2eb-7452-44f4-bfe8-8f14ea2d179f,56,56+,Other,Oceania,Tablet,Basic,8.99,107.88,Credit Card,1,Sci-Fi,1.62,0.18,Medium,8,Active,1,Churned,8.99
b944a82d-8935-4ec4-a9a8-ee375c046361,27,26-35,Female,Oceania,Laptop,Standard,13.99,167.88,Crypto,5,Sci-Fi,5.85,1.46,High,3,Active,0,Retained,0.0
56fc1cd3-f46c-45b1-86c8-a8d814b4b01f,37,36-45,Female,Africa,Mobile,Basic,8.99,107.88,Credit Card,3,Action,12.73,0.25,Medium,49,At Risk,1,Churned,8.99
eeecc979-d06f-4951-a2cd-655a554aeab5,18,18-25,Female,Europe,Laptop,Premium,17.99,215.88,Debit Card,5,Sci-Fi,22.0,1.38,High,15,Active,0,Retained,0.0
8cba73af-fdd2-40c5-a047-ad5892347414,68,56+,Male,Africa,Desktop,Premium,17.99,215.88,Credit Card,1,Drama,18.66,0.32,Medium,57,At Risk,1,Churned,17.99
ce9e2886-8929-4783-b4c6-606c0b390a67,28,26-35,Other,Oceania,TV,Premium,17.99,215.88,Crypto,3,Horror,11.92,0.22,Medium,52,At Risk,1,Churned,17.99
de4b41a5-0849-4e62-8e1a-8a8402d632bc,52,46-55,Other,Oceania,Desktop,Premium,17.99,215.88,Credit Card,3,Comedy,7.17,0.15,Low,48,At Risk,1,Churned,17.99
2def8921-9bc9-4018-94e5-e01583cb4a8a,45,36-45,Female,Oceania,TV,Basic,8.99,107.88,Crypto,5,Horror,5.12,0.2,Medium,25,At Risk,0,Retained,0.0
c6866d13-0b06-4e37-9951-7419fe48f070,30,26-35,Male,Europe,Mobile,Standard,13.99,167.88,Debit Card,4,Horror,31.65,1.05,High,29,At Risk,0,Retained,0.0
35f91264-6cc8-4a3a-ba35-f41a1f8845b8,29,26-35,Female,South America,TV,Basic,8.99,107.88,Gift Card,2,Comedy,5.55,0.26,Medium,20,Active,1,Churned,8.99
6322cad7-9bab-45ba-974b-e2761a226ff6,30,26-35,Female,Asia,Tablet,Standard,13.99,167.88,PayPal,1,Horror,6.42,0.24,Medium,26,At Risk,0,Retained,0.0
0c62aef7-ef41-42aa-8500-89a6c481df76,63,56+,Other,South America,Mobile,Premium,17.99,215.88,PayPal,3,Documentary,16.38,0.58,High,27,At Risk,0,Retained,0.0
37791795-8e12-4220-89b1-1fcdde816eba,34,26-35,Other,Africa,TV,Premium,17.99,215.88,Gift Card,4,Sci-Fi,29.29,1.46,High,19,Active,0,Retained,0.0
48b9de50-6724-44ad-a0d2-d78beb2554c4,55,46-55,Female,Asia,Laptop,Standard,13.99,167.88,Crypto,4,Romance,13.62,0.28,Medium,47,At Risk,1,Churned,13.99
0c872601-857c-425d-813a-07043f66be87,62,56+,Other,North America,Mobile,Basic,8.99,107.88,PayPal,1,Comedy,4.14,0.11,Low,38,At Risk,1,Churned,8.99
9c36838f-6eaf-4bb4-9024-1e2b376b94ab,45,36-45,Female,Oceania,Tablet,Premium,17.99,215.88,Debit Card,5,Romance,32.96,0.65,High,50,At Risk,0,Retained,0.0
3a184b71-300b-4893-b4aa-92cff705b7c7,60,56+,Male,Africa,Tablet,Standard,13.99,167.88,Credit Card,3,Romance,8.17,0.63,High,12,Active,0,Retained,0.0
d1eea60c-8922-461e-97b9-7c8c3634e4a8,46,46-55,Male,Oceania,Mobile,Premium,17.99,215.88,PayPal,2,Documentary,14.63,14.63,High,0,Active,0,Retained,0.0
ad4116a1-d841-48bb-b96d-4474cbf84c68,44,36-45,Female,Asia,TV,Premium,17.99,215.88,PayPal,2,Romance,7.59,0.16,Low,46,At Risk,1,Churned,17.99
1ee48ca0-f336-47e8-bc94-950b8fb7b8e4,39,36-45,Male,Africa,Desktop,Standard,13.99,167.88,Crypto,3,Romance,6.8,0.15,Low,44,At Risk,1,Churned,13.99
e256a69a-08fe-4384-91d9-c1bc7bb74c96,69,56+,Other,Europe,Desktop,Basic,8.99,107.88,Credit Card,5,Documentary,1.9,0.24,Medium,7,Active,1,Churned,8.99
01b9a552-c129-4000-a259-2125118a2d05,44,36-45,Female,North America,Mobile,Basic,8.99,107.88,Crypto,5,Romance,1.69,0.21,Medium,7,Active,1,Churned,8.99
f3763f9d-ced2-4983-9cfa-203770b1f23d,60,56+,Male,South America,Tablet,Basic,8.99,107.88,Gift Card,2,Romance,3.09,0.09,Low,35,At Risk,1,Churned,8.99
5f4ae876-26fa-4e2d-a50c-06cc47a357a5,18,18-25,Other,Africa,Mobile,Standard,13.99,167.88,Gift Card,5,Drama,0.24,0.01,Low,24,At Risk,1,Churned,13.99
23701bff-2f61-4efb-8367-a2b937e0a8c4,58,56+,Female,Oceania,Desktop,Standard,13.99,167.88,Crypto,4,Documentary,17.9,0.34,Medium,52,At Risk,1,Churned,13.99
6065d8f7-08e7-421c-ab2c-0f3401c1007e,54,46-55,Male,North America,TV,Premium,17.99,215.88,Debit Card,3,Documentary,4.81,0.17,Medium,27,At Risk,1,Churned,17.99
38c98f6f-3535-415c-bfba-78244c1ba199,61,56+,Male,North America,Laptop,Standard,13.99,167.88,PayPal,2,Romance,7.28,0.61,High,11,Active,0,Retained,0.0
7af0ed2d-08ed-400c-a8e7-b764ab1e1b78,68,56+,Other,North America,Mobile,Premium,17.99,215.88,Credit Card,4,Drama,7.65,0.15,Low,50,At Risk,0,Retained,0.0
14ce19c7-ffce-41b5-b4a1-67314cd5974a,35,26-35,Female,Oceania,Mobile,Basic,8.99,107.88,Crypto,5,Romance,8.85,0.18,Medium,48,At Risk,1,Churned,8.99
46849fbb-5a52-4e73-bb8f-ae01b6fb599c,45,36-45,Female,Africa,Tablet,Standard,13.99,167.88,Gift Card,5,Romance,21.09,4.22,High,4,Active,0,Retained,0.0
c916c9b4-1164-4387-81e7-0c2d0565b9b1,32,26-35,Other,North America,Laptop,Basic,8.99,107.88,Credit Card,4,Horror,15.46,2.21,High,6,Active,0,Retained,0.0
44cc0ae8-cb94-4b3f-9d0d-0c24c1a57267,63,56+,Female,Africa,Tablet,Standard,13.99,167.88,Debit Card,1,Horror,9.75,0.44,Medium,21,At Risk,0,Retained,0.0
4b3a58cf-f92e-40ab-bfe3-9203f6b813ea,53,46-55,Female,Europe,Desktop,Standard,13.99,167.88,Credit Card,2,Romance,2.23,0.1,Low,22,At Risk,1,Churned,13.99
7e08b75e-d8c2-4370-917d-99e19d660ed3,52,46-55,Other,Africa,Desktop,Basic,8.99,107.88,PayPal,4,Romance,4.08,0.11,Low,37,At Risk,1,Churned,8.99
ecd05571-5133-452b-a15c-58b1d6fcf55b,70,56+,Female,Europe,Tablet,Standard,13.99,167.88,Gift Card,5,Documentary,2.21,0.04,Low,56,At Risk,1,Churned,13.99
ad1386aa-c4a6-4fef-ac7d-8d017bc1834d,46,46-55,Other,Oceania,TV,Standard,13.99,167.88,Crypto,5,Sci-Fi,7.14,0.3,Medium,23,At Risk,0,Retained,0.0
5c0d251e-ecf0-42b1-a8a3-92879c7759d2,19,18-25,Female,Asia,Mobile,Basic,8.99,107.88,Credit Card,2,Drama,6.32,1.58,High,3,Active,0,Retained,0.0
1c50a915-b685-4954-b75e-50696b67585c,24,18-25,Male,Europe,TV,Standard,13.99,167.88,Gift Card,5,Horror,22.15,2.01,High,10,Active,0,Retained,0.0
0dbd65af-cebd-466e-8dae-0faefae015d0,59,56+,Male,Africa,Laptop,Premium,17.99,215.88,Credit Card,5,Comedy,2.83,0.22,Medium,12,Active,0,Retained,0.0
b0e1e6b6-595d-40f5-9190-bda8ffaf670c,49,46-55,Female,Europe,TV,Standard,13.99,167.88,Debit Card,3,Romance,4.38,0.1,Low,43,At Risk,1,Churned,13.99
af3333ad-218a-4c59-a505-0bdc6c3a8ff9,43,36-45,Male,Africa,Mobile,Standard,13.99,167.88,Debit Card,3,Documentary,9.13,0.7,High,12,Active,0,Retained,0.0
b86d66cb-9189-4291-b58a-ff82f1400a1b,31,26-35,Other,Africa,Tablet,Premium,17.99,215.88,Crypto,4,Horror,13.34,0.33,Medium,39,At Risk,1,Churned,17.99
8792f856-e6dc-4e01-9e66-5da330500bb1,70,56+,Other,North America,TV,Basic,8.99,107.88,Crypto,4,Horror,26.98,0.47,Medium,57,At Risk,1,Churned,8.99
9ee323d9-03fd-4243-b725-0799969eebe5,56,56+,Male,Oceania,Tablet,Standard,13.99,167.88,Credit Card,5,Horror,0.93,0.31,Medium,2,Active,0,Retained,0.0
ed30d9dc-3b8b-4568-90b0-9a4ab37c0b43,33,26-35,Other,South America,Laptop,Standard,13.99,167.88,Crypto,5,Horror,4.18,0.38,Medium,10,Active,1,Churned,13.99
5fd52a5c-0e8a-4c1f-bce7-fb565f654413,58,56+,Other,Oceania,TV,Basic,8.99,107.88,Crypto,1,Comedy,5.36,0.09,Low,59,At Risk,1,Churned,8.99
646fdaf5-1306-44f0-b02d-00ae75a929ae,31,26-35,Female,South America,Laptop,Basic,8.99,107.88,Credit Card,2,Documentary,3.77,0.29,Medium,12,Active,1,Churned,8.99
a29a6a04-1baa-41ca-a6f8-8975da13ccac,29,26-35,Other,Europe,Mobile,Premium,17.99,215.88,Gift Card,1,Horror,2.06,0.08,Low,24,At Risk,1,Churned,17.99
35687a5e-84aa-4fd3-8a35-6d2c4ede909e,46,46-55,Female,North America,Tablet,Premium,17.99,215.88,Debit Card,2,Sci-Fi,4.16,0.3,Medium,13,Active,1,Churned,17.99
092b1c55-371b-4499-a9ba-03a34d3efd9e,50,46-55,Other,Asia,Tablet,Basic,8.99,107.88,Crypto,4,Comedy,13.21,0.36,Medium,36,At Risk,1,Churned,8.99
30f6ab29-5f0d-44e0-b094-8a26164d5303,23,18-25,Female,Africa,Desktop,Basic,8.99,107.88,Gift Card,4,Action,6.86,0.11,Low,59,At Risk,1,Churned,8.99
5709d5c3-d7e3-44cb-a414-0401be7a414d,43,36-45,Female,North America,Desktop,Basic,8.99,107.88,Credit Card,2,Documentary,1.51,0.05,Low,29,At Risk,1,Churned,8.99
ff149146-918e-4a05-802a-08e696b05ca5,28,26-35,Female,South America,TV,Premium,17.99,215.88,Crypto,1,Sci-Fi,0.01,0.0,Low,7,Active,1,Churned,17.99
8d3f248e-ed7c-42cd-b3d4-60774b897d71,28,26-35,Male,Oceania,Mobile,Standard,13.99,167.88,Debit Card,1,Drama,14.02,0.41,Medium,33,At Risk,1,Churned,13.99
f0d90afa-ac9b-4248-9f1f-d262d266696b,44,36-45,Female,Asia,Tablet,Standard,13.99,167.88,Crypto,2,Documentary,0.55,0.01,Low,51,At Risk,1,Churned,13.99
efe7aef5-61d4-4046-b949-8ebb253ea4df,62,56+,Male,Oceania,Tablet,Standard,13.99,167.88,Credit Card,5,Horror,3.58,0.22,Medium,15,Active,0,Retained,0.0
5f99dc80-0876-4938-9f32-32f8121def1d,54,46-55,Male,Asia,TV,Basic,8.99,107.88,PayPal,2,Horror,2.28,0.13,Low,17,Active,1,Churned,8.99
7dcf21e0-1891-4a67-8762-5475e064b562,24,18-25,Female,South America,Tablet,Basic,8.99,107.88,Credit Card,5,Documentary,9.58,0.21,Medium,44,At Risk,1,Churned,8.99
8891ec31-2a81-4f19-a0fb-9f092f2fa076,27,26-35,Other,Africa,Tablet,Basic,8.99,107.88,Debit Card,4,Documentary,6.3,0.18,Medium,34,At Risk,1,Churned,8.99
b253557e-7e9f-42e7-a964-08409512972c,52,46-55,Female,South America,TV,Basic,8.99,107.88,PayPal,3,Action,1.59,0.05,Low,29,At Risk,1,Churned,8.99
80fa0811-9079-4a4e-bee3-27d5d809118c,55,46-55,Other,South America,Tablet,Basic,8.99,107.88,Gift Card,5,Documentary,1.38,0.03,Low,52,At Risk,1,Churned,8.99
e0ed8133-983b-499f-aaa2-d55fed500c39,62,56+,Male,Africa,Desktop,Standard,13.99,167.88,PayPal,2,Romance,18.07,0.86,High,20,Active,0,Retained,0.0
0742f86e-5f2d-44ef-99e9-17701ba583e9,64,56+,Female,Europe,Mobile,Premium,17.99,215.88,Gift Card,1,Romance,6.41,0.12,Low,54,At Risk,1,Churned,17.99
b75366bb-d3d5-426f-bf5e-c38759e966bc,31,26-35,Other,Oceania,Mobile,Premium,17.99,215.88,Crypto,1,Action,18.73,9.37,High,1,Active,0,Retained,0.0
394cb1e4-055f-4966-83e6-243beaeb3aca,47,46-55,Other,Africa,Desktop,Basic,8.99,107.88,Gift Card,3,Comedy,14.08,0.67,High,20,Active,0,Retained,0.0
3a9ecfb2-33d3-4bee-a44a-630de00fbd01,37,36-45,Other,Oceania,Desktop,Standard,13.99,167.88,Gift Card,5,Action,18.23,0.49,Medium,36,At Risk,1,Churned,13.99
38e8f595-7ae2-478a-ad6b-449334d7fc96,65,56+,Other,Asia,Laptop,Standard,13.99,167.88,Gift Card,4,Horror,28.86,2.06,High,13,Active,0,Retained,0.0
24796c47-3ab2-4476-834f-b8ee3062a37e,20,18-25,Female,Oceania,Tablet,Premium,17.99,215.88,Gift Card,3,Drama,49.3,1.9,High,25,At Risk,0,Retained,0.0
41816b3f-56f6-43bf-9115-971ba7dc242f,45,36-45,Other,Africa,Tablet,Basic,8.99,107.88,Gift Card,1,Documentary,3.95,0.1,Low,38,At Risk,1,Churned,8.99
5cde086f-eb25-4291-b2ee-0c6d1c6b5459,67,56+,Female,North America,Desktop,Basic,8.99,107.88,Credit Card,4,Sci-Fi,11.06,0.65,High,16,Active,0,Retained,0.0
1dfb56be-d12c-4739-aab0-0f6cd8c3031c,70,56+,Male,Oceania,Desktop,Basic,8.99,107.88,Gift Card,4,Romance,6.66,0.12,Low,55,At Risk,1,Churned,8.99
d8653e82-a487-4adf-9ac9-64f6664ed08c,67,56+,Male,North America,Laptop,Basic,8.99,107.88,Crypto,2,Comedy,9.54,0.23,Medium,40,At Risk,1,Churned,8.99
0cb3b1b4-f56d-4937-a509-b7c79a125bc7,28,26-35,Female,Oceania,Tablet,Basic,8.99,107.88,Gift Card,4,Horror,10.43,0.4,Medium,25,At Risk,0,Retained,0.0
e33b05be-fc1b-4cf1-9fcc-185be5525bac,53,46-55,Other,Africa,Mobile,Premium,17.99,215.88,Gift Card,5,Documentary,5.79,0.17,Medium,34,At Risk,1,Churned,17.99
e674aba0-35ab-4d84-9283-901a58d5ece9,36,36-45,Male,Europe,TV,Basic,8.99,107.88,PayPal,2,Action,34.97,2.06,High,16,Active,0,Retained,0.0
98504084-75ee-40c1-a61e-c01ebf8377d5,48,46-55,Female,Africa,Tablet,Basic,8.99,107.88,Crypto,1,Romance,5.71,0.14,Low,40,At Risk,1,Churned,8.99
db86ffd3-430d-4f21-99a0-d0c002b24dfb,19,18-25,Other,North America,TV,Standard,13.99,167.88,Crypto,1,Sci-Fi,6.31,0.33,Medium,18,Active,0,Retained,0.0
f2148f5b-1c1c-4924-8f23-c2781fe5c869,25,18-25,Male,Africa,Laptop,Premium,17.99,215.88,Debit Card,5,Documentary,6.08,0.18,Medium,33,At Risk,0,Retained,0.0
6b12da3c-c538-4257-b3a8-6ecaaeb07210,31,26-35,Other,Africa,Desktop,Standard,13.99,167.88,Crypto,3,Documentary,6.59,0.33,Medium,19,Active,0,Retained,0.0
4419096c-eab3-4723-920e-eac48bdbf287,56,56+,Female,South America,Desktop,Basic,8.99,107.88,Gift Card,3,Action,15.59,3.9,High,3,Active,0,Retained,0.0
6579bce5-dc6a-481c-b1fe-a22518a7a609,51,46-55,Other,North America,Mobile,Standard,13.99,167.88,Crypto,5,Comedy,7.43,0.29,Medium,25,At Risk,0,Retained,0.0
891cf0f4-f86f-4ad3-9336-c08226ab832f,23,18-25,Female,South America,TV,Basic,8.99,107.88,Gift Card,2,Romance,21.34,1.07,High,19,Active,0,Retained,0.0
3a412682-0c12-4379-8613-f752dadfc41d,67,56+,Male,North America,Desktop,Standard,13.99,167.88,Gift Card,4,Action,17.3,0.56,High,30,At Risk,0,Retained,0.0
3ea62e22-d039-4d10-bdfb-ff1b821675bb,29,26-35,Other,South America,Laptop,Premium,17.99,215.88,PayPal,5,Horror,14.26,0.59,High,23,At Risk,0,Retained,0.0
71e228f4-5b7f-4806-8a29-28bf53814d83,25,18-25,Male,South America,Tablet,Premium,17.99,215.88,Debit Card,4,Sci-Fi,9.95,0.23,Medium,43,At Risk,0,Retained,0.0
422bf1a4-f0ed-4bab-a1ff-8269c1c70ecc,37,36-45,Female,Asia,Laptop,Basic,8.99,107.88,Crypto,3,Romance,5.62,0.28,Medium,19,Active,1,Churned,8.99
963809c1-1498-4951-b893-a42cd0b8038a,69,56+,Male,Africa,Desktop,Premium,17.99,215.88,PayPal,5,Comedy,9.07,0.19,Medium,47,At Risk,0,Retained,0.0
32c89f45-a6e5-450a-991b-ca55e7d3bc65,37,36-45,Other,South America,Tablet,Basic,8.99,107.88,Credit Card,1,Horror,10.37,0.18,Medium,58,At Risk,1,Churned,8.99
25c15fc4-5df8-45a4-a8f3-4477b6549bb9,31,26-35,Female,South America,TV,Premium,17.99,215.88,Gift Card,3,Horror,19.72,0.48,Medium,40,At Risk,1,Churned,17.99
f80d6eaf-dae4-43ce-8c83-bd1c6ae38c81,39,36-45,Other,Asia,TV,Premium,17.99,215.88,Gift Card,5,Romance,22.35,0.6,High,36,At Risk,0,Retained,0.0
6861742f-e225-4a48-a899-10515f5fe14a,26,26-35,Male,Oceania,Tablet,Standard,13.99,167.88,Credit Card,2,Documentary,11.26,0.22,Medium,50,At Risk,1,Churned,13.99
3d12f279-fec1-42b9-8628-9191b773a7f4,49,46-55,Male,Africa,Desktop,Standard,13.99,167.88,Crypto,3,Sci-Fi,14.28,1.78,High,7,Active,0,Retained,0.0
36490c08-2bed-473e-b421-f79d03e44d36,34,26-35,Other,Asia,Desktop,Standard,13.99,167.88,Debit Card,3,Sci-Fi,1.55,0.1,Low,15,Active,1,Churned,13.99
952c3b4f-7921-4f45-bb74-2b229a8312d4,64,56+,Male,Africa,Laptop,Basic,8.99,107.88,Debit Card,1,Romance,26.45,0.63,High,41,At Risk,0,Retained,0.0
b8fdc9d1-5b33-44ff-8112-c60df62d6f32,60,56+,Male,Europe,Tablet,Standard,13.99,167.88,Debit Card,5,Comedy,5.77,5.77,High,0,Active,0,Retained,0.0
0fe47c7b-385a-478d-bda2-22b84a8712a2,29,26-35,Male,Oceania,Tablet,Basic,8.99,107.88,Credit Card,4,Drama,13.0,0.28,Medium,46,At Risk,1,Churned,8.99
18f6b306-a34c-4cfc-9798-99a919a0992f,30,26-35,Male,South America,Laptop,Standard,13.99,167.88,Credit Card,4,Action,0.74,0.74,High,0,Active,0,Retained,0.0
e975682c-48c9-49b9-8381-1fe0f4943c3b,67,56+,Male,Europe,TV,Standard,13.99,167.88,PayPal,4,Drama,26.05,1.18,High,21,At Risk,0,Retained,0.0
b041cc34-ff46-4f7c-8983-f68f29c0d3ef,23,18-25,Other,North America,Desktop,Premium,17.99,215.88,Crypto,3,Horror,4.46,0.09,Low,50,At Risk,1,Churned,17.99
dd14a766-3108-4397-9422-525fac071e57,34,26-35,Male,South America,Laptop,Standard,13.99,167.88,Credit Card,3,Sci-Fi,4.26,0.19,Medium,22,At Risk,1,Churned,13.99
f7e212bf-14ed-4017-ad80-dacd5d6b7be5,57,56+,Female,Oceania,Mobile,Basic,8.99,107.88,PayPal,5,Romance,14.31,14.31,High,0,Active,0,Retained,0.0
c33f8bd1-b44c-4e7b-af87-b85574c2bec5,52,46-55,Male,Africa,TV,Premium,17.99,215.88,Gift Card,5,Action,45.18,0.98,High,45,At Risk,0,Retained,0.0
d96d507e-5f27-43fc-b25e-c80f3e52f49d,59,56+,Female,North America,TV,Standard,13.99,167.88,Credit Card,2,Romance,23.07,0.4,Medium,56,At Risk,0,Retained,0.0
2224f87a-30da-4c5e-9ff3-dbdac8e1592e,26,26-35,Male,North America,Desktop,Premium,17.99,215.88,Gift Card,1,Documentary,3.67,1.22,High,2,Active,0,Retained,0.0
3cb33869-2004-4ce2-8d6d-bcfe4432e0cf,40,36-45,Male,North America,TV,Basic,8.99,107.88,PayPal,3,Sci-Fi,14.79,2.96,High,4,Active,0,Retained,0.0
1accc892-44fa-4be9-bfc4-c9168ec4417a,28,26-35,Male,Asia,Laptop,Standard,13.99,167.88,PayPal,4,Comedy,1.17,0.03,Low,34,At Risk,1,Churned,13.99
f06a4e35-9aad-42e2-97b8-88c0876364ae,50,46-55,Male,Asia,Tablet,Standard,13.99,167.88,Credit Card,2,Drama,13.5,0.27,Medium,49,At Risk,1,Churned,13.99
07c019ac-78fd-4f04-99b3-ed1efce17ed2,37,36-45,Male,Africa,Laptop,Standard,13.99,167.88,Credit Card,3,Horror,4.65,0.29,Medium,15,Active,1,Churned,13.99
2114f4a9-f892-40f2-ad83-1f6431f06ad6,26,26-35,Male,Europe,Laptop,Premium,17.99,215.88,Gift Card,3,Drama,11.88,0.46,Medium,25,At Risk,0,Retained,0.0
eeafbbe8-c130-4215-98cb-2c50590d4c36,64,56+,Female,Asia,Laptop,Basic,8.99,107.88,Credit Card,1,Drama,3.25,0.07,Low,44,At Risk,1,Churned,8.99
b6c7f41f-f9fd-4915-a4b5-eb9eddfcca2f,69,56+,Female,North America,Laptop,Basic,8.99,107.88,Debit Card,3,Action,4.81,0.1,Low,46,At Risk,1,Churned,8.99
b60244ce-c9ab-4ca7-af7b-a752e7569f20,29,26-35,Male,Europe,Mobile,Premium,17.99,215.88,Debit Card,3,Action,7.54,0.69,High,10,Active,0,Retained,0.0
a6af82cf-a6a1-4305-a839-e70b51783c32,36,36-45,Other,South America,TV,Basic,8.99,107.88,PayPal,3,Horror,13.88,0.5,Medium,27,At Risk,0,Retained,0.0
a70da997-2a45-4bb6-bb24-e40964941eff,55,46-55,Female,North America,Laptop,Standard,13.99,167.88,Crypto,5,Horror,3.68,0.1,Low,35,At Risk,1,Churned,13.99
c306dc87-45f3-4bee-bfbc-2e928cd8c63f,35,26-35,Male,North America,Tablet,Premium,17.99,215.88,PayPal,5,Sci-Fi,9.21,0.26,Medium,34,At Risk,0,Retained,0.0
f898a1fd-293e-40b3-9a40-e21de4828852,62,56+,Female,Oceania,Laptop,Premium,17.99,215.88,PayPal,3,Action,25.53,0.49,Medium,51,At Risk,0,Retained,0.0
b47423e0-fc07-4c45-93e9-5de5f180c69b,44,36-45,Male,Africa,Desktop,Basic,8.99,107.88,PayPal,5,Comedy,0.6,0.01,Low,47,At Risk,1,Churned,8.99
4bb2258b-b1bf-4e4a-8e25-5738517e9917,35,26-35,Other,Africa,TV,Premium,17.99,215.88,Credit Card,2,Action,2.43,0.04,Low,58,At Risk,1,Churned,17.99
4ca18b96-1fce-4bcc-9b1e-85c0f699523e,64,56+,Female,Oceania,Mobile,Premium,17.99,215.88,Gift Card,5,Action,8.24,0.27,Medium,29,At Risk,0,Retained,0.0
45cd4327-0de3-43a8-a581-0bdd0432030d,45,36-45,Female,Europe,Desktop,Standard,13.99,167.88,Debit Card,1,Documentary,2.52,0.1,Low,23,At Risk,1,Churned,13.99
d263f088-0d09-494b-83b1-268d497cbcd0,55,46-55,Other,Oceania,Laptop,Premium,17.99,215.88,PayPal,3,Romance,10.13,0.72,High,13,Active,0,Retained,0.0
7e16b964-d803-4cb8-94da-29f5660c1027,45,36-45,Other,South America,Tablet,Standard,13.99,167.88,Crypto,2,Documentary,6.84,0.17,Medium,40,At Risk,1,Churned,13.99
672a8d38-e6ed-4649-8b8f-e31ceedeea37,52,46-55,Male,North America,Mobile,Premium,17.99,215.88,Debit Card,3,Documentary,1.81,0.08,Low,23,At Risk,1,Churned,17.99
3cffe3c7-6583-4e5a-b615-1fdf922642f9,63,56+,Other,Europe,TV,Standard,13.99,167.88,Debit Card,1,Horror,11.43,0.23,Medium,49,At Risk,1,Churned,13.99
744bf5e8-5096-4082-8903-70e4cfdd1e64,33,26-35,Other,Oceania,TV,Basic,8.99,107.88,Debit Card,5,Romance,33.23,0.56,High,58,At Risk,0,Retained,0.0
b9802ea9-5c98-4d4a-a77c-6de878d22ea4,34,26-35,Female,Oceania,Desktop,Premium,17.99,215.88,Gift Card,2,Sci-Fi,4.59,0.14,Low,31,At Risk,1,Churned,17.99
9363bef2-c9cb-4a76-971e-f1a5bb357d58,37,36-45,Female,South America,Desktop,Standard,13.99,167.88,Crypto,1,Drama,10.29,0.21,Medium,49,At Risk,1,Churned,13.99
349f7e43-7477-4e48-860d-b838ad415b1c,25,18-25,Male,Africa,Laptop,Standard,13.99,167.88,Credit Card,1,Comedy,2.96,0.11,Low,25,At Risk,1,Churned,13.99
9cc41b86-9e5f-40f1-91f1-5c431290571a,46,46-55,Other,North America,Mobile,Premium,17.99,215.88,Gift Card,5,Romance,30.01,0.53,High,56,At Risk,0,Retained,0.0
6f5a2958-cb64-47b5-af53-1d70ba016494,63,56+,Male,Asia,TV,Standard,13.99,167.88,Crypto,2,Horror,26.63,0.83,High,31,At Risk,0,Retained,0.0
887de878-c150-46f7-9bf5-58c7ef8ce74e,55,46-55,Male,Asia,TV,Basic,8.99,107.88,Credit Card,4,Sci-Fi,3.66,0.3,Medium,11,Active,1,Churned,8.99
291d76b3-d8c3-406e-803f-c9e04fb283de,55,46-55,Other,Europe,Desktop,Basic,8.99,107.88,PayPal,3,Horror,0.67,0.03,Low,24,At Risk,1,Churned,8.99
46b5db3d-c2b2-4188-9424-4f7172f15112,61,56+,Male,Oceania,Mobile,Standard,13.99,167.88,Gift Card,1,Horror,14.57,0.86,High,16,Active,0,Retained,0.0
aaa4f493-b841-42d0-a7ca-644ad0512c3a,28,26-35,Male,Asia,Laptop,Basic,8.99,107.88,Debit Card,3,Horror,3.72,0.07,Low,56,At Risk,1,Churned,8.99
43c97b11-0e8d-4947-9bdb-12af35174f31,62,56+,Other,Europe,TV,Basic,8.99,107.88,PayPal,3,Sci-Fi,21.41,0.93,High,22,At Risk,0,Retained,0.0
565b0478-0a6f-4900-b6b6-285e6656bb91,66,56+,Other,Africa,Desktop,Basic,8.99,107.88,PayPal,2,Action,1.89,0.08,Low,22,At Risk,1,Churned,8.99
2240c2c4-f736-4caa-bc9f-6500eb1501ba,63,56+,Male,Europe,Desktop,Basic,8.99,107.88,Debit Card,3,Documentary,14.4,3.6,High,3,Active,0,Retained,0.0
c9ca7e43-bb03-4e5c-82be-057200bc6f32,46,46-55,Other,North America,Laptop,Premium,17.99,215.88,Credit Card,2,Comedy,7.29,1.46,High,4,Active,0,Retained,0.0
32f97948-ac90-446f-ba8f-0da203d8d523,34,26-35,Other,South America,Tablet,Basic,8.99,107.88,Crypto,2,Comedy,5.95,0.16,Low,37,At Risk,1,Churned,8.99
501823e6-8ea5-433b-b0f6-d8c5f53c8907,56,56+,Male,Europe,Mobile,Standard,13.99,167.88,PayPal,5,Action,5.83,0.1,Low,59,At Risk,0,Retained,0.0
c4c39eed-21ee-4f06-be68-f9f4899be76b,35,26-35,Other,Oceania,Laptop,Basic,8.99,107.88,Gift Card,5,Action,2.19,0.36,Medium,5,Active,1,Churned,8.99
16c333fc-47cb-49f9-819b-b9853c0254d7,52,46-55,Other,Africa,Laptop,Basic,8.99,107.88,Debit Card,1,Horror,8.72,0.3,Medium,28,At Risk,1,Churned,8.99
3790887a-7a19-4201-9f39-fec333345e97,54,46-55,Female,North America,TV,Basic,8.99,107.88,Gift Card,5,Romance,12.12,0.31,Medium,38,At Risk,1,Churned,8.99
7bd51ef6-d0f6-4894-ade9-af2b4f2f45b1,42,36-45,Female,Asia,Laptop,Standard,13.99,167.88,Debit Card,5,Comedy,25.68,0.76,High,33,At Risk,0,Retained,0.0
67db947c-f035-417e-8883-71b4780b4fc0,39,36-45,Other,North America,Laptop,Basic,8.99,107.88,PayPal,3,Comedy,10.6,0.2,Medium,53,At Risk,1,Churned,8.99
3d394651-d7f9-455c-b308-058cb52f8df8,65,56+,Other,South America,Desktop,Premium,17.99,215.88,Crypto,3,Sci-Fi,13.71,2.74,High,4,Active,0,Retained,0.0
356a678e-8341-481b-b1dd-c3bf8085cdf3,70,56+,Female,Asia,Mobile,Basic,8.99,107.88,Crypto,3,Drama,4.04,0.08,Low,52,At Risk,1,Churned,8.99
af9ce006-0bc4-48ee-ad39-730a74359d03,23,18-25,Male,South America,TV,Premium,17.99,215.88,Credit Card,1,Sci-Fi,22.77,2.07,High,10,Active,0,Retained,0.0
466baf83-d1b8-4d98-9f30-06b1e654f463,54,46-55,Female,South America,Mobile,Basic,8.99,107.88,Gift Card,1,Comedy,18.84,0.38,Medium,49,At Risk,1,Churned,8.99
a902ec06-7bed-4c3d-b664-5e26fc183d7c,30,26-35,Male,Europe,Tablet,Basic,8.99,107.88,Crypto,1,Romance,1.5,0.04,Low,41,At Risk,1,Churned,8.99
32484385-55d4-4c6a-ad1a-834abeaaa883,44,36-45,Other,North America,Tablet,Standard,13.99,167.88,PayPal,1,Documentary,1.46,0.02,Low,59,At Risk,1,Churned,13.99
1227b01e-1600-46ac-b14f-3991a895796a,56,56+,Male,North America,TV,Basic,8.99,107.88,Credit Card,5,Documentary,2.02,0.08,Low,23,At Risk,1,Churned,8.99
64f688c6-0b4c-451a-94f9-48a66dd0139d,48,46-55,Male,Africa,Mobile,Premium,17.99,215.88,Crypto,4,Horror,0.84,0.02,Low,43,At Risk,1,Churned,17.99
d20c3cd3-e949-4026-a0af-1b9392f4d466,56,56+,Female,North America,Desktop,Basic,8.99,107.88,PayPal,3,Romance,0.8,0.04,Low,18,Active,1,Churned,8.99
16baff30-d637-4241-9b5f-1d0451f30375,40,36-45,Other,North America,Mobile,Premium,17.99,215.88,PayPal,2,Documentary,0.52,0.02,Low,26,At Risk,1,Churned,17.99
8b811175-e9c7-4a47-9e23-1b92a6a498aa,58,56+,Male,Africa,Desktop,Premium,17.99,215.88,Crypto,1,Sci-Fi,3.2,0.06,Low,53,At Risk,1,Churned,17.99
a2796611-e145-4000-823c-16e30e8f2d03,20,18-25,Male,Africa,Tablet,Basic,8.99,107.88,Debit Card,5,Action,3.02,1.01,High,2,Active,0,Retained,0.0
d1f48191-4dfa-474e-b7ca-3b935aee6531,44,36-45,Other,Europe,Mobile,Premium,17.99,215.88,Credit Card,5,Horror,3.38,0.48,Medium,6,Active,0,Retained,0.0
e724e4f3-9542-43f8-ab8f-e817d88999a3,58,56+,Other,Africa,Tablet,Basic,8.99,107.88,Crypto,1,Horror,6.47,0.14,Low,46,At Risk,1,Churned,8.99
45c7566b-3b5b-4112-8ed2-89a4d20a3eae,58,56+,Male,Europe,Mobile,Standard,13.99,167.88,Credit Card,2,Drama,19.25,6.42,High,2,Active,0,Retained,0.0
6b1bb258-a4c9-41c1-abb5-811dbb60701a,46,46-55,Other,Oceania,Desktop,Premium,17.99,215.88,PayPal,4,Action,26.06,5.21,High,4,Active,0,Retained,0.0
d13f6fc0-7d6e-4dce-9798-93a1c6162887,51,46-55,Other,Asia,Laptop,Standard,13.99,167.88,Crypto,1,Drama,1.14,0.02,Low,55,At Risk,1,Churned,13.99
8018cc4c-3924-46b3-8fc8-a31de1b42fc2,19,18-25,Female,Oceania,Desktop,Standard,13.99,167.88,Crypto,1,Documentary,6.61,0.35,Medium,18,Active,0,Retained,0.0
00108bd6-c0ee-42f0-8809-e5be2b6cd12a,25,18-25,Male,North America,Mobile,Premium,17.99,215.88,Crypto,1,Horror,0.98,0.03,Low,30,At Risk,1,Churned,17.99
a7607adf-e66d-431e-ad89-61a216125690,25,18-25,Male,Oceania,TV,Standard,13.99,167.88,Debit Card,1,Comedy,0.45,0.15,Low,2,Active,1,Churned,13.99
5a5cf094-cda6-4488-9171-9747ec590ad0,50,46-55,Female,North America,Mobile,Basic,8.99,107.88,Debit Card,1,Action,8.09,1.62,High,4,Active,0,Retained,0.0
5254de27-f444-44d4-bc79-08efebefaa4b,30,26-35,Male,Europe,Mobile,Standard,13.99,167.88,Crypto,5,Horror,1.65,0.03,Low,58,At Risk,1,Churned,13.99
c6d7aa04-5235-4214-b413-8a53f966b119,41,36-45,Female,South America,TV,Premium,17.99,215.88,Credit Card,5,Romance,8.27,0.16,Low,50,At Risk,0,Retained,0.0
fde18152-cb7b-433c-98b4-cc7b6016b750,40,36-45,Female,Oceania,Tablet,Standard,13.99,167.88,Gift Card,1,Documentary,8.89,0.4,Medium,21,At Risk,0,Retained,0.0
3155d3e9-2213-4d16-8587-5137a087ef3b,23,18-25,Female,North America,TV,Standard,13.99,167.88,PayPal,4,Documentary,6.25,0.11,Low,54,At Risk,0,Retained,0.0
104484a9-8ace-4877-a90c-bf2c7e79be7b,28,26-35,Male,South America,Desktop,Basic,8.99,107.88,Gift Card,2,Action,15.79,1.21,High,12,Active,0,Retained,0.0
65fcb9c7-6e5a-4058-86ee-93af0d7bd2fb,56,56+,Male,South America,Tablet,Basic,8.99,107.88,Credit Card,4,Romance,5.08,0.08,Low,60,At Risk,1,Churned,8.99
94b1c205-4fe9-431a-bba7-ca1d0d013436,52,46-55,Other,Asia,Laptop,Premium,17.99,215.88,Gift Card,2,Drama,21.99,1.1,High,19,Active,0,Retained,0.0
55725796-857e-4b59-b253-187bd5f07d1b,40,36-45,Female,Europe,Mobile,Standard,13.99,167.88,Debit Card,5,Comedy,11.91,2.38,High,4,Active,0,Retained,0.0
d2f0f6e0-fa3c-4b50-97fd-a84f8b4707fe,69,56+,Other,Asia,Desktop,Premium,17.99,215.88,PayPal,2,Romance,8.09,0.15,Low,54,At Risk,1,Churned,17.99
ddb275d9-4e72-4fa7-8ce6-d3d458a81cf3,67,56+,Female,Asia,Laptop,Standard,13.99,167.88,Gift Card,1,Drama,0.28,0.01,Low,51,At Risk,1,Churned,13.99
606adbe6-dd8a-4eb8-8ddf-baf3d62da553,63,56+,Other,Oceania,TV,Basic,8.99,107.88,Credit Card,3,Documentary,19.68,2.46,High,7,Active,0,Retained,0.0
c172eab0-fd92-44ea-aed5-4119fdf3d104,48,46-55,Other,South America,TV,Standard,13.99,167.88,Debit Card,5,Horror,3.97,1.99,High,1,Active,0,Retained,0.0
6e118d2b-80ba-4226-8a1a-cdacad3f4448,27,26-35,Female,Africa,Mobile,Basic,8.99,107.88,Crypto,2,Drama,0.67,0.03,Low,22,At Risk,1,Churned,8.99
ca6c9e3c-8993-450d-b1fb-49cc7afd440e,18,18-25,Female,South America,Mobile,Premium,17.99,215.88,Crypto,5,Horror,4.94,0.12,Low,39,At Risk,1,Churned,17.99
e4e34065-9917-4bec-9673-b0f75e992985,61,56+,Female,Africa,Laptop,Premium,17.99,215.88,Crypto,3,Action,41.68,0.76,High,54,At Risk,0,Retained,0.0
0512ed5b-de30-4681-8b7c-8f2aeaf80725,24,18-25,Male,Asia,Mobile,Standard,13.99,167.88,Gift Card,1,Documentary,16.21,2.32,High,6,Active,0,Retained,0.0
1257021f-5cd1-4213-821c-e0a323d6e2ee,60,56+,Male,Asia,Mobile,Premium,17.99,215.88,Debit Card,3,Horror,6.21,0.39,Medium,15,Active,0,Retained,0.0
9356ab66-a890-48cf-86d8-a569664d9b56,19,18-25,Female,North America,Laptop,Premium,17.99,215.88,Credit Card,5,Romance,3.9,0.39,Medium,9,Active,0,Retained,0.0
3daa3b0c-08d0-4763-876b-dc2c86533963,50,46-55,Male,Africa,Laptop,Premium,17.99,215.88,Credit Card,3,Drama,10.83,2.71,High,3,Active,0,Retained,0.0
47366ae4-467f-4bec-b49d-a7f22b794f59,62,56+,Other,North America,Tablet,Premium,17.99,215.88,Crypto,5,Documentary,5.98,0.12,Low,48,At Risk,1,Churned,17.99
1b077aeb-57d0-438b-adab-48691727b847,53,46-55,Female,North America,Mobile,Standard,13.99,167.88,PayPal,4,Action,6.68,0.56,High,11,Active,0,Retained,0.0
49725105-8575-4217-87f4-5733bd288d03,18,18-25,Male,South America,Desktop,Premium,17.99,215.88,Debit Card,3,Action,36.34,2.27,High,15,Active,0,Retained,0.0
6b2ff669-1b0a-4f76-acfe-421153087710,52,46-55,Other,Oceania,TV,Standard,13.99,167.88,PayPal,1,Sci-Fi,6.41,0.4,Medium,15,Active,0,Retained,0.0
a22669d5-6da6-4097-a4e4-4ff4655a0d38,40,36-45,Other,Asia,Desktop,Basic,8.99,107.88,Credit Card,4,Drama,6.48,0.12,Low,51,At Risk,1,Churned,8.99
aef0ea56-6758-44c7-88b6-32d7ca0556ca,51,46-55,Female,Oceania,Tablet,Premium,17.99,215.88,PayPal,3,Action,1.46,0.04,Low,35,At Risk,1,Churned,17.99
fb963246-a793-4d70-a015-0402e3173f5a,36,36-45,Female,North America,Desktop,Standard,13.99,167.88,Debit Card,2,Comedy,2.59,0.07,Low,36,At Risk,1,Churned,13.99
b1806254-48df-4ade-8024-ce14aab30781,30,26-35,Male,Asia,Laptop,Standard,13.99,167.88,Credit Card,4,Drama,13.25,0.28,Medium,47,At Risk,0,Retained,0.0
cfce115a-0bc5-4aac-bf51-59898240c4a1,54,46-55,Male,North America,Mobile,Standard,13.99,167.88,Credit Card,5,Horror,23.35,0.57,High,40,At Risk,0,Retained,0.0
4c6ba635-f6a3-47b0-b165-d6654655de23,31,26-35,Female,Europe,Mobile,Basic,8.99,107.88,Crypto,5,Romance,35.35,2.36,High,14,Active,0,Retained,0.0
5fe4f40a-4055-446d-8d46-e7cb6a540c72,26,26-35,Other,Asia,Desktop,Standard,13.99,167.88,PayPal,4,Romance,24.89,1.46,High,16,Active,0,Retained,0.0
266be772-0a13-4114-bd1b-dc40b0516ce2,30,26-35,Male,South America,Tablet,Standard,13.99,167.88,Credit Card,5,Documentary,45.29,1.51,High,29,At Risk,0,Retained,0.0
fc9cfb2b-7e44-456d-ad56-cb91f2b276fb,67,56+,Male,South America,TV,Basic,8.99,107.88,Credit Card,4,Sci-Fi,15.98,1.6,High,9,Active,0,Retained,0.0
1c1ef7b5-72cc-4aa6-95d8-7b26897e9a21,60,56+,Male,North America,Desktop,Standard,13.99,167.88,PayPal,2,Drama,1.24,0.25,Medium,4,Active,0,Retained,0.0
baa40e1d-e279-4770-b5fa-1da71e3ab2e2,67,56+,Female,North America,Desktop,Basic,8.99,107.88,Gift Card,5,Comedy,9.91,0.52,High,18,Active,0,Retained,0.0
edd9b3d1-bdde-4f75-a7f9-8012744512ba,51,46-55,Male,Europe,TV,Basic,8.99,107.88,PayPal,3,Horror,5.69,0.15,Low,36,At Risk,1,Churned,8.99
255dd7cf-6113-435a-a958-00f25e1987e5,31,26-35,Female,Africa,Tablet,Standard,13.99,167.88,Gift Card,2,Sci-Fi,7.48,1.87,High,3,Active,0,Retained,0.0
0fa1ce67-73cf-4d9b-a171-81ef2ba271fd,70,56+,Male,Europe,TV,Standard,13.99,167.88,PayPal,5,Sci-Fi,9.54,0.16,Low,60,At Risk,0,Retained,0.0
23e2a122-9e50-41d8-a434-c25675765f79,42,36-45,Male,Asia,Desktop,Basic,8.99,107.88,Gift Card,5,Documentary,98.42,98.42,High,0,Active,0,Retained,0.0
7ec26427-23a6-4cc3-a188-ac08968e6f3e,63,56+,Male,South America,TV,Premium,17.99,215.88,Debit Card,5,Romance,7.82,0.13,Low,57,At Risk,0,Retained,0.0
e012b536-8421-45de-a8ca-caab61d9b1e4,58,56+,Female,North America,Laptop,Basic,8.99,107.88,Gift Card,2,Romance,7.31,0.15,Low,49,At Risk,1,Churned,8.99
7069b89a-b443-4895-89a4-44b719c1e347,28,26-35,Female,Asia,Desktop,Standard,13.99,167.88,Credit Card,5,Comedy,14.34,1.2,High,11,Active,0,Retained,0.0
1dcf08f8-357b-4740-98c1-bb768f842126,67,56+,Other,Africa,Laptop,Premium,17.99,215.88,Gift Card,2,Documentary,22.63,0.67,High,33,At Risk,0,Retained,0.0
9ffd0956-8b70-4483-ac93-63f2e5e101cc,21,18-25,Other,South America,Laptop,Standard,13.99,167.88,Credit Card,1,Documentary,17.63,0.61,High,28,At Risk,0,Retained,0.0
bfbe5804-1dc1-452b-b92b-a483c5eeb76b,67,56+,Other,Africa,Tablet,Premium,17.99,215.88,Credit Card,3,Romance,2.51,0.1,Low,25,At Risk,1,Churned,17.99
7bf23b3d-ab59-48e0-a558-db5c48b1a206,64,56+,Other,Europe,Mobile,Standard,13.99,167.88,PayPal,4,Romance,8.08,0.62,High,12,Active,0,Retained,0.0
02ec20f5-ed7f-4f0e-8c1c-e95b386c28b5,40,36-45,Female,North America,Tablet,Basic,8.99,107.88,Crypto,1,Action,31.43,1.16,High,26,At Risk,0,Retained,0.0
7954dfc1-63a1-4207-b3e0-4d55b73f564f,20,18-25,Male,Africa,TV,Basic,8.99,107.88,Crypto,2,Comedy,8.91,0.31,Medium,28,At Risk,1,Churned,8.99
48692c47-9278-4198-be47-f921a8ab8299,37,36-45,Female,Oceania,Laptop,Standard,13.99,167.88,Gift Card,4,Action,47.74,0.9,High,52,At Risk,0,Retained,0.0
57a8fb5f-c293-4702-ad9e-71cbdb4aa6e8,30,26-35,Other,Oceania,Desktop,Premium,17.99,215.88,Gift Card,4,Documentary,12.88,0.23,Medium,54,At Risk,1,Churned,17.99
3fe822d8-7078-4018-a420-b4496d29ccf2,33,26-35,Other,Africa,TV,Basic,8.99,107.88,Credit Card,3,Sci-Fi,24.5,0.52,High,46,At Risk,0,Retained,0.0
fcd90302-e7f6-4679-ac49-cffe71a7ee46,54,46-55,Other,Oceania,TV,Premium,17.99,215.88,Gift Card,1,Documentary,3.66,0.09,Low,40,At Risk,1,Churned,17.99
aae4b13b-2247-4c8b-bdfd-f94dc5ac45e9,48,46-55,Male,Oceania,Desktop,Premium,17.99,215.88,Crypto,3,Horror,7.86,0.19,Medium,40,At Risk,1,Churned,17.99
5d298906-96ce-4a2a-b1f1-8e7b18bbbd25,41,36-45,Female,Europe,Mobile,Basic,8.99,107.88,Gift Card,5,Romance,8.14,0.15,Low,54,At Risk,1,Churned,8.99
ba02bc00-8be5-478d-92ba-eb993ed9e571,48,46-55,Other,South America,Desktop,Standard,13.99,167.88,Debit Card,5,Horror,6.66,0.19,Medium,34,At Risk,0,Retained,0.0
05f5d068-70f9-45f7-a440-2eca2e0af6df,57,56+,Other,Oceania,Mobile,Standard,13.99,167.88,Gift Card,2,Horror,7.92,0.4,Medium,19,Active,0,Retained,0.0
f57d69c1-f51d-4ec3-b0f7-7cfcc5f49e3b,36,36-45,Female,North America,Desktop,Premium,17.99,215.88,Gift Card,2,Action,19.63,9.81,High,1,Active,0,Retained,0.0
403d8e8c-bc7b-4d0a-8339-07365f767b62,47,46-55,Male,Europe,Desktop,Premium,17.99,215.88,Credit Card,2,Drama,7.22,0.19,Medium,38,At Risk,1,Churned,17.99
792136ad-a56c-4505-abf3-22d4b8fe35d9,57,56+,Other,Europe,Desktop,Standard,13.99,167.88,Credit Card,5,Sci-Fi,1.1,0.04,Low,26,At Risk,0,Retained,0.0
82eb568e-1658-4648-8809-2a53fafc3dc7,39,36-45,Female,Oceania,Laptop,Basic,8.99,107.88,Crypto,3,Documentary,2.09,0.52,High,3,Active,1,Churned,8.99
8ff8e23b-ac00-4e86-9748-01556e3ecc32,48,46-55,Female,Africa,Desktop,Basic,8.99,107.88,Crypto,1,Sci-Fi,22.06,0.46,Medium,47,At Risk,1,Churned,8.99
5626606a-8708-469e-a1c9-d0d93478c2e1,41,36-45,Female,Oceania,Mobile,Basic,8.99,107.88,PayPal,2,Comedy,17.37,1.02,High,16,Active,0,Retained,0.0
b3b8b32a-3b18-4ef3-86ff-424d50eef43f,68,56+,Female,Europe,Desktop,Standard,13.99,167.88,Gift Card,5,Documentary,3.06,0.05,Low,59,At Risk,1,Churned,13.99
ee0c0189-40a6-4894-a64a-5c23b3f6b5a2,48,46-55,Male,Asia,TV,Standard,13.99,167.88,Gift Card,4,Drama,1.93,0.04,Low,50,At Risk,1,Churned,13.99
d20a61c2-fa3d-4e57-8b09-3e19ade44d10,46,46-55,Other,Oceania,Tablet,Basic,8.99,107.88,PayPal,1,Comedy,9.61,0.6,High,15,Active,0,Retained,0.0
0301a4b5-7475-4b89-bac5-00093859216d,31,26-35,Male,Oceania,Mobile,Standard,13.99,167.88,Gift Card,3,Action,18.75,0.43,Medium,43,At Risk,1,Churned,13.99
6236413f-44f4-4429-85ba-6ba5dbf37e89,61,56+,Male,Asia,Laptop,Premium,17.99,215.88,Debit Card,1,Drama,9.71,0.26,Medium,36,At Risk,1,Churned,17.99
154ec30a-7a10-4161-9386-87abd5a14b98,38,36-45,Male,Asia,Mobile,Basic,8.99,107.88,PayPal,2,Horror,6.75,0.15,Low,43,At Risk,1,Churned,8.99
88848d87-d7aa-4f30-85e6-af72905dd402,40,36-45,Female,Africa,Desktop,Basic,8.99,107.88,Credit Card,3,Comedy,3.8,0.35,Medium,10,Active,1,Churned,8.99
e4768262-43e0-4321-929d-d7ac85194afa,31,26-35,Male,North America,Mobile,Premium,17.99,215.88,Debit Card,4,Horror,5.69,0.25,Medium,22,At Risk,0,Retained,0.0
fd0ebde2-f8c0-4963-a1af-402dd9fe9fb6,62,56+,Male,South America,Desktop,Standard,13.99,167.88,PayPal,5,Comedy,8.25,0.22,Medium,37,At Risk,0,Retained,0.0
60d8375e-e90b-4db1-827d-29f59ee209a7,66,56+,Female,Asia,TV,Premium,17.99,215.88,Crypto,5,Sci-Fi,12.91,0.37,Medium,34,At Risk,1,Churned,17.99
dd57db1b-a539-458a-a190-1fa9d3961f20,20,18-25,Female,South America,Tablet,Premium,17.99,215.88,Debit Card,1,Romance,11.48,0.37,Medium,30,At Risk,0,Retained,0.0
54089806-c774-4d4b-b323-e5f2d42fbb5c,68,56+,Other,Europe,Desktop,Premium,17.99,215.88,Crypto,3,Sci-Fi,21.72,0.75,High,28,At Risk,0,Retained,0.0
f6c76b05-75ec-4bf4-a63d-e8eede4026c6,39,36-45,Other,South America,Laptop,Basic,8.99,107.88,PayPal,1,Comedy,8.16,0.54,High,14,Active,0,Retained,0.0
2d1781ac-2416-4df0-8681-e86766db1d33,32,26-35,Male,Asia,TV,Basic,8.99,107.88,Credit Card,5,Drama,11.91,0.32,Medium,36,At Risk,1,Churned,8.99
838bc2fe-a146-4520-97ba-0f710f7b1ea3,51,46-55,Male,North America,Tablet,Premium,17.99,215.88,PayPal,1,Drama,26.92,1.08,High,24,At Risk,0,Retained,0.0
38dde078-8a79-4e50-8d44-dad952e9ae22,38,36-45,Female,Africa,Tablet,Basic,8.99,107.88,Gift Card,4,Comedy,24.57,8.19,High,2,Active,0,Retained,0.0
c0b4153b-d0b1-4974-90f4-28dbb8c88ff8,57,56+,Male,Europe,Desktop,Basic,8.99,107.88,Crypto,2,Sci-Fi,5.09,0.09,Low,53,At Risk,1,Churned,8.99
b5c5a9ff-0db7-466e-b0cd-e2948bd83e94,54,46-55,Male,Europe,Laptop,Basic,8.99,107.88,PayPal,4,Romance,2.54,0.05,Low,52,At Risk,1,Churned,8.99
aeff1496-6b97-4258-870d-670cd28f4ada,55,46-55,Female,Europe,TV,Standard,13.99,167.88,Gift Card,4,Horror,25.31,0.49,Medium,51,At Risk,0,Retained,0.0
c71e9898-65ce-47bd-918c-3ebdd3ffcac9,63,56+,Male,Africa,Mobile,Premium,17.99,215.88,Gift Card,5,Romance,13.77,0.26,Medium,51,At Risk,1,Churned,17.99
1f9e775f-0ade-4083-9cb5-11b1324985ec,18,18-25,Other,Africa,Desktop,Premium,17.99,215.88,Credit Card,4,Comedy,1.63,0.15,Low,10,Active,0,Retained,0.0
a577834a-41c6-489f-9666-5eafe78530a5,40,36-45,Female,North America,Tablet,Standard,13.99,167.88,Credit Card,3,Drama,6.2,0.56,High,10,Active,0,Retained,0.0
796a5f77-018a-451d-abc9-46948b6456b2,35,26-35,Other,Africa,Mobile,Basic,8.99,107.88,Crypto,2,Drama,25.11,6.28,High,3,Active,0,Retained,0.0
dc518d2a-a7f9-4120-8407-01ccb6efe5cb,47,46-55,Male,Oceania,Tablet,Premium,17.99,215.88,Gift Card,2,Horror,2.11,0.04,Low,58,At Risk,1,Churned,17.99
49ff3afb-cb6c-4dfc-8468-530f9c0abfd6,39,36-45,Female,Africa,Mobile,Standard,13.99,167.88,Gift Card,5,Documentary,57.19,2.86,High,19,Active,0,Retained,0.0
6c561eec-2d63-4ef6-9d9a-18c9c6f1bac1,52,46-55,Male,South America,TV,Basic,8.99,107.88,Credit Card,2,Romance,27.37,2.11,High,12,Active,0,Retained,0.0
560576d9-5dd5-4ce5-9c25-319ce946f39e,68,56+,Other,Africa,TV,Basic,8.99,107.88,PayPal,5,Sci-Fi,20.54,1.37,High,14,Active,0,Retained,0.0
3ab879fb-d01a-4c51-b3f9-625d2c4e1860,47,46-55,Other,Europe,Mobile,Basic,8.99,107.88,Credit Card,2,Romance,14.8,0.74,High,19,Active,0,Retained,0.0
ee70356f-8d7b-4674-bdc8-ee84bf93e296,45,36-45,Female,Africa,Desktop,Premium,17.99,215.88,Credit Card,3,Comedy,3.91,0.09,Low,44,At Risk,1,Churned,17.99
d43ee357-4a11-411a-be89-1e938a2b03c5,18,18-25,Other,Asia,Desktop,Premium,17.99,215.88,Gift Card,2,Drama,5.09,0.36,Medium,13,Active,0,Retained,0.0
950d7dad-d93e-43ae-ab6f-1e24d330f4b3,46,46-55,Other,Oceania,Desktop,Standard,13.99,167.88,Crypto,3,Action,16.08,0.39,Medium,40,At Risk,1,Churned,13.99
a085a33f-40ea-44f0-a592-3869a8fb76d6,44,36-45,Other,Oceania,Tablet,Standard,13.99,167.88,Credit Card,1,Comedy,8.65,0.14,Low,60,At Risk,1,Churned,13.99
f1bf566a-dde7-4e4f-8895-4e30277b67fe,36,36-45,Other,Europe,Laptop,Basic,8.99,107.88,PayPal,2,Sci-Fi,1.82,0.03,Low,55,At Risk,1,Churned,8.99
ff0381b1-21b5-4e1c-9f32-a33104814ce9,35,26-35,Other,South America,Laptop,Standard,13.99,167.88,PayPal,2,Horror,9.43,0.86,High,10,Active,0,Retained,0.0
b02aafea-c911-43ca-8034-748cdba41d79,43,36-45,Male,North America,TV,Premium,17.99,215.88,Gift Card,5,Documentary,8.97,8.97,High,0,Active,0,Retained,0.0
58d12b76-d7ee-481e-b9f8-6d8513ea063d,57,56+,Female,North America,Desktop,Standard,13.99,167.88,PayPal,1,Sci-Fi,4.91,0.7,High,6,Active,0,Retained,0.0
08141b17-2f86-464f-ac79-eac660142aab,58,56+,Male,Asia,TV,Standard,13.99,167.88,PayPal,4,Documentary,4.83,0.1,Low,49,At Risk,1,Churned,13.99
1560ad96-084e-4aee-9acd-5e46ee8105e4,65,56+,Female,Europe,Mobile,Basic,8.99,107.88,Credit Card,2,Drama,4.09,0.22,Medium,18,Active,1,Churned,8.99
0d26aff1-5dcd-4c72-8853-ac6efd34ca2a,22,18-25,Female,Asia,TV,Premium,17.99,215.88,Debit Card,5,Romance,26.81,5.36,High,4,Active,0,Retained,0.0
84080a5b-af89-4c17-b1f8-6859842d4e5b,68,56+,Female,South America,TV,Basic,8.99,107.88,Crypto,2,Horror,15.85,0.41,Medium,38,At Risk,1,Churned,8.99
c0d31bac-2ab7-4f02-a3b0-d9b5a0e1c03d,68,56+,Male,Africa,Tablet,Basic,8.99,107.88,Crypto,3,Drama,3.01,0.11,Low,27,At Risk,1,Churned,8.99
8196f9c1-0f8f-4a56-9eb3-baa2012b65d4,28,26-35,Male,Oceania,Desktop,Premium,17.99,215.88,Crypto,4,Drama,4.49,0.09,Low,50,At Risk,1,Churned,17.99
01e7ba0e-23f7-4c43-91c2-97ccea703e51,23,18-25,Female,Oceania,Mobile,Standard,13.99,167.88,PayPal,3,Comedy,2.63,0.53,High,4,Active,0,Retained,0.0
4fe787fa-8786-4d56-93d0-ed72f11b7241,51,46-55,Male,Oceania,Tablet,Standard,13.99,167.88,Debit Card,1,Drama,8.63,0.36,Medium,23,At Risk,0,Retained,0.0
a9284906-2f35-4b1c-85bb-7eb60338cc2d,36,36-45,Male,North America,Desktop,Standard,13.99,167.88,Gift Card,2,Romance,8.87,0.24,Medium,36,At Risk,1,Churned,13.99
26b2ed27-68f5-4d21-a1f2-1cd87d048e06,68,56+,Female,North America,Tablet,Premium,17.99,215.88,Gift Card,4,Romance,5.99,0.3,Medium,19,Active,0,Retained,0.0
92c683ff-034e-4bdd-8c27-d196a4676bed,25,18-25,Female,Asia,Desktop,Premium,17.99,215.88,Gift Card,2,Documentary,4.05,0.12,Low,34,At Risk,1,Churned,17.99
64a5562b-1eeb-4de7-90d8-9eba0b1c09ff,25,18-25,Male,North America,Tablet,Basic,8.99,107.88,Gift Card,4,Documentary,14.39,0.27,Medium,53,At Risk,1,Churned,8.99
1524b909-0e45-44be-8e93-1855b614339c,56,56+,Female,South America,Tablet,Premium,17.99,215.88,Credit Card,1,Romance,19.03,0.5,Medium,37,At Risk,0,Retained,0.0
693f8ac0-ef10-4a05-9f43-07e089edab75,51,46-55,Other,South America,Tablet,Standard,13.99,167.88,Gift Card,5,Sci-Fi,4.98,0.17,Medium,28,At Risk,1,Churned,13.99
c31b9740-ad76-4178-9256-2c00a1c7290a,57,56+,Other,South America,TV,Basic,8.99,107.88,PayPal,5,Comedy,27.17,0.7,High,38,At Risk,0,Retained,0.0
c7f1727b-e0a3-4f06-86ba-cc1a3dedfa85,24,18-25,Other,North America,TV,Standard,13.99,167.88,PayPal,4,Romance,5.81,0.18,Medium,32,At Risk,0,Retained,0.0
f376f532-f75b-4c60-b56e-08527a7facca,23,18-25,Male,Europe,Desktop,Standard,13.99,167.88,Gift Card,2,Documentary,0.29,0.0,Low,58,At Risk,1,Churned,13.99
4a212db8-6b5d-4f86-96c6-027c1d4c5a60,66,56+,Other,Europe,Mobile,Premium,17.99,215.88,PayPal,3,Horror,10.48,0.35,Medium,29,At Risk,0,Retained,0.0
16993e91-870b-47d2-9098-b687b2f20336,36,36-45,Female,Europe,TV,Premium,17.99,215.88,PayPal,4,Horror,4.26,0.19,Medium,21,At Risk,0,Retained,0.0
5b5ea547-92ab-40fa-8576-69d92d37557b,23,18-25,Other,North America,TV,Basic,8.99,107.88,PayPal,1,Comedy,0.03,0.0,Low,60,At Risk,1,Churned,8.99
80545107-3bf0-4bad-8c8e-98950b1e8738,69,56+,Male,Oceania,TV,Premium,17.99,215.88,Gift Card,2,Documentary,9.8,0.17,Medium,56,At Risk,1,Churned,17.99
0376ecc1-f7bd-41b0-bb41-719f1cdf0853,21,18-25,Male,Asia,Mobile,Standard,13.99,167.88,PayPal,5,Horror,13.79,0.34,Medium,39,At Risk,0,Retained,0.0
e7aeeddd-1450-47d9-a18a-0e209f5af835,27,26-35,Male,North America,Mobile,Premium,17.99,215.88,PayPal,2,Documentary,18.17,0.3,Medium,60,At Risk,1,Churned,17.99
19646dbb-a0c8-44c8-a262-169801a59f2f,58,56+,Male,North America,Mobile,Premium,17.99,215.88,Crypto,1,Romance,27.98,3.11,High,8,Active,0,Retained,0.0
ae7779f6-13a0-43e7-a356-45a7c3965e23,37,36-45,Other,North America,Mobile,Standard,13.99,167.88,Crypto,4,Sci-Fi,10.84,0.36,Medium,29,At Risk,0,Retained,0.0
2dc2f017-c762-4922-8704-ed47a421afb6,45,36-45,Male,Europe,TV,Premium,17.99,215.88,Credit Card,4,Sci-Fi,2.7,0.9,High,2,Active,0,Retained,0.0
d34b78fd-e9fd-4af2-8185-ecad66520d4b,25,18-25,Female,Europe,Tablet,Premium,17.99,215.88,PayPal,2,Documentary,28.54,0.56,High,50,At Risk,0,Retained,0.0
910ccab4-1c1a-4591-94c7-8399939f3480,58,56+,Female,Europe,Laptop,Premium,17.99,215.88,Crypto,3,Comedy,3.44,0.19,Medium,17,Active,1,Churned,17.99
cb2b7b7c-60aa-4222-a711-cb109e2aa2b8,64,56+,Female,Europe,Desktop,Basic,8.99,107.88,PayPal,3,Horror,12.14,0.24,Medium,50,At Risk,1,Churned,8.99
a7b3553d-e719-4b4d-802d-33622723dd5d,19,18-25,Female,Europe,Laptop,Standard,13.99,167.88,PayPal,5,Documentary,10.38,0.18,Medium,58,At Risk,0,Retained,0.0
d2f0f59a-fd2c-4f32-9da0-a09c7b877025,44,36-45,Other,Oceania,Mobile,Basic,8.99,107.88,PayPal,5,Romance,26.37,1.2,High,21,At Risk,0,Retained,0.0
6e99dfd5-3046-4724-8933-41ed69d81932,57,56+,Male,North America,TV,Basic,8.99,107.88,Crypto,4,Sci-Fi,0.06,0.0,Low,39,At Risk,1,Churned,8.99
97bb6237-30a3-4795-b9dd-036113d4b3b3,26,26-35,Female,South America,Mobile,Premium,17.99,215.88,PayPal,1,Action,0.97,0.02,Low,49,At Risk,1,Churned,17.99
efba9209-3221-4892-8d96-23146aef4424,37,36-45,Male,South America,Tablet,Basic,8.99,107.88,Gift Card,3,Sci-Fi,3.05,0.19,Medium,15,Active,1,Churned,8.99
8eb5037d-cf60-465e-a7b6-fc940311b87b,63,56+,Other,Asia,Mobile,Standard,13.99,167.88,Gift Card,2,Comedy,0.83,0.02,Low,41,At Risk,1,Churned,13.99
a9aa274f-d581-457a-ad8e-94d886058ed8,59,56+,Female,Asia,TV,Basic,8.99,107.88,Debit Card,5,Drama,12.13,0.51,Medium,23,At Risk,0,Retained,0.0
92ba884c-d467-4b97-aba0-7032878c1e03,65,56+,Female,Oceania,Desktop,Basic,8.99,107.88,Crypto,3,Drama,11.25,0.49,Medium,22,At Risk,1,Churned,8.99
0a8bc259-eb14-4cdf-8add-0d96ac8f1646,18,18-25,Other,Africa,Mobile,Premium,17.99,215.88,Crypto,1,Documentary,2.19,0.09,Low,24,At Risk,1,Churned,17.99
748be132-1b1e-4306-ba23-735a539d422e,49,46-55,Female,Europe,Laptop,Basic,8.99,107.88,PayPal,4,Horror,17.05,1.0,High,16,Active,0,Retained,0.0
298435d0-1f7a-4dd4-b065-7801de7e23fd,59,56+,Female,Europe,Mobile,Basic,8.99,107.88,Debit Card,3,Comedy,17.34,0.42,Medium,40,At Risk,1,Churned,8.99
07bb46a2-c255-4133-8fec-c0b3ac944990,25,18-25,Female,North America,Tablet,Premium,17.99,215.88,Gift Card,1,Drama,0.27,0.0,Low,60,At Risk,1,Churned,17.99
92c53048-5882-489d-856d-aa142eaf9d80,25,18-25,Other,Oceania,Tablet,Basic,8.99,107.88,Crypto,3,Romance,17.9,4.47,High,3,Active,0,Retained,0.0
8f16a933-2d0f-43f7-af59-63dba7b6db8d,48,46-55,Male,North America,Tablet,Standard,13.99,167.88,Crypto,3,Documentary,5.33,0.17,Medium,31,At Risk,1,Churned,13.99
a673ecc2-3f9e-49c8-a8a0-33518170fc75,26,26-35,Other,North America,Tablet,Basic,8.99,107.88,Crypto,2,Horror,0.75,0.01,Low,59,At Risk,1,Churned,8.99
e4c0bdd0-8887-4794-83d0-90bcf550e7f8,25,18-25,Male,North America,TV,Standard,13.99,167.88,Gift Card,2,Documentary,4.45,0.11,Low,41,At Risk,1,Churned,13.99
e1400ac9-2fdf-4207-8c65-82d322a55539,42,36-45,Female,Europe,TV,Standard,13.99,167.88,PayPal,5,Sci-Fi,2.96,0.1,Low,30,At Risk,0,Retained,0.0
f6271f82-73c1-4c68-94f0-00a8c7ee3ec1,33,26-35,Female,South America,Tablet,Basic,8.99,107.88,Debit Card,3,Documentary,0.6,0.01,Low,41,At Risk,1,Churned,8.99
2af3f4c7-9797-4e72-b0e8-7005376ce267,58,56+,Male,Oceania,TV,Standard,13.99,167.88,PayPal,1,Romance,10.77,0.24,Medium,44,At Risk,1,Churned,13.99
246e7b39-0755-4a0a-9d9b-dfe34ab133cb,66,56+,Female,Africa,Desktop,Premium,17.99,215.88,Gift Card,5,Sci-Fi,13.36,0.83,High,15,Active,0,Retained,0.0
9fb45fe7-6937-4239-8548-115936dfce77,42,36-45,Male,Europe,Tablet,Basic,8.99,107.88,Credit Card,3,Drama,20.9,0.49,Medium,42,At Risk,1,Churned,8.99
bae9ac0c-dcd5-429b-88df-2af895fc1f3e,50,46-55,Male,North America,TV,Premium,17.99,215.88,Credit Card,3,Action,7.18,0.3,Medium,23,At Risk,0,Retained,0.0
fbeabb4d-6f7e-4465-881f-bcb265b21ca0,40,36-45,Other,Europe,Laptop,Basic,8.99,107.88,Debit Card,3,Romance,14.01,0.93,High,14,Active,0,Retained,0.0
db369245-5a2d-4fd1-8463-4679d35d7cd2,36,36-45,Female,Africa,TV,Premium,17.99,215.88,Credit Card,5,Horror,16.68,0.27,Medium,60,At Risk,0,Retained,0.0
fbdfea76-1ced-4cf1-96dd-6c38e159ddbb,48,46-55,Other,Asia,Laptop,Premium,17.99,215.88,Gift Card,3,Sci-Fi,1.67,0.11,Low,14,Active,1,Churned,17.99
df1f5e40-48f8-4501-b220-53ba2a1001d3,60,56+,Other,Oceania,TV,Basic,8.99,107.88,PayPal,5,Drama,14.45,0.27,Medium,52,At Risk,1,Churned,8.99
fe420cef-9ccb-473e-9ae5-d7ca920ec4fc,42,36-45,Male,Oceania,Tablet,Standard,13.99,167.88,Credit Card,2,Action,7.63,0.23,Medium,32,At Risk,1,Churned,13.99
9b8878c6-238f-44c8-9dfe-4676c66e11f7,31,26-35,Male,Asia,Laptop,Standard,13.99,167.88,Gift Card,3,Sci-Fi,6.29,0.25,Medium,24,At Risk,0,Retained,0.0
3cdcd810-39e5-4f28-989b-378a9b976a5d,34,26-35,Male,South America,Laptop,Standard,13.99,167.88,Credit Card,3,Action,45.52,0.86,High,52,At Risk,0,Retained,0.0
c95f2368-372e-46c4-9f3d-1c82a301fd78,21,18-25,Other,Asia,Mobile,Basic,8.99,107.88,Credit Card,4,Action,0.15,0.0,Low,48,At Risk,1,Churned,8.99
c43449fd-4ad5-429d-89c4-74d268dcb6bc,67,56+,Female,Europe,Tablet,Basic,8.99,107.88,Debit Card,3,Romance,19.58,0.44,Medium,44,At Risk,1,Churned,8.99
365dc778-c1e5-4ab8-8687-f9583f9308e1,30,26-35,Male,North America,Tablet,Standard,13.99,167.88,Crypto,2,Action,2.27,2.27,High,0,Active,0,Retained,0.0
639cda74-2249-449f-a7f2-64228302647b,55,46-55,Other,North America,Mobile,Premium,17.99,215.88,Credit Card,4,Romance,18.02,0.49,Medium,36,At Risk,0,Retained,0.0
4fd24bc2-10ac-4a18-96cd-1f062ba5024c,20,18-25,Male,South America,Desktop,Standard,13.99,167.88,Debit Card,2,Sci-Fi,2.89,0.21,Medium,13,Active,1,Churned,13.99
7fa02534-0dd1-455f-84ac-dcbef3aa4168,52,46-55,Male,Africa,Desktop,Premium,17.99,215.88,Credit Card,4,Romance,10.6,0.27,Medium,38,At Risk,0,Retained,0.0
27fd0327-3305-449e-b4df-20aeb99d6ea2,45,36-45,Male,North America,TV,Premium,17.99,215.88,Credit Card,2,Horror,14.0,0.41,Medium,33,At Risk,1,Churned,17.99
66284077-a6c7-4460-9cc9-df93097a5fb5,31,26-35,Male,Europe,Desktop,Basic,8.99,107.88,Gift Card,5,Documentary,7.69,0.13,Low,57,At Risk,1,Churned,8.99
9f1d9e64-d5eb-4014-a291-033be9ad6031,68,56+,Female,Asia,Desktop,Standard,13.99,167.88,PayPal,3,Comedy,20.24,1.19,High,16,Active,0,Retained,0.0
81f9ef23-4a14-44ac-9c0d-8322b1588958,44,36-45,Female,Africa,TV,Basic,8.99,107.88,PayPal,4,Horror,0.65,0.01,Low,59,At Risk,1,Churned,8.99
fd89085e-0ec9-40aa-8b8b-b72b7ca501da,29,26-35,Other,South America,Desktop,Premium,17.99,215.88,Credit Card,1,Sci-Fi,4.19,0.08,Low,54,At Risk,1,Churned,17.99
b3aa4ed8-5a94-461b-8446-d653fc705466,34,26-35,Male,Oceania,Desktop,Standard,13.99,167.88,Gift Card,2,Romance,16.36,0.71,High,22,At Risk,0,Retained,0.0
099bd55e-eb92-4b54-b33a-c148619d6148,35,26-35,Male,North America,TV,Premium,17.99,215.88,PayPal,5,Horror,7.93,0.4,Medium,19,Active,0,Retained,0.0
90ad70cd-6152-4d45-a6a3-9289f33ed606,49,46-55,Male,Asia,TV,Premium,17.99,215.88,PayPal,5,Comedy,6.06,0.47,Medium,12,Active,0,Retained,0.0
1a69031e-2a84-46b5-a375-e94e60ab0bc7,54,46-55,Other,South America,Tablet,Basic,8.99,107.88,Crypto,4,Comedy,9.44,0.26,Medium,36,At Risk,1,Churned,8.99
065606ab-5f1f-428f-b2c5-c6da4baf9597,27,26-35,Male,Africa,Tablet,Premium,17.99,215.88,PayPal,4,Comedy,6.31,0.11,Low,55,At Risk,0,Retained,0.0
1660ae96-d64f-496c-91cb-bdac9b7722aa,44,36-45,Male,Asia,Desktop,Standard,13.99,167.88,Gift Card,4,Comedy,15.75,0.33,Medium,47,At Risk,1,Churned,13.99
eb8761bc-db4a-4e20-951a-e00522afcb18,50,46-55,Other,South America,Mobile,Premium,17.99,215.88,Debit Card,4,Drama,2.77,0.06,Low,49,At Risk,1,Churned,17.99
c7d025b0-f633-4505-8793-1401f9c0f412,49,46-55,Other,South America,Tablet,Basic,8.99,107.88,Crypto,1,Romance,3.07,0.07,Low,44,At Risk,1,Churned,8.99
4585284f-5848-44b3-83e5-aac36e6bfe1e,32,26-35,Male,Europe,Tablet,Premium,17.99,215.88,Crypto,4,Romance,28.92,1.81,High,15,Active,0,Retained,0.0
ab1a4a62-5d67-4e91-bceb-bfd5cf9779c9,45,36-45,Female,North America,Tablet,Basic,8.99,107.88,PayPal,1,Documentary,4.02,0.67,High,5,Active,1,Churned,8.99
a29e03cc-8960-45b2-b2dd-608515080f08,27,26-35,Female,Asia,Desktop,Basic,8.99,107.88,PayPal,4,Drama,35.36,0.6,High,58,At Risk,0,Retained,0.0
f0e1c2de-9251-4a9a-a28d-083519f93a99,43,36-45,Other,Asia,TV,Basic,8.99,107.88,Crypto,5,Comedy,13.19,1.2,High,10,Active,0,Retained,0.0
b7da6db6-172a-4970-b38a-4a375cfa375b,64,56+,Other,North America,Mobile,Premium,17.99,215.88,Debit Card,4,Drama,23.36,0.44,Medium,52,At Risk,0,Retained,0.0
a9876912-824c-4e5a-846e-819e55d8269f,58,56+,Other,Africa,Tablet,Premium,17.99,215.88,Debit Card,5,Action,15.12,0.25,Medium,59,At Risk,0,Retained,0.0
94f9f356-3b73-4a86-95d0-d27829bd0717,23,18-25,Other,Europe,TV,Premium,17.99,215.88,Gift Card,5,Sci-Fi,1.43,0.05,Low,30,At Risk,1,Churned,17.99
a1e0529c-84b2-4403-b3c1-6c64aa9e23cc,21,18-25,Male,Africa,Laptop,Basic,8.99,107.88,Crypto,2,Action,0.92,0.02,Low,57,At Risk,1,Churned,8.99
2e278144-386b-48ff-9777-dbe15a249e13,44,36-45,Male,Oceania,Laptop,Standard,13.99,167.88,Gift Card,1,Action,2.0,0.05,Low,40,At Risk,1,Churned,13.99
5675244b-3663-4d14-9b6b-b076128889a5,57,56+,Female,Asia,TV,Basic,8.99,107.88,Credit Card,5,Comedy,0.95,0.02,Low,58,At Risk,1,Churned,8.99
6b0cde7d-0f34-41bc-bc64-a3254a2d7561,34,26-35,Male,Africa,Tablet,Premium,17.99,215.88,Credit Card,5,Documentary,18.98,0.46,Medium,40,At Risk,0,Retained,0.0
d3911e59-4ea8-4fa9-aeef-5bfb155c103b,63,56+,Male,Oceania,Mobile,Premium,17.99,215.88,Crypto,3,Horror,0.3,0.01,Low,56,At Risk,1,Churned,17.99
8c796d6a-ee93-4640-b9a9-7556b5a1a07d,57,56+,Female,Oceania,Tablet,Premium,17.99,215.88,PayPal,5,Comedy,0.66,0.01,Low,59,At Risk,1,Churned,17.99
1241fd90-c3c5-4a10-a69b-708ba8b4633e,56,56+,Male,North America,Mobile,Premium,17.99,215.88,Gift Card,2,Horror,8.36,0.14,Low,58,At Risk,1,Churned,17.99
eab99641-f7e9-4cba-a913-e1880044e640,22,18-25,Female,North America,Desktop,Standard,13.99,167.88,Gift Card,2,Romance,0.48,0.02,Low,24,At Risk,1,Churned,13.99
5acce646-5752-40e2-bc51-1c308240464e,63,56+,Female,South America,Tablet,Standard,13.99,167.88,Gift Card,3,Drama,15.97,0.41,Medium,38,At Risk,1,Churned,13.99
b76c3506-251d-4836-a3f7-f3bb62d02ad1,62,56+,Female,Europe,Laptop,Basic,8.99,107.88,Debit Card,5,Sci-Fi,4.82,0.44,Medium,10,Active,1,Churned,8.99
bbcb20f1-75b4-4393-95dd-6e2b65d5ff4f,63,56+,Other,Oceania,Desktop,Premium,17.99,215.88,Gift Card,4,Romance,21.62,0.42,Medium,50,At Risk,0,Retained,0.0
59cbff4b-2d9f-4539-b6d6-0d89eddde6bc,21,18-25,Other,Oceania,Mobile,Premium,17.99,215.88,Debit Card,5,Drama,0.2,0.01,Low,21,At Risk,0,Retained,0.0
d8f3a1ce-a034-4298-bdec-7a1edd116231,52,46-55,Male,South America,Desktop,Standard,13.99,167.88,PayPal,5,Sci-Fi,22.33,0.77,High,28,At Risk,0,Retained,0.0
cd82c04b-852d-4e0c-8d5e-68645248bd6f,33,26-35,Female,Europe,Tablet,Premium,17.99,215.88,Crypto,1,Sci-Fi,18.3,1.22,High,14,Active,0,Retained,0.0
c3335df7-3db5-44c4-bc70-1b03ba03048a,39,36-45,Female,Europe,Desktop,Standard,13.99,167.88,Debit Card,1,Drama,17.05,0.45,Medium,37,At Risk,1,Churned,13.99
dbdbfa7c-7932-46fa-ad10-d53bbd798cf5,48,46-55,Female,Africa,Laptop,Basic,8.99,107.88,Gift Card,5,Documentary,16.75,0.99,High,16,Active,0,Retained,0.0
f608833d-8f7e-4184-a3fc-665f57aba3b0,46,46-55,Female,Asia,Tablet,Premium,17.99,215.88,Crypto,2,Documentary,23.02,0.38,Medium,59,At Risk,0,Retained,0.0
ef61f409-a614-4271-986a-5d40d27e053c,25,18-25,Male,Europe,Mobile,Basic,8.99,107.88,Credit Card,3,Drama,5.88,5.88,High,0,Active,0,Retained,0.0
aad6f51a-1c6f-46b7-aa7b-768352ed8d1c,57,56+,Other,North America,Mobile,Basic,8.99,107.88,Credit Card,5,Action,2.08,0.14,Low,14,Active,1,Churned,8.99
2723dca3-d1e9-4198-829f-f9ed1fb396b4,18,18-25,Male,Oceania,Laptop,Premium,17.99,215.88,Gift Card,2,Romance,28.08,2.34,High,11,Active,0,Retained,0.0
7984e2c6-c353-4a41-b094-e1dafb4edf8b,62,56+,Female,Africa,TV,Basic,8.99,107.88,PayPal,2,Documentary,16.1,0.29,Medium,54,At Risk,1,Churned,8.99
07dbcfe6-abc1-4d18-8461-eb3989c5462b,57,56+,Female,South America,Tablet,Standard,13.99,167.88,Credit Card,2,Drama,15.02,2.5,High,5,Active,0,Retained,0.0
132aaf5f-1300-43ed-bae5-4887a7e7e6aa,54,46-55,Male,South America,Desktop,Basic,8.99,107.88,Crypto,5,Drama,22.85,2.08,High,10,Active,0,Retained,0.0
08b55574-a0b5-45c8-abea-e84eb7b32975,38,36-45,Other,North America,TV,Basic,8.99,107.88,Debit Card,2,Horror,6.49,0.19,Medium,34,At Risk,1,Churned,8.99
09f04fe7-9954-4df3-9431-cd35713dbc1a,68,56+,Male,North America,TV,Basic,8.99,107.88,Debit Card,4,Comedy,19.16,0.77,High,24,At Risk,0,Retained,0.0
f078167b-f855-4987-bfda-6527e54e8d44,36,36-45,Female,Oceania,Tablet,Premium,17.99,215.88,Gift Card,2,Sci-Fi,14.18,2.03,High,6,Active,0,Retained,0.0
cabf84bd-b268-4013-af9d-cbe9ffc044af,38,36-45,Male,Asia,Laptop,Basic,8.99,107.88,Debit Card,1,Documentary,8.32,0.36,Medium,22,At Risk,1,Churned,8.99
da313250-0337-4225-a411-b5b75ca190d9,40,36-45,Other,North America,Tablet,Premium,17.99,215.88,Credit Card,1,Action,9.64,0.28,Medium,34,At Risk,1,Churned,17.99
a7cc0271-0b4c-4da5-869b-7b59ce57d0bd,54,46-55,Other,Africa,Laptop,Standard,13.99,167.88,Credit Card,1,Drama,3.22,0.25,Medium,12,Active,1,Churned,13.99
cd0e79d8-3857-4dfb-b7f9-8d7106aa1fce,59,56+,Male,Asia,Laptop,Basic,8.99,107.88,Credit Card,2,Romance,14.96,1.66,High,8,Active,0,Retained,0.0
954dcb74-100f-4ceb-8eed-376103cf5436,46,46-55,Other,Asia,Laptop,Basic,8.99,107.88,Crypto,2,Horror,6.99,0.2,Medium,34,At Risk,1,Churned,8.99
a4c72480-839c-4b10-9139-e602b10215b8,65,56+,Male,South America,Tablet,Premium,17.99,215.88,Credit Card,3,Documentary,13.83,1.38,High,9,Active,0,Retained,0.0
06768e6d-9118-44cd-852c-32cce8bfe898,35,26-35,Female,Africa,Desktop,Standard,13.99,167.88,PayPal,5,Sci-Fi,13.03,13.03,High,0,Active,0,Retained,0.0
d0885607-812a-49f6-b5a4-dbc7a59549f4,22,18-25,Other,Asia,Laptop,Standard,13.99,167.88,Credit Card,3,Comedy,5.32,0.31,Medium,16,Active,0,Retained,0.0
4bc6206b-a4ee-4f43-a69f-13a03aa8adbe,53,46-55,Female,North America,Tablet,Basic,8.99,107.88,Debit Card,5,Documentary,20.16,10.08,High,1,Active,0,Retained,0.0
6afbc377-c531-4b4b-ba2d-f616107bea3e,18,18-25,Other,North America,TV,Premium,17.99,215.88,Crypto,3,Horror,25.3,0.49,Medium,51,At Risk,0,Retained,0.0
e7069522-df6f-43e5-acd7-050d7c3f1fe3,22,18-25,Female,South America,Mobile,Basic,8.99,107.88,PayPal,1,Comedy,16.66,0.88,High,18,Active,0,Retained,0.0
9d8871fd-6726-4bdd-b846-4a19c7d197bc,18,18-25,Male,South America,Laptop,Standard,13.99,167.88,Crypto,4,Sci-Fi,1.68,0.08,Low,19,Active,1,Churned,13.99
fd485b3c-f7bd-4eb2-a742-1d2431bcbb2a,53,46-55,Other,Asia,Tablet,Basic,8.99,107.88,Crypto,2,Romance,8.33,1.67,High,4,Active,0,Retained,0.0
efb1d2d1-e437-4a9d-a0e4-6b1da652541e,47,46-55,Female,Oceania,Mobile,Premium,17.99,215.88,Crypto,1,Romance,3.51,0.07,Low,50,At Risk,1,Churned,17.99
d553a8df-d604-4a85-b7cc-c11980bd7ce2,69,56+,Female,South America,Tablet,Basic,8.99,107.88,Crypto,1,Horror,6.16,3.08,High,1,Active,0,Retained,0.0
7f73a9ec-fb82-4eb0-bc55-bff60ca0afc4,42,36-45,Female,Africa,Mobile,Standard,13.99,167.88,PayPal,4,Documentary,13.17,0.26,Medium,50,At Risk,0,Retained,0.0
cd3e92be-8dbb-4f0f-a7b7-80be21d85db8,41,36-45,Other,Europe,Tablet,Premium,17.99,215.88,PayPal,2,Comedy,1.65,0.16,Low,9,Active,1,Churned,17.99
7843f07d-f2c8-4ebc-8dc1-9a25d28b8d28,19,18-25,Male,South America,Desktop,Premium,17.99,215.88,Debit Card,4,Horror,0.17,0.02,Low,9,Active,0,Retained,0.0
8b92d68f-3baa-431c-b556-472d9638ce45,45,36-45,Other,Oceania,Tablet,Basic,8.99,107.88,Debit Card,4,Documentary,11.74,0.65,High,17,Active,0,Retained,0.0
6c580d81-de0f-4db3-b8dd-bd1ab10919e4,41,36-45,Female,Africa,Laptop,Premium,17.99,215.88,Crypto,3,Horror,13.2,0.44,Medium,29,At Risk,0,Retained,0.0
3997f8f9-ed0e-4bda-94b0-6f06372c9506,25,18-25,Female,Europe,Mobile,Premium,17.99,215.88,Crypto,5,Drama,36.4,1.26,High,28,At Risk,0,Retained,0.0
8f556804-a1d0-41b1-930d-96be4a33e606,23,18-25,Female,Asia,Desktop,Standard,13.99,167.88,Crypto,2,Action,51.87,1.99,High,25,At Risk,0,Retained,0.0
369b918f-c741-4cd7-8f5a-74eaebb3ba16,21,18-25,Female,North America,TV,Standard,13.99,167.88,Gift Card,5,Documentary,14.17,0.23,Medium,60,At Risk,1,Churned,13.99
ebd6f9c6-f04e-402a-b3b5-e35e3d1752ca,29,26-35,Female,Africa,TV,Basic,8.99,107.88,Debit Card,5,Comedy,0.39,0.01,Low,45,At Risk,1,Churned,8.99
d26a52b3-d9f5-4b5d-8aca-afa2484875ee,34,26-35,Female,South America,Mobile,Standard,13.99,167.88,Crypto,4,Sci-Fi,5.67,0.27,Medium,20,Active,0,Retained,0.0
6a3430a2-4a88-41a8-beaf-fccdd1d45517,36,36-45,Other,Oceania,Mobile,Standard,13.99,167.88,PayPal,5,Horror,14.25,0.62,High,22,At Risk,0,Retained,0.0
03572a83-a989-4602-bb89-d6ed424bb61a,35,26-35,Other,Oceania,Mobile,Premium,17.99,215.88,Crypto,2,Horror,28.04,0.47,Medium,59,At Risk,0,Retained,0.0
a0338b15-ee5a-46b7-9ff5-6efb2eb8f5ab,31,26-35,Male,Europe,Mobile,Standard,13.99,167.88,Credit Card,5,Sci-Fi,6.11,0.34,Medium,17,Active,0,Retained,0.0
30d8cd44-a1a8-4ab7-87f1-99111c75cb6f,57,56+,Male,Asia,Desktop,Premium,17.99,215.88,PayPal,3,Sci-Fi,6.13,1.53,High,3,Active,0,Retained,0.0
4efe87f8-2bf7-48e1-85cf-5c1457df9d9d,46,46-55,Other,North America,Tablet,Basic,8.99,107.88,Debit Card,4,Horror,3.39,0.57,High,5,Active,0,Retained,0.0
0fc80a72-2d05-4c3c-8136-f544df2093c3,26,26-35,Female,South America,TV,Standard,13.99,167.88,PayPal,5,Sci-Fi,5.67,0.15,Low,36,At Risk,0,Retained,0.0
5bde9c98-533b-4ba8-8d0d-aed2782d2684,30,26-35,Other,Africa,Mobile,Basic,8.99,107.88,PayPal,2,Horror,0.28,0.0,Low,56,At Risk,1,Churned,8.99
074974ed-7713-4edf-abcc-5e200bc8537d,57,56+,Female,Oceania,Laptop,Premium,17.99,215.88,Gift Card,1,Romance,6.49,0.27,Medium,23,At Risk,0,Retained,0.0
5bb7086d-a632-48c5-9b57-a2ff4dc934f8,24,18-25,Male,Asia,Laptop,Basic,8.99,107.88,PayPal,3,Drama,3.55,0.06,Low,59,At Risk,1,Churned,8.99
b48455fa-fbdf-4a42-aa4e-cbf8da5d9ee1,20,18-25,Female,Africa,Mobile,Basic,8.99,107.88,Credit Card,3,Action,14.05,1.76,High,7,Active,0,Retained,0.0
fcd98704-3381-4da8-a9d0-85206456ca0b,22,18-25,Female,Africa,TV,Premium,17.99,215.88,Debit Card,2,Drama,1.03,0.02,Low,44,At Risk,1,Churned,17.99
03473cbb-116f-4f83-86c0-50d5889eff11,62,56+,Female,Africa,Mobile,Basic,8.99,107.88,PayPal,3,Drama,3.62,0.1,Low,34,At Risk,1,Churned,8.99
1cec8e1a-078f-4340-ba27-a583a615df39,56,56+,Female,North America,Desktop,Basic,8.99,107.88,PayPal,5,Sci-Fi,2.54,0.06,Low,39,At Risk,1,Churned,8.99
9a1b7476-d0e7-436f-ae1b-959aafbad559,22,18-25,Other,Africa,TV,Basic,8.99,107.88,Gift Card,1,Documentary,2.59,0.86,High,2,Active,1,Churned,8.99
e8ba80fd-2a67-4540-bd98-b356fd9e2dd2,43,36-45,Other,North America,Desktop,Basic,8.99,107.88,PayPal,5,Horror,8.05,0.58,High,13,Active,0,Retained,0.0
d5959062-3681-408a-a01a-53c7403a89be,46,46-55,Other,Oceania,Laptop,Standard,13.99,167.88,Debit Card,2,Drama,16.95,0.51,Medium,32,At Risk,0,Retained,0.0
33fa6e25-f271-47d9-8a29-de91bc1af0d5,38,36-45,Male,North America,Desktop,Standard,13.99,167.88,Gift Card,4,Drama,2.76,0.09,Low,30,At Risk,1,Churned,13.99
cdfc45e7-7f97-429e-bb8b-09a7c29b9bd0,36,36-45,Other,North America,Tablet,Premium,17.99,215.88,Gift Card,1,Romance,13.25,0.66,High,19,Active,0,Retained,0.0
85a4f95c-60cc-4cb9-814d-d8f745f82325,41,36-45,Male,Europe,Laptop,Standard,13.99,167.88,Debit Card,2,Romance,14.82,0.44,Medium,33,At Risk,1,Churned,13.99
8388cf02-9398-4b74-b67b-56d7a074612e,39,36-45,Other,Oceania,Desktop,Basic,8.99,107.88,PayPal,2,Romance,2.52,0.05,Low,52,At Risk,1,Churned,8.99
ab956cd0-1819-451c-b8c1-d22b4b6796b2,31,26-35,Male,North America,TV,Basic,8.99,107.88,Crypto,3,Sci-Fi,9.71,0.57,High,16,Active,0,Retained,0.0
5d77fa6c-4508-4088-9722-5a2902285a19,29,26-35,Female,Oceania,Tablet,Premium,17.99,215.88,Debit Card,3,Horror,5.29,0.59,High,8,Active,0,Retained,0.0
2312ef5d-8274-4e8c-90e6-0f5c3eadd031,33,26-35,Female,North America,Tablet,Basic,8.99,107.88,Gift Card,3,Sci-Fi,9.81,0.25,Medium,39,At Risk,1,Churned,8.99
5a7ab9d8-b064-4994-8477-3a606aad924c,30,26-35,Other,Oceania,Tablet,Standard,13.99,167.88,PayPal,3,Romance,5.21,0.43,Medium,11,Active,0,Retained,0.0
3c779e4e-ccc4-4d72-b98e-a1757ac6797f,51,46-55,Other,Oceania,Tablet,Basic,8.99,107.88,Gift Card,4,Horror,6.7,0.11,Low,58,At Risk,1,Churned,8.99
eca1d876-576b-4434-b47b-1bebd8f426d2,40,36-45,Female,Oceania,Mobile,Standard,13.99,167.88,Crypto,2,Sci-Fi,7.88,0.79,High,9,Active,0,Retained,0.0
cb4b90e7-5dcc-4e06-92b4-2aeb4db98cdf,36,36-45,Other,Europe,TV,Premium,17.99,215.88,Debit Card,3,Drama,41.02,0.85,High,47,At Risk,0,Retained,0.0
08a14bb8-ab48-4170-bccf-ef04ab15c43a,65,56+,Male,North America,Tablet,Basic,8.99,107.88,PayPal,5,Drama,46.29,1.16,High,39,At Risk,0,Retained,0.0
05eaae1b-e321-499c-be9b-b6599ad1a880,58,56+,Female,North America,Desktop,Premium,17.99,215.88,Credit Card,2,Comedy,59.99,5.0,High,11,Active,0,Retained,0.0
1a594ae9-af38-4c31-a00b-a1cf439139bc,43,36-45,Male,Asia,Desktop,Basic,8.99,107.88,Debit Card,1,Action,1.18,0.04,Low,31,At Risk,1,Churned,8.99
ead812db-d371-4bc2-abb4-ca8c8471ca77,70,56+,Other,Asia,TV,Basic,8.99,107.88,Debit Card,4,Comedy,8.26,2.75,High,2,Active,0,Retained,0.0
a3dfcf7d-3765-40d2-8a11-2111df14899b,49,46-55,Male,Europe,Mobile,Standard,13.99,167.88,Crypto,1,Drama,20.37,0.66,High,30,At Risk,0,Retained,0.0
46bdbd12-f628-49d0-850d-40ed37757cdc,30,26-35,Other,Oceania,Laptop,Standard,13.99,167.88,Crypto,2,Sci-Fi,3.36,1.12,High,2,Active,0,Retained,0.0
7dca795d-ec1e-44b2-a87c-daa04461915a,43,36-45,Male,Asia,Laptop,Basic,8.99,107.88,Crypto,1,Horror,17.66,2.21,High,7,Active,0,Retained,0.0
ea9dd8be-c392-42e1-8ccc-ace56b211966,47,46-55,Male,North America,TV,Basic,8.99,107.88,Credit Card,2,Horror,0.83,0.02,Low,42,At Risk,1,Churned,8.99
6d7cc8e5-2cc5-46a0-84c8-43c7f87daf9a,47,46-55,Male,Africa,Desktop,Premium,17.99,215.88,Crypto,5,Sci-Fi,25.17,12.59,High,1,Active,0,Retained,0.0
1b88d370-7853-4579-99af-dc942e3f248f,51,46-55,Female,Asia,Tablet,Standard,13.99,167.88,Gift Card,4,Action,6.79,1.7,High,3,Active,0,Retained,0.0
b8c06b97-66a7-492f-9ee4-a115b51e9dcf,38,36-45,Male,North America,Mobile,Premium,17.99,215.88,Gift Card,4,Romance,11.56,0.3,Medium,38,At Risk,1,Churned,17.99
ee89f93f-b2ff-459e-93a2-ea8bfa7992f6,48,46-55,Other,Africa,Desktop,Basic,8.99,107.88,Debit Card,5,Horror,60.85,5.53,High,10,Active,0,Retained,0.0
4473c5da-f69b-4fd8-9a33-1838c1e09fc6,28,26-35,Male,Europe,Desktop,Standard,13.99,167.88,Debit Card,1,Horror,5.29,0.28,Medium,18,Active,0,Retained,0.0
6b31ebd3-0df5-4c2f-a137-a81d2c18e90a,32,26-35,Female,Africa,Mobile,Standard,13.99,167.88,Gift Card,5,Comedy,1.7,0.04,Low,45,At Risk,1,Churned,13.99
cadbece8-fd1a-4fcf-a4f5-3dd2e6bdd969,57,56+,Other,South America,TV,Premium,17.99,215.88,PayPal,4,Sci-Fi,27.17,0.65,High,41,At Risk,0,Retained,0.0
33a69d90-e90a-45af-a9ce-eda2a1ab0d7c,44,36-45,Male,South America,TV,Standard,13.99,167.88,Crypto,5,Horror,8.03,0.14,Low,57,At Risk,1,Churned,13.99
a59ad549-bbaa-4fee-9eb0-10d7e64b5e3b,18,18-25,Other,Africa,Tablet,Standard,13.99,167.88,Crypto,3,Action,5.41,0.26,Medium,20,Active,0,Retained,0.0
837a5bb7-7d0f-4315-8528-d5a30bf12108,18,18-25,Male,Europe,Mobile,Basic,8.99,107.88,Debit Card,1,Drama,10.17,0.22,Medium,46,At Risk,1,Churned,8.99
396f6900-f042-44d8-be21-0b167b912ff9,21,18-25,Female,Oceania,Laptop,Standard,13.99,167.88,Gift Card,3,Action,16.74,0.42,Medium,39,At Risk,1,Churned,13.99
c8fb5434-5cc6-4b80-85f4-3bcd5205a7a8,29,26-35,Female,Europe,Laptop,Premium,17.99,215.88,Gift Card,3,Sci-Fi,1.38,0.28,Medium,4,Active,1,Churned,17.99
59512720-e88a-468c-adda-27695b946960,63,56+,Female,Africa,Desktop,Premium,17.99,215.88,Crypto,1,Comedy,21.06,1.17,High,17,Active,0,Retained,0.0
7b7aa94d-7978-405d-874b-593805447b56,64,56+,Female,Africa,Mobile,Basic,8.99,107.88,Crypto,2,Action,11.77,1.18,High,9,Active,0,Retained,0.0
8134248c-be39-48b8-ae98-f9e508dbb240,21,18-25,Female,Africa,Laptop,Premium,17.99,215.88,Crypto,5,Documentary,20.56,20.56,High,0,Active,0,Retained,0.0
c86981de-a762-42d2-8576-c52e61cf46b6,50,46-55,Other,Europe,Mobile,Basic,8.99,107.88,Debit Card,5,Documentary,6.36,0.11,Low,57,At Risk,1,Churned,8.99
435e0df1-9dc6-4dbc-8a22-d98d9287743f,23,18-25,Female,North America,TV,Standard,13.99,167.88,Crypto,3,Romance,12.14,1.21,High,9,Active,0,Retained,0.0
4e273869-ee28-46a6-b32d-41c1b291af1e,65,56+,Female,Africa,TV,Standard,13.99,167.88,Crypto,1,Drama,15.97,5.32,High,2,Active,0,Retained,0.0
c93b183b-6934-4630-b9b9-727cf3a44d9f,49,46-55,Male,North America,Tablet,Standard,13.99,167.88,Credit Card,4,Horror,3.75,3.75,High,0,Active,0,Retained,0.0
984f7f4a-0e12-47d7-8f25-00433e9a81ab,29,26-35,Female,Oceania,TV,Standard,13.99,167.88,Credit Card,2,Documentary,0.24,0.01,Low,23,At Risk,1,Churned,13.99
2c7ccf0f-852f-4359-a5bf-1e15605d2411,55,46-55,Female,South America,Desktop,Basic,8.99,107.88,PayPal,5,Documentary,18.98,0.54,High,34,At Risk,0,Retained,0.0
e0203e9a-2724-4032-b679-6c33795c4d13,63,56+,Male,North America,Desktop,Premium,17.99,215.88,Debit Card,4,Action,2.96,0.11,Low,25,At Risk,0,Retained,0.0
b2976ddf-b2bb-4870-8fcf-2377c119d2cd,66,56+,Other,Asia,Laptop,Premium,17.99,215.88,Gift Card,2,Documentary,1.4,0.06,Low,23,At Risk,1,Churned,17.99
4b4e57f2-0dce-4598-885f-71fa5662cf0e,24,18-25,Other,Oceania,Desktop,Basic,8.99,107.88,Gift Card,3,Drama,3.05,0.06,Low,54,At Risk,1,Churned,8.99
521d1f0d-3f5f-438f-8c6d-6c9aab0299af,22,18-25,Male,Africa,Laptop,Basic,8.99,107.88,Crypto,4,Documentary,5.15,0.2,Medium,25,At Risk,0,Retained,0.0
c8a08658-20ab-4f89-a0e7-3f614340eb78,34,26-35,Male,Oceania,Mobile,Premium,17.99,215.88,Debit Card,3,Romance,26.14,1.63,High,15,Active,0,Retained,0.0
b010be93-76b2-4b4d-bdbc-a420fc96aeaf,64,56+,Other,Asia,Laptop,Premium,17.99,215.88,Debit Card,4,Romance,8.46,0.4,Medium,20,Active,0,Retained,0.0
7e4e462c-f211-4671-b964-ee732464853e,67,56+,Female,North America,Tablet,Basic,8.99,107.88,PayPal,1,Sci-Fi,3.68,0.11,Low,34,At Risk,1,Churned,8.99
35cdcfe1-c48a-43b6-8533-8f70aa35c713,38,36-45,Male,Europe,Mobile,Standard,13.99,167.88,Gift Card,3,Romance,6.77,0.14,Low,49,At Risk,1,Churned,13.99
1df5b1e8-8112-471d-80aa-74af1982324f,57,56+,Female,Europe,Desktop,Basic,8.99,107.88,Credit Card,4,Sci-Fi,1.24,0.02,Low,52,At Risk,1,Churned,8.99
eb295874-e3cf-4c03-8fcc-0d20f7002487,31,26-35,Male,South America,TV,Basic,8.99,107.88,PayPal,1,Romance,1.04,0.02,Low,46,At Risk,1,Churned,8.99
b46fb518-339f-4c79-a429-f00e662c7085,43,36-45,Male,Oceania,Mobile,Basic,8.99,107.88,Credit Card,3,Documentary,1.63,1.63,High,0,Active,0,Retained,0.0
d6b8270f-7185-40df-9965-535dc995fafb,69,56+,Other,Oceania,TV,Premium,17.99,215.88,Crypto,4,Sci-Fi,3.66,0.07,Low,53,At Risk,1,Churned,17.99
5f8bdd64-2a4f-404d-9cdc-a1ada06cafe8,55,46-55,Male,Asia,Laptop,Basic,8.99,107.88,PayPal,2,Horror,9.28,0.22,Medium,42,At Risk,1,Churned,8.99
cb5d5d80-7f94-421c-a76a-fb560beeb1ba,43,36-45,Other,South America,Mobile,Standard,13.99,167.88,Credit Card,4,Comedy,77.57,11.08,High,6,Active,0,Retained,0.0
1de5ede5-f00c-473f-9a4c-adb67defa9a2,46,46-55,Female,Asia,TV,Premium,17.99,215.88,Debit Card,5,Action,3.16,0.53,High,5,Active,0,Retained,0.0
31cd336c-f793-4bec-bc4c-039d941c2490,60,56+,Female,Europe,Desktop,Premium,17.99,215.88,PayPal,5,Horror,9.31,3.1,High,2,Active,0,Retained,0.0
29208590-743a-425b-9077-67234e055f13,32,26-35,Male,Oceania,Tablet,Premium,17.99,215.88,Debit Card,3,Action,24.08,0.63,High,37,At Risk,0,Retained,0.0
3db1dae5-386e-4bcd-8696-37840c900ccf,42,36-45,Other,Oceania,Desktop,Basic,8.99,107.88,Gift Card,1,Comedy,12.95,0.31,Medium,41,At Risk,1,Churned,8.99
7ba75cd9-df14-4e14-a22c-3ddc259ef325,32,26-35,Female,North America,Tablet,Standard,13.99,167.88,Credit Card,3,Drama,9.8,1.63,High,5,Active,0,Retained,0.0
8109f1c7-ba4f-46ec-b3c5-46243b944811,35,26-35,Male,Africa,Laptop,Standard,13.99,167.88,Debit Card,4,Documentary,23.05,1.54,High,14,Active,0,Retained,0.0
06465985-0b74-4942-bae3-5d65186df92b,60,56+,Other,Oceania,Desktop,Basic,8.99,107.88,Crypto,4,Comedy,12.11,0.36,Medium,33,At Risk,1,Churned,8.99
ca45e25e-8bdd-4799-8c0c-2eccdcb6bbf2,68,56+,Female,South America,Tablet,Standard,13.99,167.88,Debit Card,3,Sci-Fi,2.58,0.07,Low,37,At Risk,1,Churned,13.99
b2b6a0a2-6478-467c-b4f6-901fde495cec,43,36-45,Male,North America,Tablet,Standard,13.99,167.88,Gift Card,3,Comedy,16.48,0.92,High,17,Active,0,Retained,0.0
9181fa02-7760-4f1e-a008-1a54d063fb9b,64,56+,Male,South America,Laptop,Standard,13.99,167.88,Credit Card,2,Comedy,10.46,0.2,Medium,51,At Risk,1,Churned,13.99
bb097e87-3e4e-40ad-b791-cd342f7ad67b,56,56+,Female,South America,Laptop,Basic,8.99,107.88,PayPal,5,Drama,2.15,0.17,Medium,12,Active,1,Churned,8.99
1c813952-7e02-4264-a834-416e29ccb810,56,56+,Other,North America,Laptop,Premium,17.99,215.88,Credit Card,5,Action,19.25,0.66,High,28,At Risk,0,Retained,0.0
f4d7fadf-5c3b-41d9-b4fb-f6df2bfaaa2d,57,56+,Other,Africa,Desktop,Premium,17.99,215.88,PayPal,2,Romance,8.62,0.21,Medium,40,At Risk,1,Churned,17.99
7b2aae74-2b75-4973-93ec-b657bff5a9a1,38,36-45,Other,Africa,TV,Standard,13.99,167.88,PayPal,5,Documentary,10.23,0.54,High,18,Active,0,Retained,0.0
09263d5f-674e-482d-a8c0-324762193672,35,26-35,Other,Asia,TV,Premium,17.99,215.88,PayPal,5,Horror,21.23,2.12,High,9,Active,0,Retained,0.0
3dd65018-61b5-4329-a9cc-bac8c15a6b25,35,26-35,Male,Asia,TV,Basic,8.99,107.88,Crypto,3,Romance,16.65,0.35,Medium,46,At Risk,1,Churned,8.99
516e93d4-bbed-4673-9afd-e3e853754100,58,56+,Other,Africa,TV,Standard,13.99,167.88,Debit Card,2,Drama,6.62,0.25,Medium,25,At Risk,0,Retained,0.0
42466881-a58b-4057-a0ea-615af204f9a6,38,36-45,Male,North America,Laptop,Basic,8.99,107.88,Gift Card,3,Drama,6.67,0.17,Medium,39,At Risk,1,Churned,8.99
6dde2c86-7593-4d49-aee0-38ae33b01060,69,56+,Male,North America,Desktop,Standard,13.99,167.88,Gift Card,3,Horror,4.86,0.17,Medium,27,At Risk,1,Churned,13.99
1a0feffc-117c-4e7c-a2cf-8c2c3548f658,47,46-55,Male,Europe,TV,Basic,8.99,107.88,PayPal,2,Action,19.26,0.33,Medium,57,At Risk,1,Churned,8.99
a0acfed2-3ecb-4404-a39e-2fc473381219,49,46-55,Male,Europe,Mobile,Premium,17.99,215.88,Crypto,2,Horror,7.9,0.38,Medium,20,Active,0,Retained,0.0
3cef2ed3-dfec-427e-ba70-5d08fa92a631,26,26-35,Female,Africa,Desktop,Standard,13.99,167.88,Debit Card,1,Documentary,8.88,0.21,Medium,42,At Risk,1,Churned,13.99
25c3f6c6-d0d4-4135-b2e8-67e3d423fa2d,28,26-35,Female,South America,Laptop,Premium,17.99,215.88,Gift Card,1,Action,25.32,3.62,High,6,Active,0,Retained,0.0
fa6410af-b085-4a71-9789-00ccefdeb848,36,36-45,Female,Europe,Mobile,Standard,13.99,167.88,PayPal,2,Comedy,12.08,0.2,Medium,60,At Risk,1,Churned,13.99
ea172916-31b9-429f-b590-a746507bb20e,28,26-35,Male,Europe,Tablet,Premium,17.99,215.88,Gift Card,2,Documentary,2.01,0.06,Low,35,At Risk,1,Churned,17.99
b36b2e7d-ddd2-41ee-8a2f-00154f07b184,24,18-25,Male,Oceania,Desktop,Premium,17.99,215.88,Debit Card,3,Documentary,9.24,0.39,Medium,23,At Risk,0,Retained,0.0
1b82995d-cc3f-4f27-a87f-2dd1b6c9fc2e,59,56+,Other,Asia,TV,Premium,17.99,215.88,PayPal,3,Documentary,18.05,0.9,High,19,Active,0,Retained,0.0
eb0149c4-6c4f-4467-92f1-32a3745766f7,69,56+,Other,South America,Mobile,Basic,8.99,107.88,Crypto,3,Documentary,3.12,0.07,Low,47,At Risk,1,Churned,8.99
eb6c6692-bbc5-40f1-b191-88b47869c368,46,46-55,Male,Asia,Mobile,Premium,17.99,215.88,Debit Card,3,Horror,26.01,6.5,High,3,Active,0,Retained,0.0
181aa143-101d-4965-9ab4-80edcaedd194,62,56+,Other,North America,Mobile,Standard,13.99,167.88,Gift Card,2,Documentary,36.03,0.77,High,46,At Risk,0,Retained,0.0
0066a45e-d10f-4519-9e4a-15e32388ad00,60,56+,Female,Africa,Mobile,Standard,13.99,167.88,PayPal,3,Comedy,1.85,0.06,Low,28,At Risk,1,Churned,13.99
41750832-10d6-4ce6-ae6c-494a1d849b0a,33,26-35,Female,South America,Laptop,Standard,13.99,167.88,Crypto,1,Drama,1.32,0.04,Low,36,At Risk,1,Churned,13.99
e55e1e83-d28d-4691-a909-185781512ae0,51,46-55,Female,Oceania,Laptop,Premium,17.99,215.88,Credit Card,5,Sci-Fi,16.96,1.06,High,15,Active,0,Retained,0.0
1ad376c4-db63-48e2-92ea-1f2f94d583ce,32,26-35,Female,Oceania,Laptop,Basic,8.99,107.88,PayPal,2,Drama,0.54,0.09,Low,5,Active,1,Churned,8.99
79d11806-228a-4fab-8270-a7d65c9cecf7,40,36-45,Other,Asia,Tablet,Standard,13.99,167.88,Gift Card,5,Documentary,11.56,0.24,Medium,48,At Risk,1,Churned,13.99
b69ffd1c-443e-47a7-ac67-b304ee8ece03,62,56+,Other,Asia,Tablet,Premium,17.99,215.88,Credit Card,2,Comedy,9.58,0.37,Medium,25,At Risk,0,Retained,0.0
cff04a7a-b133-49e2-9a12-16c9c89c1a7a,56,56+,Male,Oceania,Tablet,Premium,17.99,215.88,Crypto,4,Sci-Fi,6.24,2.08,High,2,Active,0,Retained,0.0
2d6e45f9-c626-4f26-b7ca-7fbea55a3773,22,18-25,Male,Europe,Tablet,Premium,17.99,215.88,Gift Card,4,Romance,12.87,0.21,Medium,59,At Risk,1,Churned,17.99
78a91b6f-0e0a-4432-b7cf-170f0d378356,31,26-35,Male,Africa,Tablet,Standard,13.99,167.88,Gift Card,4,Horror,11.93,0.75,High,15,Active,0,Retained,0.0
ce4be12e-c15f-46e0-8026-f3e4935d04b4,60,56+,Male,Asia,TV,Premium,17.99,215.88,Debit Card,5,Sci-Fi,7.25,0.2,Medium,35,At Risk,0,Retained,0.0
1c8ec967-8010-404b-b7d6-767a09e543bc,64,56+,Male,Asia,Laptop,Basic,8.99,107.88,Crypto,2,Horror,6.68,0.27,Medium,24,At Risk,1,Churned,8.99
a35353ba-7e5d-4a4e-b1e2-851b4ce3ed64,53,46-55,Male,Africa,Desktop,Basic,8.99,107.88,Credit Card,5,Documentary,6.64,0.17,Medium,37,At Risk,1,Churned,8.99
ab117f6f-73fc-4211-b264-db6211bd97f3,21,18-25,Female,Europe,Mobile,Standard,13.99,167.88,PayPal,4,Action,8.6,0.18,Medium,46,At Risk,0,Retained,0.0
a060eae1-66cc-4f52-9aef-d512ccc77f47,45,36-45,Other,Europe,TV,Standard,13.99,167.88,Credit Card,2,Sci-Fi,25.59,1.11,High,22,At Risk,0,Retained,0.0
1663f5da-a60e-41d7-a9ae-5704f4c7a196,37,36-45,Male,Oceania,TV,Basic,8.99,107.88,PayPal,4,Action,11.52,0.3,Medium,38,At Risk,1,Churned,8.99
24be0465-3bee-4952-bc5b-8b0227a6baaa,18,18-25,Female,Asia,TV,Basic,8.99,107.88,PayPal,3,Romance,47.29,1.97,High,23,At Risk,0,Retained,0.0
a952d34f-2ec1-4daf-9ee0-9c06351caa91,28,26-35,Female,Africa,Laptop,Basic,8.99,107.88,Crypto,5,Action,2.66,0.05,Low,55,At Risk,1,Churned,8.99
f7b5a5d9-ce05-4088-8839-e0ee991872ec,38,36-45,Other,North America,Desktop,Basic,8.99,107.88,Gift Card,4,Action,8.81,4.41,High,1,Active,0,Retained,0.0
8f38ef25-91a6-42e2-947f-9d9d094a2d0d,54,46-55,Other,Europe,TV,Basic,8.99,107.88,Credit Card,1,Documentary,1.07,0.02,Low,59,At Risk,1,Churned,8.99
2756a817-e711-4a26-b146-2e793e01d065,36,36-45,Male,Africa,Tablet,Standard,13.99,167.88,Crypto,5,Sci-Fi,48.01,1.6,High,29,At Risk,0,Retained,0.0
f1bbc7ec-707d-4d01-b7fc-ceb06bd4de36,61,56+,Male,North America,Tablet,Standard,13.99,167.88,Debit Card,1,Documentary,26.05,1.18,High,21,At Risk,0,Retained,0.0
4b488ecd-4021-414b-9e79-052a51e982e6,65,56+,Other,Asia,Mobile,Premium,17.99,215.88,Debit Card,2,Romance,16.68,1.67,High,9,Active,0,Retained,0.0
2919e65b-e387-49f7-8afa-26b4cb2f5d35,25,18-25,Female,Oceania,TV,Standard,13.99,167.88,Credit Card,3,Drama,9.64,0.18,Medium,54,At Risk,1,Churned,13.99
abe07eca-d0df-4a23-8b09-738a81049742,37,36-45,Male,North America,Tablet,Basic,8.99,107.88,Debit Card,3,Horror,18.78,0.55,High,33,At Risk,1,Churned,8.99
03e076ee-865e-440a-bf29-41053d4f0b3b,59,56+,Male,Oceania,Laptop,Premium,17.99,215.88,Crypto,4,Documentary,4.9,0.09,Low,56,At Risk,1,Churned,17.99
37cfcd56-9185-4c3d-8049-8ac6b15e6cbb,64,56+,Female,Oceania,Laptop,Basic,8.99,107.88,PayPal,5,Sci-Fi,3.98,0.07,Low,58,At Risk,1,Churned,8.99
7e65ef60-0906-4e1e-9b54-b8d89cefddae,44,36-45,Male,North America,TV,Basic,8.99,107.88,Crypto,4,Comedy,8.02,0.8,High,9,Active,0,Retained,0.0
5c619083-1760-4a87-a00a-3ca15ffccf0c,21,18-25,Male,North America,TV,Premium,17.99,215.88,Gift Card,1,Comedy,1.83,0.08,Low,21,At Risk,1,Churned,17.99
4d396fff-770c-4879-ab7d-562cd5347d99,31,26-35,Other,Oceania,Laptop,Standard,13.99,167.88,Debit Card,3,Action,3.9,0.11,Low,33,At Risk,1,Churned,13.99
e1c24850-9ba6-4b3c-b64c-b3dc0e49a8f0,46,46-55,Other,Asia,Tablet,Basic,8.99,107.88,Gift Card,5,Romance,7.63,0.24,Medium,31,At Risk,1,Churned,8.99
80ae474f-2e01-4732-a930-00d3e2cd07ba,32,26-35,Male,Asia,Mobile,Premium,17.99,215.88,Gift Card,4,Drama,2.38,0.59,High,3,Active,0,Retained,0.0
e9c0e33c-d11c-49fe-8c0a-7cd7c19bccb6,20,18-25,Female,Asia,Desktop,Basic,8.99,107.88,PayPal,1,Horror,1.27,0.03,Low,46,At Risk,1,Churned,8.99
eb61a935-8dbb-40cc-83eb-a4b86a1c5f82,49,46-55,Male,Oceania,TV,Basic,8.99,107.88,Credit Card,3,Comedy,5.3,0.12,Low,44,At Risk,1,Churned,8.99
6ef75419-014d-484f-b0b5-ad892dc6355a,18,18-25,Male,Europe,TV,Basic,8.99,107.88,Credit Card,2,Sci-Fi,3.11,0.06,Low,48,At Risk,1,Churned,8.99
78881b37-93a3-40e3-af3f-0ed648260308,65,56+,Male,South America,Tablet,Premium,17.99,215.88,Debit Card,2,Action,23.31,0.9,High,25,At Risk,0,Retained,0.0
3e5ca0e8-0ee4-442c-a7d5-42e317f42e32,28,26-35,Female,Africa,Laptop,Standard,13.99,167.88,Gift Card,5,Romance,0.61,0.01,Low,59,At Risk,1,Churned,13.99
1ef03e82-e34c-4c29-b256-b321b3a5ce99,62,56+,Male,Asia,Mobile,Premium,17.99,215.88,Debit Card,5,Documentary,0.99,0.02,Low,43,At Risk,1,Churned,17.99
74321b67-ea33-4478-a9a2-a5d32e6eab48,22,18-25,Male,Asia,Laptop,Standard,13.99,167.88,Crypto,4,Drama,10.96,0.21,Medium,50,At Risk,1,Churned,13.99
5a8ba2fb-5253-47fd-8008-44384430edf1,29,26-35,Other,Africa,Mobile,Premium,17.99,215.88,PayPal,3,Romance,16.95,0.31,Medium,53,At Risk,1,Churned,17.99
ba7257d0-99c8-4c55-a657-6537eb677dfb,37,36-45,Female,Asia,TV,Standard,13.99,167.88,PayPal,5,Sci-Fi,5.31,0.14,Low,38,At Risk,0,Retained,0.0
fa287c41-72cd-40a9-82b6-1fc0737ab235,34,26-35,Other,Europe,TV,Standard,13.99,167.88,Gift Card,1,Romance,8.59,0.41,Medium,20,Active,0,Retained,0.0
09054f5f-12f8-4050-a4a3-0200272daaa0,60,56+,Other,Oceania,TV,Basic,8.99,107.88,Debit Card,5,Romance,36.07,0.92,High,38,At Risk,0,Retained,0.0
900d8e75-3067-4dfb-8193-9f2a21e0678e,57,56+,Female,Europe,Desktop,Basic,8.99,107.88,Debit Card,2,Documentary,2.86,0.06,Low,49,At Risk,1,Churned,8.99
e158767d-d404-4c70-9ab1-df830be9d0d7,33,26-35,Other,South America,Mobile,Basic,8.99,107.88,Credit Card,1,Drama,24.94,1.47,High,16,Active,0,Retained,0.0
804256f3-09b1-43a2-9e9b-2e12ed16cffe,26,26-35,Male,North America,TV,Standard,13.99,167.88,Credit Card,1,Romance,26.4,1.15,High,22,At Risk,0,Retained,0.0
210b9c3e-61bd-419b-842d-72ed78d38e9e,28,26-35,Other,Europe,Laptop,Standard,13.99,167.88,Credit Card,5,Horror,14.45,2.89,High,4,Active,0,Retained,0.0
5ab5431d-4185-4b4f-be21-4183473aa0a9,53,46-55,Other,South America,Tablet,Premium,17.99,215.88,Debit Card,1,Action,4.49,0.41,Medium,10,Active,1,Churned,17.99
eb0d1e13-35b7-472c-a39c-c5211ebb80e4,45,36-45,Male,Africa,Desktop,Basic,8.99,107.88,Crypto,3,Sci-Fi,4.22,0.22,Medium,18,Active,1,Churned,8.99
83f21fb5-7cfa-45e9-875e-819c773032fb,62,56+,Other,South America,Desktop,Basic,8.99,107.88,Gift Card,3,Action,16.62,0.76,High,21,At Risk,0,Retained,0.0
33bca94a-0b75-4ad7-b4fe-db44cfdd6992,28,26-35,Other,Africa,Mobile,Standard,13.99,167.88,PayPal,1,Comedy,1.07,0.11,Low,9,Active,1,Churned,13.99
ac790561-30ba-49da-b38b-56e3f1d6898d,53,46-55,Other,Africa,Desktop,Premium,17.99,215.88,Debit Card,4,Comedy,27.73,0.84,High,32,At Risk,0,Retained,0.0
1b49ab1b-80c6-48a5-8fa2-99155b0d743d,20,18-25,Male,South America,TV,Basic,8.99,107.88,Gift Card,4,Comedy,1.4,0.03,Low,51,At Risk,1,Churned,8.99
2053f03c-0aff-41b0-be01-b4b81f0b1c6b,59,56+,Male,Oceania,Desktop,Standard,13.99,167.88,Gift Card,2,Drama,10.64,0.29,Medium,36,At Risk,1,Churned,13.99
77b85c42-c67d-4876-b26b-6ab89ed8bbaf,66,56+,Male,Europe,Tablet,Basic,8.99,107.88,Credit Card,1,Comedy,8.01,0.15,Low,53,At Risk,1,Churned,8.99
6b608954-fb0e-409e-bb61-f6b97fea7fb5,41,36-45,Male,South America,Tablet,Basic,8.99,107.88,Debit Card,5,Sci-Fi,7.04,0.23,Medium,30,At Risk,0,Retained,0.0
7fc041a7-0fd1-44e9-b505-6dd1e752a78c,51,46-55,Male,Europe,Desktop,Basic,8.99,107.88,Debit Card,4,Action,7.54,1.26,High,5,Active,0,Retained,0.0
cd3d65e9-6653-4206-8809-0665721a1af5,29,26-35,Female,Oceania,Tablet,Standard,13.99,167.88,Gift Card,2,Drama,17.26,0.96,High,17,Active,0,Retained,0.0
d7fbf7d7-9302-402c-a84e-d8303dedc8cd,58,56+,Other,North America,Tablet,Premium,17.99,215.88,Gift Card,3,Horror,14.44,0.33,Medium,43,At Risk,1,Churned,17.99
4715e1c8-4447-49fb-aaf6-d1f7cdc5a4a3,28,26-35,Other,Africa,Desktop,Standard,13.99,167.88,Debit Card,4,Horror,6.97,0.7,High,9,Active,0,Retained,0.0
e6d043fa-2dd1-45d0-876c-a7c704f2ce1f,29,26-35,Female,North America,Laptop,Premium,17.99,215.88,Credit Card,4,Action,14.87,1.14,High,12,Active,0,Retained,0.0
84e37d64-6055-4386-ba92-21d96a511b3b,62,56+,Other,Europe,Desktop,Standard,13.99,167.88,PayPal,3,Sci-Fi,4.16,0.14,Low,29,At Risk,1,Churned,13.99
b16c9135-2798-4e1d-a48a-1d9c64d459f2,62,56+,Other,Oceania,TV,Basic,8.99,107.88,Crypto,5,Sci-Fi,21.86,0.95,High,22,At Risk,0,Retained,0.0
029e94b4-bc1c-4602-a8ef-7fe92c78f4c2,58,56+,Female,Africa,Laptop,Basic,8.99,107.88,Gift Card,2,Documentary,8.4,0.19,Medium,44,At Risk,1,Churned,8.99
28c6e751-2511-479d-83c1-455a6e1fc02a,21,18-25,Female,Europe,Mobile,Standard,13.99,167.88,Crypto,4,Comedy,25.32,0.42,Medium,60,At Risk,0,Retained,0.0
727e553f-d207-4563-9a00-8d82561e7817,38,36-45,Male,Asia,Desktop,Basic,8.99,107.88,Gift Card,3,Documentary,22.74,0.37,Medium,60,At Risk,1,Churned,8.99
3f14d6e0-dd02-4fe1-82ff-bd5cec08118b,19,18-25,Female,Europe,Tablet,Standard,13.99,167.88,Credit Card,1,Drama,16.26,0.9,High,17,Active,0,Retained,0.0
43c2a767-ad49-4977-b9b7-e87e81e9e93d,46,46-55,Other,North America,Mobile,Basic,8.99,107.88,Debit Card,4,Action,13.83,0.31,Medium,44,At Risk,1,Churned,8.99
2b7bf795-ccef-4bca-93a6-d00318b73c50,38,36-45,Female,North America,Desktop,Standard,13.99,167.88,PayPal,2,Sci-Fi,0.9,0.03,Low,35,At Risk,1,Churned,13.99
f1200806-6780-4b17-b062-50507384f5ce,36,36-45,Male,Europe,TV,Standard,13.99,167.88,PayPal,2,Romance,37.54,0.68,High,54,At Risk,0,Retained,0.0
e3a57085-5027-4193-90fd-91b31d51ffe8,42,36-45,Male,Oceania,Desktop,Standard,13.99,167.88,Debit Card,5,Comedy,1.64,0.09,Low,17,Active,0,Retained,0.0
214cb42c-b964-4040-9c71-0251fb9a4a1e,43,36-45,Male,Europe,Tablet,Standard,13.99,167.88,PayPal,1,Horror,5.61,0.13,Low,41,At Risk,1,Churned,13.99
e8e2671b-ef4f-4d9b-a1b3-0b642a8eff25,60,56+,Other,Europe,Laptop,Premium,17.99,215.88,PayPal,1,Action,7.61,0.36,Medium,20,Active,0,Retained,0.0
4d29e9ee-d620-4826-934a-0ad009294493,55,46-55,Female,South America,Desktop,Standard,13.99,167.88,Credit Card,2,Horror,14.71,0.7,High,20,Active,0,Retained,0.0
ecb0426b-5580-4337-a6c4-add3b523895d,41,36-45,Female,South America,TV,Basic,8.99,107.88,Credit Card,5,Action,27.09,3.39,High,7,Active,0,Retained,0.0
83a192a7-6748-40bc-a60b-004e4a03e87b,51,46-55,Male,Africa,Mobile,Premium,17.99,215.88,Debit Card,2,Documentary,7.92,0.47,Medium,16,Active,0,Retained,0.0
85420440-ebf6-49e6-af14-16079557b57a,32,26-35,Other,Asia,Laptop,Basic,8.99,107.88,PayPal,3,Drama,12.06,0.45,Medium,26,At Risk,0,Retained,0.0
57212dcb-1d06-4d90-8679-277113d72959,35,26-35,Female,Africa,Desktop,Basic,8.99,107.88,PayPal,2,Comedy,2.22,0.44,Medium,4,Active,1,Churned,8.99
69f107ad-0d39-475d-850e-6d718d486ae4,63,56+,Male,Asia,Tablet,Premium,17.99,215.88,Crypto,5,Horror,20.68,0.77,High,26,At Risk,0,Retained,0.0
18a5612d-f555-46c6-ad9a-ec247c068c0e,39,36-45,Other,South America,Mobile,Premium,17.99,215.88,Debit Card,2,Horror,4.0,0.12,Low,32,At Risk,1,Churned,17.99
cc8ec647-33c7-46cf-af2b-141363c9314f,19,18-25,Male,Oceania,Tablet,Basic,8.99,107.88,PayPal,4,Sci-Fi,2.79,0.08,Low,33,At Risk,1,Churned,8.99
63c3d866-4c2f-4b50-9e58-332a2bbea4e5,33,26-35,Female,Asia,Mobile,Basic,8.99,107.88,Crypto,5,Documentary,9.64,0.31,Medium,30,At Risk,0,Retained,0.0
981b303b-c6cd-438a-9e2a-d360db261b75,63,56+,Male,North America,Tablet,Basic,8.99,107.88,Gift Card,1,Sci-Fi,39.55,0.92,High,42,At Risk,1,Churned,8.99
b6a5e8ca-ccd7-4fca-a1d3-949bffc746cf,18,18-25,Other,Oceania,Laptop,Basic,8.99,107.88,Credit Card,1,Sci-Fi,2.13,0.1,Low,20,Active,1,Churned,8.99
c3bb2207-5913-4675-9977-5a1a64de72e1,22,18-25,Other,Oceania,Mobile,Premium,17.99,215.88,Credit Card,5,Sci-Fi,32.64,1.05,High,30,At Risk,0,Retained,0.0
ac6d762a-91b1-494e-9ce5-cdccfd177f90,42,36-45,Other,Europe,Tablet,Basic,8.99,107.88,Debit Card,2,Romance,20.52,3.42,High,5,Active,0,Retained,0.0
9084d77f-70c5-4e36-91f5-57f8f36c20c7,42,36-45,Male,Oceania,Tablet,Premium,17.99,215.88,Gift Card,4,Horror,3.49,0.06,Low,55,At Risk,1,Churned,17.99
b2bf8c40-7a2a-4695-8a51-354e6021337e,24,18-25,Female,North America,Laptop,Basic,8.99,107.88,Debit Card,5,Drama,14.8,0.51,Medium,28,At Risk,0,Retained,0.0
75213958-6f81-4fc1-a446-5eafb01dca12,30,26-35,Female,North America,TV,Basic,8.99,107.88,Credit Card,3,Drama,4.39,0.08,Low,52,At Risk,1,Churned,8.99
ead37a59-af0e-4cd8-a764-f2cdbe727457,22,18-25,Male,North America,Desktop,Premium,17.99,215.88,Credit Card,1,Romance,5.45,0.32,Medium,16,Active,0,Retained,0.0
91b02759-584d-4f29-b1a4-5818311708d1,54,46-55,Male,Oceania,Tablet,Standard,13.99,167.88,Gift Card,2,Sci-Fi,15.65,0.29,Medium,53,At Risk,1,Churned,13.99
2b8e4729-3d02-40e1-86ba-7cb9241b7f80,68,56+,Other,North America,Laptop,Standard,13.99,167.88,Crypto,5,Drama,5.33,0.2,Medium,26,At Risk,0,Retained,0.0
10fe2d39-3e7a-4fd6-afef-fd7885f1fd16,51,46-55,Female,South America,Mobile,Standard,13.99,167.88,Debit Card,2,Documentary,5.79,0.12,Low,47,At Risk,1,Churned,13.99
8f256cb4-eb43-4eaf-a0f9-ee1436424b70,68,56+,Female,Oceania,Tablet,Standard,13.99,167.88,Debit Card,5,Sci-Fi,14.65,1.22,High,11,Active,0,Retained,0.0
47787f39-8e7e-44fb-b179-442e3735f82f,58,56+,Other,Europe,Tablet,Standard,13.99,167.88,Debit Card,5,Documentary,0.37,0.01,Low,60,At Risk,1,Churned,13.99
b6083e69-466b-43ff-bd61-d835ff91dfae,32,26-35,Female,North America,Mobile,Basic,8.99,107.88,Debit Card,2,Romance,9.14,0.18,Medium,51,At Risk,1,Churned,8.99
225a3fb2-e273-4726-a0f3-0fea1aa6f0c9,59,56+,Male,Asia,Tablet,Basic,8.99,107.88,Crypto,4,Comedy,25.0,0.56,High,44,At Risk,0,Retained,0.0
bdfa953f-4810-434e-a574-205313689450,49,46-55,Female,Asia,Desktop,Premium,17.99,215.88,Gift Card,1,Action,14.39,0.29,Medium,48,At Risk,1,Churned,17.99
9f3553ad-d5b2-4d08-85f8-1560403a619d,29,26-35,Male,Oceania,Tablet,Premium,17.99,215.88,Debit Card,5,Action,0.69,0.02,Low,41,At Risk,1,Churned,17.99
11ea4551-84fd-4d94-b679-4a8f5d4fd69a,53,46-55,Female,South America,TV,Basic,8.99,107.88,PayPal,2,Comedy,10.96,0.69,High,15,Active,0,Retained,0.0
6a2c245c-1c2b-4aab-8133-182c39000b3a,56,56+,Male,South America,Tablet,Basic,8.99,107.88,Crypto,1,Romance,14.36,0.65,High,21,At Risk,0,Retained,0.0
435ccceb-38f8-40a8-86eb-7629bd3d9c54,56,56+,Male,North America,Laptop,Basic,8.99,107.88,PayPal,3,Comedy,3.26,0.16,Low,20,Active,1,Churned,8.99
437ee4e8-fc39-4e80-99a5-3e8aa461522a,68,56+,Male,South America,Laptop,Standard,13.99,167.88,Gift Card,2,Comedy,24.08,0.41,Medium,58,At Risk,0,Retained,0.0
3a541439-f431-4fbc-9f60-8434d47eaae8,62,56+,Other,Europe,Laptop,Premium,17.99,215.88,PayPal,2,Horror,7.68,0.13,Low,56,At Risk,1,Churned,17.99
28c544f1-3e87-4ae2-bd03-8bb94284b82c,26,26-35,Male,South America,Mobile,Standard,13.99,167.88,PayPal,4,Romance,67.5,2.25,High,29,At Risk,0,Retained,0.0
9927198c-86e3-4f28-a6ce-397acc4caf69,26,26-35,Other,South America,Mobile,Standard,13.99,167.88,Debit Card,1,Comedy,4.31,0.31,Medium,13,Active,1,Churned,13.99
2381eca7-1a48-4bfb-8dab-c7a632ed0058,40,36-45,Female,Europe,Laptop,Basic,8.99,107.88,Credit Card,1,Comedy,12.67,0.28,Medium,44,At Risk,1,Churned,8.99
c6e7dcc7-f791-40a3-ac2e-7604b3a98468,52,46-55,Male,Europe,Desktop,Standard,13.99,167.88,Debit Card,5,Sci-Fi,5.03,1.01,High,4,Active,0,Retained,0.0
0986188b-fb15-47a9-afc2-8a22c131768f,37,36-45,Female,Africa,Desktop,Basic,8.99,107.88,Gift Card,4,Horror,25.43,4.24,High,5,Active,0,Retained,0.0
51846af3-4ee8-4383-b77e-c7941ff99e4f,24,18-25,Female,North America,Tablet,Basic,8.99,107.88,Crypto,5,Documentary,5.59,5.59,High,0,Active,0,Retained,0.0
872edb94-4351-4086-b95a-9e27431cc43f,19,18-25,Male,Asia,Desktop,Premium,17.99,215.88,Debit Card,4,Action,11.32,0.35,Medium,31,At Risk,0,Retained,0.0
5387eb2d-2e8e-47aa-a12f-9202951e5f69,69,56+,Male,Africa,Tablet,Basic,8.99,107.88,Credit Card,3,Romance,1.13,0.05,Low,24,At Risk,1,Churned,8.99
887211af-46f5-4170-b67d-ae4b857a3e02,40,36-45,Female,Oceania,Tablet,Standard,13.99,167.88,Crypto,3,Drama,30.74,0.55,High,55,At Risk,0,Retained,0.0
19cef185-673b-4519-9fb2-cd85a59f6528,39,36-45,Other,South America,Laptop,Basic,8.99,107.88,Credit Card,1,Romance,16.77,0.34,Medium,48,At Risk,1,Churned,8.99
398c5457-acaa-41b1-887c-eb2b44578430,51,46-55,Other,South America,Tablet,Basic,8.99,107.88,Gift Card,5,Horror,51.43,1.47,High,34,At Risk,0,Retained,0.0
87224324-13d4-4c0c-b5a2-8f782c47cccd,52,46-55,Male,Europe,Mobile,Standard,13.99,167.88,PayPal,1,Horror,21.89,5.47,High,3,Active,0,Retained,0.0
67cf164d-d961-4310-8646-8b5792f20876,70,56+,Other,South America,Desktop,Premium,17.99,215.88,PayPal,1,Horror,8.68,0.21,Medium,41,At Risk,1,Churned,17.99
5c55ebb6-04ac-4d5d-9d7c-32ea910c88ba,70,56+,Other,Europe,Mobile,Standard,13.99,167.88,Crypto,4,Documentary,20.33,0.47,Medium,42,At Risk,0,Retained,0.0
de02cddd-08a6-42fe-99bc-06cc033f2bd5,68,56+,Male,Europe,Mobile,Premium,17.99,215.88,Gift Card,3,Horror,19.91,0.36,Medium,54,At Risk,1,Churned,17.99
d625591a-3bbc-429e-a938-e0c608d79b57,32,26-35,Other,North America,Laptop,Standard,13.99,167.88,Crypto,4,Horror,17.48,3.5,High,4,Active,0,Retained,0.0
51902957-4d34-4297-ae4b-fb94b2467e14,43,36-45,Female,Asia,Desktop,Basic,8.99,107.88,Crypto,2,Documentary,17.9,0.37,Medium,48,At Risk,1,Churned,8.99
42c50042-91a6-424a-b693-29d883255e61,28,26-35,Other,North America,Desktop,Standard,13.99,167.88,Credit Card,4,Documentary,50.73,3.9,High,12,Active,0,Retained,0.0
5ad29c73-f218-4cb0-b44c-628973888c49,41,36-45,Male,Asia,TV,Premium,17.99,215.88,PayPal,5,Comedy,60.32,2.32,High,25,At Risk,0,Retained,0.0
226c0013-0f4e-437e-a087-e806934fc1fb,50,46-55,Other,Europe,Mobile,Basic,8.99,107.88,Crypto,5,Sci-Fi,6.53,0.33,Medium,19,Active,0,Retained,0.0
5952e659-bab6-482a-96c4-f44b828be07a,59,56+,Female,South America,TV,Premium,17.99,215.88,Gift Card,3,Comedy,23.31,0.46,Medium,50,At Risk,0,Retained,0.0
07cbc13d-c375-4955-a2a8-15fd519c8740,51,46-55,Other,South America,Tablet,Premium,17.99,215.88,Credit Card,2,Horror,10.47,0.46,Medium,22,At Risk,0,Retained,0.0
dbb5d434-8a56-41f9-87eb-1cf8dc563b1b,19,18-25,Male,North America,Tablet,Premium,17.99,215.88,Debit Card,1,Action,5.34,1.33,High,3,Active,0,Retained,0.0
40f121cf-8cc7-4e5a-bf91-dfa99f774bca,25,18-25,Other,Africa,Mobile,Standard,13.99,167.88,Crypto,4,Comedy,5.36,0.22,Medium,23,At Risk,0,Retained,0.0
4be265b7-f86a-4d63-913d-f15259bbc9ad,61,56+,Other,Asia,TV,Standard,13.99,167.88,PayPal,1,Drama,19.49,1.95,High,9,Active,0,Retained,0.0
4b9cde42-026c-4e54-a2d5-c417ffca15ac,39,36-45,Other,Europe,Desktop,Standard,13.99,167.88,Credit Card,5,Documentary,14.12,1.09,High,12,Active,0,Retained,0.0
cd892f9f-b0e1-4c18-b7da-e733c906f25a,53,46-55,Male,North America,Mobile,Basic,8.99,107.88,Credit Card,3,Comedy,7.21,0.13,Low,53,At Risk,1,Churned,8.99
207339d4-84f7-4562-aeab-481ca61807c6,21,18-25,Male,South America,Laptop,Basic,8.99,107.88,Crypto,1,Action,24.12,1.27,High,18,Active,0,Retained,0.0
755f3ee0-6334-4300-8117-dd9d43d6b113,42,36-45,Other,Africa,Desktop,Premium,17.99,215.88,PayPal,4,Romance,13.25,0.44,Medium,29,At Risk,0,Retained,0.0
5cd4bc7f-42fe-4ca5-8903-f154b5473974,65,56+,Other,Oceania,Desktop,Basic,8.99,107.88,PayPal,2,Action,0.39,0.1,Low,3,Active,1,Churned,8.99
803b8187-d2cd-405e-9016-a8aa418384e1,18,18-25,Male,Africa,TV,Basic,8.99,107.88,Gift Card,5,Romance,32.68,0.55,High,58,At Risk,0,Retained,0.0
61ed2c75-3159-4640-9a7f-adbdcd9f6144,45,36-45,Other,North America,Desktop,Standard,13.99,167.88,Crypto,4,Romance,12.64,0.37,Medium,33,At Risk,1,Churned,13.99
47ef1fd4-7788-481e-829c-abd737dbd61f,19,18-25,Female,Africa,Tablet,Premium,17.99,215.88,Debit Card,2,Documentary,1.8,0.36,Medium,4,Active,0,Retained,0.0
2820c5f3-3394-45aa-930f-e4e26a781c66,45,36-45,Other,Oceania,Desktop,Premium,17.99,215.88,Credit Card,5,Drama,21.12,0.75,High,27,At Risk,0,Retained,0.0
3080b07c-545a-4370-9485-b288de08764f,24,18-25,Female,Asia,Mobile,Standard,13.99,167.88,Credit Card,3,Comedy,1.68,0.04,Low,45,At Risk,1,Churned,13.99
c0874a78-dcb0-4a64-b41d-1995f7c54cab,48,46-55,Other,Asia,Desktop,Standard,13.99,167.88,PayPal,1,Comedy,3.22,0.09,Low,33,At Risk,1,Churned,13.99
c2edf117-ec72-4ee9-bf3c-bb67ea3ce636,67,56+,Female,Asia,Desktop,Basic,8.99,107.88,Crypto,1,Romance,8.03,0.23,Medium,34,At Risk,1,Churned,8.99
8eebe75f-d578-48f5-9c59-5a5864dfa1c2,41,36-45,Female,South America,TV,Basic,8.99,107.88,PayPal,3,Drama,7.36,0.24,Medium,30,At Risk,0,Retained,0.0
d87c00e4-e192-46ea-a7cf-353a90d06715,35,26-35,Female,Asia,Desktop,Premium,17.99,215.88,Crypto,3,Horror,1.84,0.06,Low,30,At Risk,1,Churned,17.99
10d5f159-a06d-4c0b-8ca6-20231beefa15,50,46-55,Female,Europe,Laptop,Standard,13.99,167.88,Gift Card,3,Comedy,19.48,0.39,Medium,49,At Risk,1,Churned,13.99
7ffed6ac-db02-4e27-9368-551fb7b66687,24,18-25,Male,Africa,TV,Premium,17.99,215.88,Credit Card,1,Documentary,33.35,0.86,High,38,At Risk,0,Retained,0.0
c8a454e7-9cfd-41de-a06e-f0251becf007,30,26-35,Female,Europe,Desktop,Premium,17.99,215.88,PayPal,3,Drama,3.63,0.1,Low,35,At Risk,1,Churned,17.99
2f7bc8a8-1433-4c9e-976d-02584059d9c4,44,36-45,Female,North America,TV,Premium,17.99,215.88,Crypto,5,Sci-Fi,15.31,0.57,High,26,At Risk,0,Retained,0.0
724af657-0df2-4775-8850-9e3cd124f620,61,56+,Female,South America,Laptop,Basic,8.99,107.88,Gift Card,2,Documentary,14.55,0.38,Medium,37,At Risk,1,Churned,8.99
5c4b45aa-9549-406c-9b5a-efbc6faf2a36,43,36-45,Female,North America,Laptop,Standard,13.99,167.88,PayPal,1,Horror,19.95,0.49,Medium,40,At Risk,1,Churned,13.99
19ff99c9-4347-4ec5-9ba7-d9680a0268a6,54,46-55,Other,Asia,Laptop,Basic,8.99,107.88,Credit Card,1,Drama,9.92,0.35,Medium,27,At Risk,1,Churned,8.99
f933c9ef-6e58-4e70-b20d-e7d40e7c0ea2,39,36-45,Female,Asia,Tablet,Standard,13.99,167.88,Gift Card,5,Drama,1.72,0.07,Low,24,At Risk,1,Churned,13.99
e334edac-479f-4209-a523-985d5244f439,43,36-45,Female,Africa,Laptop,Standard,13.99,167.88,Gift Card,3,Documentary,8.45,0.4,Medium,20,Active,0,Retained,0.0
76cf661d-95cb-4b43-bd4e-a2fb1e1ca16c,26,26-35,Other,North America,Tablet,Standard,13.99,167.88,Crypto,1,Sci-Fi,13.02,0.31,Medium,41,At Risk,1,Churned,13.99
2736897f-a383-4813-bb71-2a3b303dc1be,22,18-25,Male,Asia,Laptop,Standard,13.99,167.88,PayPal,5,Drama,0.12,0.02,Low,4,Active,0,Retained,0.0
d178f7f4-f66b-4f59-8ab8-d15e9b51a915,32,26-35,Male,Europe,Mobile,Standard,13.99,167.88,PayPal,3,Horror,5.6,0.12,Low,44,At Risk,1,Churned,13.99
14505c8a-5d16-4808-8a62-75fcdfbb28d1,28,26-35,Other,North America,Laptop,Premium,17.99,215.88,Crypto,1,Comedy,0.68,0.01,Low,53,At Risk,1,Churned,17.99
a20bd2c0-01c9-46f2-883e-addc3a0b0ab3,50,46-55,Male,Oceania,Laptop,Standard,13.99,167.88,Crypto,2,Horror,1.96,0.03,Low,60,At Risk,1,Churned,13.99
3a85cb4f-fbe6-43cd-9e48-561e968a38ba,25,18-25,Other,Europe,Desktop,Basic,8.99,107.88,PayPal,3,Documentary,6.38,0.11,Low,58,At Risk,1,Churned,8.99
df6931fb-0022-4c8a-a665-d7a6fa7e896d,46,46-55,Female,South America,Tablet,Premium,17.99,215.88,Debit Card,4,Comedy,0.5,0.01,Low,51,At Risk,1,Churned,17.99
a4cfac30-906c-46c6-9613-799375ab5c8a,69,56+,Other,South America,Laptop,Premium,17.99,215.88,Debit Card,2,Drama,15.94,0.43,Medium,36,At Risk,1,Churned,17.99
4accb3d6-cb3e-4912-955e-5c7ab5b2f60a,57,56+,Female,North America,TV,Basic,8.99,107.88,Debit Card,4,Sci-Fi,0.71,0.02,Low,42,At Risk,1,Churned,8.99
ee1c6064-32f6-488d-b0c5-e7ff7fc46d64,37,36-45,Other,North America,Desktop,Premium,17.99,215.88,PayPal,3,Drama,1.32,0.03,Low,47,At Risk,1,Churned,17.99
d3b41960-c2b4-4bf5-92cb-243fd3dd3839,66,56+,Female,South America,Mobile,Basic,8.99,107.88,Gift Card,3,Comedy,37.6,1.04,High,35,At Risk,0,Retained,0.0
88007999-8185-4c2c-8bb7-019af9a4268a,44,36-45,Female,Africa,Mobile,Standard,13.99,167.88,Credit Card,5,Sci-Fi,2.69,0.21,Medium,12,Active,0,Retained,0.0
bbc959b5-3e2d-486d-afe6-f5604ccd8353,66,56+,Male,North America,Mobile,Basic,8.99,107.88,PayPal,5,Sci-Fi,5.07,0.13,Low,38,At Risk,1,Churned,8.99
c7070081-a154-4414-b413-bef90b05e624,39,36-45,Female,Oceania,Laptop,Premium,17.99,215.88,Gift Card,4,Romance,15.78,0.61,High,25,At Risk,0,Retained,0.0
0048f001-a72c-4307-8f2d-3820bdf4ed80,63,56+,Female,South America,Mobile,Premium,17.99,215.88,PayPal,2,Romance,9.84,0.21,Medium,46,At Risk,1,Churned,17.99
37d89df6-e945-4365-b6bf-f153ff42dba6,39,36-45,Male,South America,Laptop,Basic,8.99,107.88,PayPal,3,Action,0.21,0.01,Low,39,At Risk,1,Churned,8.99
81264692-e2fd-4344-9f2b-0826d6bb7edf,62,56+,Male,North America,Tablet,Standard,13.99,167.88,Gift Card,5,Sci-Fi,9.15,0.16,Low,55,At Risk,1,Churned,13.99
0b23f53c-b88a-4f84-9ad7-a5c6c58468c1,63,56+,Female,Europe,Mobile,Standard,13.99,167.88,Crypto,5,Documentary,3.86,0.26,Medium,14,Active,1,Churned,13.99
baf77c0b-ae75-441e-a9ca-10dcb0ca8a86,33,26-35,Female,Africa,Tablet,Standard,13.99,167.88,PayPal,3,Sci-Fi,6.82,0.38,Medium,17,Active,0,Retained,0.0
e6f30248-cada-456a-9bad-60136760979b,18,18-25,Female,Africa,Laptop,Premium,17.99,215.88,Credit Card,2,Drama,11.82,0.2,Medium,59,At Risk,1,Churned,17.99
07b6de05-0028-418a-9e1c-09a345bd813c,68,56+,Female,South America,Desktop,Standard,13.99,167.88,Credit Card,1,Drama,6.49,0.93,High,6,Active,0,Retained,0.0
a07f537a-651f-4bfd-894c-91d437fe5a2f,20,18-25,Male,Africa,Laptop,Premium,17.99,215.88,Debit Card,5,Action,2.04,0.04,Low,52,At Risk,1,Churned,17.99
49d28e48-9b37-4e3d-b921-06b3c1ff01f3,62,56+,Other,North America,Desktop,Basic,8.99,107.88,Debit Card,3,Documentary,18.42,0.4,Medium,45,At Risk,1,Churned,8.99
005bfa8f-2b5b-4b77-8285-3bf38fc632da,24,18-25,Female,Europe,Laptop,Premium,17.99,215.88,Debit Card,4,Romance,0.98,0.02,Low,46,At Risk,1,Churned,17.99
6463ec75-e456-45e7-8cfb-a377f3842234,39,36-45,Female,South America,TV,Premium,17.99,215.88,Debit Card,5,Documentary,17.26,0.78,High,21,At Risk,0,Retained,0.0
acccbbd5-848f-4151-a9e8-33e653d4e494,46,46-55,Other,Asia,Laptop,Standard,13.99,167.88,Credit Card,3,Comedy,4.0,0.09,Low,42,At Risk,1,Churned,13.99
31f056a8-4f89-4d97-a971-d157f79285c2,38,36-45,Female,Africa,Laptop,Standard,13.99,167.88,Gift Card,1,Documentary,47.25,3.63,High,12,Active,0,Retained,0.0
86222aa8-5671-4c15-b626-a0b47e66afcf,30,26-35,Male,Asia,Laptop,Premium,17.99,215.88,Gift Card,5,Romance,2.19,0.09,Low,24,At Risk,1,Churned,17.99
3a338129-8b57-498d-b986-04c650132c87,29,26-35,Other,Oceania,Mobile,Basic,8.99,107.88,PayPal,1,Romance,7.83,0.2,Medium,39,At Risk,1,Churned,8.99
119a8e37-6e68-4055-b5bb-012e97bc9ffb,66,56+,Other,Africa,Desktop,Premium,17.99,215.88,Gift Card,5,Romance,8.07,0.38,Medium,20,Active,0,Retained,0.0
8cb6d729-372a-415e-a63f-7460bf042fb5,54,46-55,Female,Asia,Tablet,Standard,13.99,167.88,Debit Card,2,Romance,9.97,3.32,High,2,Active,0,Retained,0.0
6cdf0799-8c0c-40af-8522-41cb8dedbd76,37,36-45,Male,Asia,TV,Standard,13.99,167.88,Gift Card,2,Horror,5.47,0.14,Low,39,At Risk,1,Churned,13.99
fd0ef1ea-371a-4e71-8fb7-c9a05f7ccd03,41,36-45,Other,South America,Tablet,Premium,17.99,215.88,PayPal,4,Documentary,0.87,0.03,Low,33,At Risk,1,Churned,17.99
0d84a40e-1adf-46a9-850f-312e3efd401b,47,46-55,Male,Asia,Mobile,Standard,13.99,167.88,Crypto,3,Sci-Fi,13.37,0.28,Medium,46,At Risk,1,Churned,13.99
3fede56d-0d7a-4aa2-93b7-acc1341f620b,41,36-45,Female,Europe,Laptop,Premium,17.99,215.88,Debit Card,3,Action,0.43,0.01,Low,60,At Risk,1,Churned,17.99
c55bd57e-3c4f-495c-be97-d55c21b22f6f,18,18-25,Other,Oceania,Mobile,Premium,17.99,215.88,Crypto,5,Romance,8.3,0.2,Medium,41,At Risk,1,Churned,17.99
7b4e29be-baa8-42c4-a7e8-3a707d8ef336,69,56+,Female,Asia,TV,Basic,8.99,107.88,Debit Card,4,Drama,40.16,2.36,High,16,Active,0,Retained,0.0
00e9f683-9379-4296-a5a6-76bc2c9dd117,58,56+,Female,Oceania,TV,Premium,17.99,215.88,Crypto,1,Sci-Fi,0.45,0.06,Low,7,Active,1,Churned,17.99
3c9f262f-a793-4935-8967-c74dbadf9938,65,56+,Female,Africa,Tablet,Standard,13.99,167.88,Credit Card,3,Romance,45.1,0.76,High,58,At Risk,0,Retained,0.0
a70e3fc7-66f5-4ab7-ac53-4875558a9a48,24,18-25,Other,Africa,Tablet,Premium,17.99,215.88,Gift Card,1,Horror,15.55,0.5,Medium,30,At Risk,0,Retained,0.0
fb35081c-372b-46f2-afb1-a239c1ca535b,65,56+,Other,South America,Tablet,Standard,13.99,167.88,Crypto,2,Horror,1.64,0.1,Low,15,Active,1,Churned,13.99
c214a79d-72d0-4384-8a5a-619721b76c8e,27,26-35,Other,Europe,Mobile,Premium,17.99,215.88,Credit Card,5,Romance,2.3,1.15,High,1,Active,0,Retained,0.0
0090f79e-a776-489a-9112-5f71e7870f94,53,46-55,Female,Europe,TV,Standard,13.99,167.88,Credit Card,3,Romance,0.89,0.02,Low,42,At Risk,1,Churned,13.99
df3978cc-64e6-4e40-9cd3-10a6a5dda843,22,18-25,Female,Europe,Desktop,Premium,17.99,215.88,PayPal,4,Comedy,26.78,0.69,High,38,At Risk,0,Retained,0.0
174b96de-7b2d-4934-a5a0-35ba2d435c5a,63,56+,Female,South America,Tablet,Premium,17.99,215.88,Gift Card,5,Drama,2.81,2.81,High,0,Active,0,Retained,0.0
69aedea2-3081-4c29-805a-c76edff4c5a3,29,26-35,Female,North America,Tablet,Standard,13.99,167.88,Credit Card,1,Documentary,3.69,1.84,High,1,Active,0,Retained,0.0
0bd8dee5-47a9-4349-9d55-e109f81d4394,62,56+,Male,Europe,Desktop,Standard,13.99,167.88,Credit Card,2,Comedy,27.16,0.59,High,45,At Risk,0,Retained,0.0
593b2af6-e882-4129-8c49-1deddd7278fb,34,26-35,Male,Europe,Mobile,Standard,13.99,167.88,PayPal,2,Romance,15.02,1.07,High,13,Active,0,Retained,0.0
cfe10e0f-1aac-495b-b869-4af2359dbb3a,21,18-25,Other,Europe,Laptop,Standard,13.99,167.88,PayPal,1,Documentary,3.18,0.08,Low,41,At Risk,1,Churned,13.99
a65d3fbe-d5b0-4ac7-840c-fdca8d9a9379,53,46-55,Male,Oceania,TV,Basic,8.99,107.88,Gift Card,3,Sci-Fi,79.83,2.85,High,27,At Risk,0,Retained,0.0
3fa23200-518c-4593-983c-1114bf8ee2e7,63,56+,Other,North America,Laptop,Standard,13.99,167.88,Gift Card,2,Sci-Fi,3.13,0.07,Low,45,At Risk,1,Churned,13.99
75994c2a-9f9a-4701-b51d-ad8b7e3787cb,65,56+,Male,North America,Desktop,Standard,13.99,167.88,Gift Card,1,Sci-Fi,15.33,0.85,High,17,Active,0,Retained,0.0
b96865dc-ec6f-42ff-8d8b-9a0bf7d5b6be,45,36-45,Male,Asia,Tablet,Standard,13.99,167.88,Crypto,3,Drama,2.69,0.3,Medium,8,Active,1,Churned,13.99
99700d41-55b7-4d78-acd3-86a1060d880c,53,46-55,Female,North America,Laptop,Basic,8.99,107.88,PayPal,4,Romance,0.19,0.01,Low,25,At Risk,1,Churned,8.99
14032ec1-bd28-4b6e-8baf-e87a673489b1,60,56+,Male,North America,Laptop,Basic,8.99,107.88,Crypto,2,Sci-Fi,4.37,0.07,Low,59,At Risk,1,Churned,8.99
c73888d0-47c7-49e4-ac1f-8c525c426907,35,26-35,Male,South America,Tablet,Premium,17.99,215.88,Gift Card,1,Sci-Fi,28.76,1.2,High,23,At Risk,0,Retained,0.0
99ac905d-c892-41e1-b9dc-619aace2175a,51,46-55,Female,Europe,Laptop,Standard,13.99,167.88,PayPal,3,Comedy,1.91,0.21,Medium,8,Active,1,Churned,13.99
d7f8474a-aa5c-452d-b85d-c86132f7e5c0,27,26-35,Female,Africa,Mobile,Basic,8.99,107.88,PayPal,2,Documentary,5.3,2.65,High,1,Active,0,Retained,0.0
236586ff-c75c-4dfa-b787-19a63e0b4dbd,28,26-35,Other,Europe,Tablet,Premium,17.99,215.88,Gift Card,5,Sci-Fi,9.9,0.49,Medium,19,Active,0,Retained,0.0
30bc483c-87d9-4a9a-9863-6eb5c6bdcb66,18,18-25,Female,Europe,Tablet,Basic,8.99,107.88,Gift Card,4,Horror,5.64,0.13,Low,44,At Risk,1,Churned,8.99
374de352-5868-4026-b9fb-57fd075b1fb3,22,18-25,Other,Asia,Mobile,Basic,8.99,107.88,Credit Card,3,Documentary,7.06,0.12,Low,58,At Risk,1,Churned,8.99
bb31bd8f-7d63-4280-ada1-f1e832fcfdd6,61,56+,Male,South America,Mobile,Standard,13.99,167.88,Crypto,1,Sci-Fi,2.15,0.06,Low,33,At Risk,1,Churned,13.99
71c014eb-50d0-488e-9f41-b4db638f20be,54,46-55,Other,South America,Laptop,Standard,13.99,167.88,Gift Card,5,Documentary,4.69,0.67,High,6,Active,0,Retained,0.0
eaafa153-5c55-4d3b-897c-ef6198ece521,52,46-55,Female,Africa,Mobile,Premium,17.99,215.88,Gift Card,2,Romance,2.05,0.08,Low,24,At Risk,1,Churned,17.99
5d64d061-91f4-4dd9-ab18-93007717e295,24,18-25,Male,Africa,Mobile,Premium,17.99,215.88,Gift Card,1,Documentary,26.44,0.91,High,28,At Risk,0,Retained,0.0
2e409def-802a-4a41-9972-8c8864802af3,38,36-45,Other,Europe,Mobile,Basic,8.99,107.88,Gift Card,5,Action,4.26,0.1,Low,42,At Risk,1,Churned,8.99
4d71c035-c5c9-4da6-907e-171241ea0922,44,36-45,Other,Europe,Mobile,Standard,13.99,167.88,Gift Card,4,Horror,6.9,0.31,Medium,21,At Risk,0,Retained,0.0
93a74dd5-ab90-4ce9-a0b9-8eb45b50e030,64,56+,Male,South America,TV,Standard,13.99,167.88,Crypto,4,Documentary,8.4,0.18,Medium,47,At Risk,1,Churned,13.99
8f6ce173-fad9-4b9f-bb9c-54cf1f37d6ef,23,18-25,Female,Africa,TV,Basic,8.99,107.88,PayPal,2,Horror,5.22,0.4,Medium,12,Active,0,Retained,0.0
9db403c5-08c3-4cee-8e71-59423d132195,22,18-25,Male,South America,TV,Premium,17.99,215.88,Gift Card,1,Sci-Fi,23.15,0.54,High,42,At Risk,0,Retained,0.0
a8f4a8ea-a8a6-4ebb-bcd8-b22e7da612a5,23,18-25,Other,South America,Desktop,Basic,8.99,107.88,PayPal,1,Sci-Fi,11.07,0.38,Medium,28,At Risk,1,Churned,8.99
b4866929-b3fb-47af-a191-0afaf68d14c8,68,56+,Female,Europe,TV,Basic,8.99,107.88,Gift Card,1,Sci-Fi,10.14,1.01,High,9,Active,0,Retained,0.0
941a7320-7c18-442a-9184-f56d633b7b8e,18,18-25,Other,South America,TV,Basic,8.99,107.88,Crypto,4,Horror,20.15,4.03,High,4,Active,0,Retained,0.0
abb4775a-faff-43c3-8d78-641ec98033a8,36,36-45,Male,South America,Mobile,Premium,17.99,215.88,Gift Card,5,Sci-Fi,6.59,0.11,Low,58,At Risk,1,Churned,17.99
f234490c-9b75-4956-9efa-ed1c14b00599,26,26-35,Female,Asia,Desktop,Basic,8.99,107.88,Credit Card,5,Horror,2.58,0.15,Low,16,Active,1,Churned,8.99
a5796917-05b1-456c-8d56-a2d396ebfcf2,33,26-35,Male,Africa,Mobile,Standard,13.99,167.88,Gift Card,4,Romance,8.27,0.14,Low,58,At Risk,1,Churned,13.99
8c15047a-4ddf-4b9b-9f42-5e616af49dc1,50,46-55,Other,Africa,TV,Standard,13.99,167.88,Debit Card,2,Documentary,6.11,0.47,Medium,12,Active,0,Retained,0.0
1d4d7280-ee29-4030-8773-d70bea7b2b3b,34,26-35,Male,Africa,TV,Basic,8.99,107.88,Gift Card,5,Sci-Fi,31.66,0.52,High,60,At Risk,0,Retained,0.0
58bf1357-6164-4e5f-a325-69d1bbd93289,22,18-25,Other,South America,TV,Premium,17.99,215.88,Credit Card,1,Comedy,0.76,0.01,Low,52,At Risk,1,Churned,17.99
919cd49b-f1e4-4deb-82e8-ed7db297d9b8,61,56+,Female,South America,Laptop,Basic,8.99,107.88,Debit Card,2,Drama,4.18,0.09,Low,47,At Risk,1,Churned,8.99
2f4b3f98-c2e9-49e2-bc44-5bfd637d4dec,30,26-35,Female,Oceania,Tablet,Basic,8.99,107.88,Crypto,1,Horror,2.56,0.08,Low,32,At Risk,1,Churned,8.99
18886a51-c0a1-4984-90d4-d4a65e31e03b,32,26-35,Female,Asia,TV,Basic,8.99,107.88,PayPal,4,Romance,17.67,1.18,High,14,Active,0,Retained,0.0
11ff4157-7112-460a-b2f0-b74ee12ee607,56,56+,Female,Oceania,Laptop,Premium,17.99,215.88,PayPal,5,Sci-Fi,17.25,0.33,Medium,52,At Risk,0,Retained,0.0
61ad71a3-40b3-487a-9f6d-38a74144f87b,58,56+,Male,Europe,TV,Premium,17.99,215.88,Crypto,4,Drama,21.56,0.54,High,39,At Risk,0,Retained,0.0
70b1a663-57dc-4d65-8665-808f618abbba,61,56+,Other,Africa,Laptop,Premium,17.99,215.88,Crypto,5,Horror,5.87,0.65,High,8,Active,0,Retained,0.0
8790e02e-d917-4c2b-bcae-249e1597109c,51,46-55,Other,Europe,Tablet,Basic,8.99,107.88,Crypto,5,Documentary,2.42,0.24,Medium,9,Active,1,Churned,8.99
2f38faa5-6695-40e3-892a-ecd94ff19800,24,18-25,Other,Oceania,TV,Premium,17.99,215.88,Debit Card,2,Documentary,2.43,0.07,Low,32,At Risk,1,Churned,17.99
75f21653-1613-4eb8-92a6-5b82721d96df,40,36-45,Male,Oceania,Desktop,Premium,17.99,215.88,Gift Card,1,Sci-Fi,18.06,0.82,High,21,At Risk,0,Retained,0.0
6a427566-52a2-4932-9486-979c1bc514d8,51,46-55,Other,Africa,Laptop,Premium,17.99,215.88,Gift Card,2,Romance,7.64,0.55,High,13,Active,0,Retained,0.0
904460bb-b5a1-4450-bc0f-5fec7fd21583,56,56+,Other,Africa,Tablet,Premium,17.99,215.88,Credit Card,3,Romance,1.54,0.14,Low,10,Active,1,Churned,17.99
5fd7658b-f5bb-462e-b9e4-86a4485b0fb0,53,46-55,Other,Africa,Desktop,Premium,17.99,215.88,Credit Card,2,Documentary,21.9,0.76,High,28,At Risk,0,Retained,0.0
9e060381-f27b-4fbf-b098-6415f3eb4bbb,20,18-25,Other,Oceania,Desktop,Standard,13.99,167.88,Gift Card,3,Horror,2.13,0.24,Medium,8,Active,1,Churned,13.99
5c4d8663-35c7-4f51-a930-5b1a7059a8b0,43,36-45,Other,Asia,Desktop,Basic,8.99,107.88,Debit Card,3,Horror,4.07,0.2,Medium,19,Active,1,Churned,8.99
1934ae7e-6f01-40d2-a15c-ee3db2650f99,64,56+,Female,Asia,Laptop,Basic,8.99,107.88,PayPal,3,Drama,0.65,0.01,Low,43,At Risk,1,Churned,8.99
9eacdfae-16bb-4a84-8c31-dd5976efb95f,40,36-45,Female,North America,Desktop,Premium,17.99,215.88,Credit Card,1,Romance,6.11,0.21,Medium,28,At Risk,0,Retained,0.0
9f085e5d-c6b2-4ec1-a43f-1307f1f59222,29,26-35,Female,North America,Mobile,Premium,17.99,215.88,Credit Card,4,Horror,4.53,0.28,Medium,15,Active,0,Retained,0.0
444b694b-d1b2-476b-98d7-f05298e37b91,47,46-55,Other,Asia,Desktop,Premium,17.99,215.88,Crypto,4,Horror,15.18,0.49,Medium,30,At Risk,0,Retained,0.0
e5fa0aa5-41a0-4c47-8547-4d9600229701,51,46-55,Female,South America,Desktop,Basic,8.99,107.88,Gift Card,1,Drama,13.92,0.46,Medium,29,At Risk,1,Churned,8.99
4937c49d-70db-459d-b2d1-ac7f33f0dfc5,25,18-25,Male,Africa,Tablet,Premium,17.99,215.88,Credit Card,5,Horror,5.62,0.11,Low,49,At Risk,0,Retained,0.0
3d36ed49-a4f4-4fb2-80ea-f90f048bc0e1,35,26-35,Female,Europe,Laptop,Standard,13.99,167.88,PayPal,3,Drama,2.42,0.04,Low,59,At Risk,1,Churned,13.99
e5a706a6-0a02-4a59-93ae-8d86ea5fcb6e,38,36-45,Male,Europe,Mobile,Basic,8.99,107.88,Credit Card,2,Drama,9.06,0.29,Medium,30,At Risk,0,Retained,0.0
511d9a10-669b-4283-bc6d-40c10a595b43,58,56+,Female,Asia,TV,Basic,8.99,107.88,Gift Card,4,Romance,34.53,34.53,High,0,Active,0,Retained,0.0
92bd3cd1-3724-4b30-a56c-4929277c2461,68,56+,Other,Asia,Desktop,Basic,8.99,107.88,Credit Card,3,Romance,2.28,0.33,Medium,6,Active,1,Churned,8.99
68be0bb5-a6ed-4dfd-889d-0e116265290d,28,26-35,Female,South America,Laptop,Standard,13.99,167.88,Credit Card,3,Documentary,28.8,0.58,High,49,At Risk,0,Retained,0.0
bfe8f1a3-00d5-436f-b79a-553651c553f7,57,56+,Male,North America,Tablet,Standard,13.99,167.88,Debit Card,4,Romance,14.87,0.32,Medium,46,At Risk,0,Retained,0.0
f4fc7c39-6b78-4437-ab00-8ab2957f73f7,52,46-55,Other,Asia,Desktop,Basic,8.99,107.88,PayPal,3,Documentary,13.94,0.24,Medium,56,At Risk,1,Churned,8.99
7d7ec060-ca0f-4371-a86a-69bf262b94bb,70,56+,Female,Europe,Desktop,Premium,17.99,215.88,Crypto,4,Documentary,10.54,10.54,High,0,Active,0,Retained,0.0
bce13731-9d24-4bbe-9b0f-97221e952048,68,56+,Female,Asia,Tablet,Standard,13.99,167.88,PayPal,2,Romance,56.43,2.97,High,18,Active,0,Retained,0.0
489dcbd1-474e-42b6-878e-f62c181860f6,53,46-55,Other,Oceania,Laptop,Standard,13.99,167.88,Debit Card,4,Documentary,39.33,2.31,High,16,Active,0,Retained,0.0
571102fa-b9c7-4e1c-8e0f-bc6642d36cb0,44,36-45,Male,North America,Desktop,Basic,8.99,107.88,Crypto,5,Romance,15.61,0.5,Medium,30,At Risk,0,Retained,0.0
e5ba5dd3-a246-4526-9616-662dd7188e7c,68,56+,Female,Asia,Desktop,Standard,13.99,167.88,Credit Card,1,Sci-Fi,0.22,0.0,Low,51,At Risk,1,Churned,13.99
b4aae09c-528f-445d-afb3-68ab027b8d48,64,56+,Female,Oceania,Desktop,Standard,13.99,167.88,Credit Card,5,Horror,3.92,0.22,Medium,17,Active,0,Retained,0.0
0210bc7e-5a01-4a6b-b3c1-8c1a332ab7f6,65,56+,Female,South America,Mobile,Standard,13.99,167.88,Credit Card,2,Horror,2.26,0.04,Low,60,At Risk,1,Churned,13.99
e5e25330-3900-43bf-a8e2-45a13d1ec806,28,26-35,Female,Oceania,TV,Premium,17.99,215.88,Gift Card,5,Drama,1.79,0.3,Medium,5,Active,0,Retained,0.0
95c88693-4388-4ab9-bd37-c917bc4c8d1d,50,46-55,Male,Europe,Tablet,Premium,17.99,215.88,Credit Card,2,Action,22.44,0.75,High,29,At Risk,0,Retained,0.0
3e87afc6-292d-4a8b-8399-1a8fe6aad089,59,56+,Female,North America,Desktop,Standard,13.99,167.88,Debit Card,1,Romance,23.59,0.54,High,43,At Risk,0,Retained,0.0
8e57aa17-60f6-4c7e-9e15-a886a240c4d7,38,36-45,Other,Oceania,Mobile,Premium,17.99,215.88,Gift Card,2,Romance,24.19,1.05,High,22,At Risk,0,Retained,0.0
e16e6ae0-8e67-4b63-80a5-a0f7e8801ed7,49,46-55,Female,Africa,TV,Basic,8.99,107.88,Debit Card,5,Comedy,6.56,0.6,High,10,Active,0,Retained,0.0
cb219c7b-8d77-454d-8967-2b4529a0e172,40,36-45,Male,Asia,Mobile,Standard,13.99,167.88,Debit Card,5,Comedy,16.13,0.34,Medium,47,At Risk,0,Retained,0.0
abf01a4a-4b6f-477f-943c-7189c33cd6cc,39,36-45,Female,Africa,Tablet,Standard,13.99,167.88,Debit Card,5,Horror,19.16,0.31,Medium,60,At Risk,0,Retained,0.0
520074a5-0028-44e4-b17a-199d74134190,34,26-35,Female,Africa,Tablet,Standard,13.99,167.88,Crypto,4,Romance,1.28,0.02,Low,57,At Risk,1,Churned,13.99
b64e1a04-ef14-4a6c-ad72-640a941c2612,20,18-25,Male,Europe,Tablet,Premium,17.99,215.88,PayPal,3,Action,32.04,1.19,High,26,At Risk,0,Retained,0.0
b963a331-91ee-4a6a-9d9c-208788c49074,28,26-35,Female,North America,Laptop,Premium,17.99,215.88,PayPal,5,Comedy,0.12,0.04,Low,2,Active,0,Retained,0.0
2f55007a-9682-4109-8431-2fa060e85673,18,18-25,Female,Africa,Laptop,Standard,13.99,167.88,Debit Card,5,Sci-Fi,0.25,0.01,Low,37,At Risk,1,Churned,13.99
17874397-5431-4e69-9bf9-19d705faab2e,19,18-25,Male,Africa,Desktop,Basic,8.99,107.88,Credit Card,3,Documentary,4.46,0.09,Low,50,At Risk,1,Churned,8.99
d3975aa1-9bf5-45a5-9375-ff6ced50de42,32,26-35,Other,Africa,TV,Premium,17.99,215.88,Gift Card,2,Drama,4.24,0.28,Medium,14,Active,1,Churned,17.99
22266a98-3d16-4f4e-b382-ffa5d3aed831,19,18-25,Female,Asia,Laptop,Standard,13.99,167.88,PayPal,3,Action,8.62,0.15,Low,57,At Risk,1,Churned,13.99
44d3397a-806f-43c1-8907-aa8c27ed8079,22,18-25,Female,Europe,Mobile,Basic,8.99,107.88,PayPal,2,Action,11.96,0.26,Medium,45,At Risk,1,Churned,8.99
521382de-978e-48ad-b161-5d8ab6b7234e,55,46-55,Male,Asia,Desktop,Standard,13.99,167.88,Debit Card,4,Sci-Fi,10.1,2.02,High,4,Active,0,Retained,0.0
72601ad7-f6b1-4f64-8c07-f1a0a787a386,21,18-25,Female,Asia,Tablet,Standard,13.99,167.88,PayPal,1,Romance,0.44,0.22,Medium,1,Active,1,Churned,13.99
ab5b6ce1-4472-4987-b7ca-dd71334f9592,39,36-45,Other,North America,Mobile,Premium,17.99,215.88,Gift Card,5,Sci-Fi,1.12,0.04,Low,27,At Risk,1,Churned,17.99
697ba97e-0ab7-465c-8c43-87a7e484dfac,53,46-55,Other,North America,Laptop,Basic,8.99,107.88,PayPal,5,Horror,14.1,0.33,Medium,42,At Risk,1,Churned,8.99
c1d6b7a6-e749-43fc-8430-e0f0057aca5f,27,26-35,Other,Europe,Desktop,Premium,17.99,215.88,PayPal,2,Action,30.8,1.81,High,16,Active,0,Retained,0.0
a683a981-d35f-49f3-9b9a-a8ad04fd7b16,29,26-35,Other,South America,Tablet,Standard,13.99,167.88,PayPal,5,Drama,10.74,0.38,Medium,27,At Risk,0,Retained,0.0
5548db44-9939-45ea-8cde-6dd44b0d8036,70,56+,Female,Europe,Tablet,Standard,13.99,167.88,Gift Card,3,Comedy,8.27,0.14,Low,60,At Risk,1,Churned,13.99
30add045-ab3e-4753-abfa-c317ec02730a,51,46-55,Male,North America,Tablet,Standard,13.99,167.88,Debit Card,1,Comedy,12.91,0.3,Medium,42,At Risk,1,Churned,13.99
ec4fcd72-7a49-473c-85ca-390fc9e57d52,26,26-35,Other,North America,Desktop,Premium,17.99,215.88,Gift Card,3,Documentary,9.23,0.84,High,10,Active,0,Retained,0.0
6c7026ab-704b-4d7d-b658-66432e78fbf8,63,56+,Female,Africa,Tablet,Basic,8.99,107.88,PayPal,4,Comedy,0.52,0.26,Medium,1,Active,1,Churned,8.99
aeb6a179-a31d-4430-9d79-388dbd8b552f,66,56+,Male,South America,Laptop,Basic,8.99,107.88,Debit Card,5,Horror,2.18,0.14,Low,15,Active,1,Churned,8.99
60334592-83df-4b11-a2e1-da7ded2535aa,57,56+,Other,South America,Laptop,Premium,17.99,215.88,Credit Card,1,Romance,29.23,7.31,High,3,Active,0,Retained,0.0
1b829a44-ed16-4913-aac5-28506c92e0a9,53,46-55,Other,North America,Laptop,Premium,17.99,215.88,Crypto,1,Horror,1.64,0.27,Medium,5,Active,1,Churned,17.99
55aa7135-3268-48a1-a965-0fac4eddb7b8,47,46-55,Other,North America,Laptop,Basic,8.99,107.88,Debit Card,2,Romance,5.53,0.31,Medium,17,Active,0,Retained,0.0
2ad8b82e-2168-47f7-9744-e845a8e48a18,34,26-35,Male,North America,Tablet,Basic,8.99,107.88,Credit Card,2,Action,9.96,1.11,High,8,Active,0,Retained,0.0
b88a132f-9afd-4eb8-9e78-2d359cc78a22,26,26-35,Male,Oceania,Laptop,Basic,8.99,107.88,PayPal,3,Action,4.27,0.12,Low,36,At Risk,1,Churned,8.99
2d25d85a-6085-4ad8-ae08-1a4d21b7c05b,67,56+,Female,Africa,Tablet,Standard,13.99,167.88,Credit Card,3,Sci-Fi,43.24,1.24,High,34,At Risk,0,Retained,0.0
51ba57c9-cf31-4241-9a54-ad1abaf17326,32,26-35,Other,Oceania,Tablet,Standard,13.99,167.88,Crypto,3,Sci-Fi,27.77,9.26,High,2,Active,0,Retained,0.0
a8f8a526-8289-46fc-83a3-9717a64af759,24,18-25,Other,Africa,Laptop,Standard,13.99,167.88,PayPal,5,Documentary,1.57,0.09,Low,16,Active,0,Retained,0.0
2975d560-cd13-47c5-8216-f8847177ed85,24,18-25,Other,Asia,Laptop,Standard,13.99,167.88,Gift Card,5,Sci-Fi,5.4,0.68,High,7,Active,0,Retained,0.0
edaac9b2-7788-4cc2-bcae-8cf07f8afb3a,31,26-35,Male,Europe,TV,Basic,8.99,107.88,PayPal,4,Action,3.86,0.43,Medium,8,Active,1,Churned,8.99
55987346-c6e1-4766-8226-74d0fcf02ff5,34,26-35,Other,Europe,Desktop,Premium,17.99,215.88,Credit Card,5,Horror,10.51,0.75,High,13,Active,0,Retained,0.0
feca176b-1ae3-47f9-82d6-ebee151dcd65,70,56+,Female,North America,Desktop,Basic,8.99,107.88,Gift Card,2,Romance,7.47,0.13,Low,58,At Risk,1,Churned,8.99
70877fd0-301a-4021-9bca-539c1833ae4d,18,18-25,Male,Oceania,TV,Premium,17.99,215.88,Crypto,3,Documentary,0.72,0.01,Low,47,At Risk,1,Churned,17.99
bcae9b58-6081-44e3-8dec-26406f6835e7,49,46-55,Male,Oceania,Mobile,Basic,8.99,107.88,Gift Card,3,Action,18.97,0.31,Medium,60,At Risk,1,Churned,8.99
0e9c2a39-12f4-4bf6-be86-deaccd099fec,25,18-25,Female,North America,Desktop,Basic,8.99,107.88,Credit Card,4,Sci-Fi,4.02,0.08,Low,48,At Risk,1,Churned,8.99
c0d2bb59-f5bb-4da4-88ed-9d670e2ec727,23,18-25,Female,Oceania,Desktop,Basic,8.99,107.88,Gift Card,2,Comedy,13.62,0.4,Medium,33,At Risk,1,Churned,8.99
1bc58c87-ff12-4ead-995a-c2c35062e450,32,26-35,Female,South America,Laptop,Standard,13.99,167.88,Credit Card,4,Sci-Fi,4.69,0.1,Low,48,At Risk,1,Churned,13.99
eec8b59a-4325-43d3-9308-fc5cc94830fa,19,18-25,Female,North America,Laptop,Standard,13.99,167.88,Credit Card,3,Documentary,1.68,0.24,Medium,6,Active,0,Retained,0.0
6ef3d5c9-1d7f-4100-9b17-22a554e8caad,21,18-25,Male,South America,Desktop,Standard,13.99,167.88,Credit Card,2,Horror,8.69,0.38,Medium,22,At Risk,0,Retained,0.0
287ec5fe-48e9-4538-b9c9-71bf23aa8781,57,56+,Male,North America,TV,Standard,13.99,167.88,Crypto,2,Documentary,12.67,0.25,Medium,50,At Risk,1,Churned,13.99
036b4a5f-d26d-40e3-ba14-669a725bdb1f,53,46-55,Male,Africa,TV,Standard,13.99,167.88,Gift Card,3,Romance,13.02,0.31,Medium,41,At Risk,1,Churned,13.99
0691d9e7-92de-4dc5-ae11-64824edbf9e0,67,56+,Other,Africa,Laptop,Premium,17.99,215.88,PayPal,2,Romance,53.67,1.12,High,47,At Risk,0,Retained,0.0
099473b4-b27c-4cf8-9bb1-862c639701f3,66,56+,Male,Asia,Tablet,Premium,17.99,215.88,Credit Card,4,Documentary,11.94,0.27,Medium,43,At Risk,0,Retained,0.0
0ac19238-cb50-4882-b4bb-3d068dc29494,33,26-35,Male,Europe,TV,Basic,8.99,107.88,PayPal,2,Drama,24.4,0.68,High,35,At Risk,0,Retained,0.0
8728e75d-5ce9-4a44-b6ab-f53ffaacf6c5,23,18-25,Female,South America,Desktop,Premium,17.99,215.88,Crypto,5,Sci-Fi,3.0,0.05,Low,59,At Risk,1,Churned,17.99
8050afa7-ecbe-4ad4-a793-50f42ab423d3,58,56+,Male,Oceania,Tablet,Standard,13.99,167.88,Credit Card,5,Romance,12.42,0.59,High,20,Active,0,Retained,0.0
5ed9091c-6b7e-4351-b526-d57df230b26d,49,46-55,Male,North America,TV,Standard,13.99,167.88,Credit Card,2,Drama,35.69,0.83,High,42,At Risk,0,Retained,0.0
4d37690f-3d7f-4aae-9b34-9a45b65cf63d,24,18-25,Female,Asia,Laptop,Standard,13.99,167.88,Gift Card,4,Comedy,12.3,0.37,Medium,32,At Risk,1,Churned,13.99
81a2a8c7-3f1b-47be-b787-9730e6874b3b,57,56+,Female,Africa,Laptop,Premium,17.99,215.88,Credit Card,5,Drama,23.63,0.68,High,34,At Risk,0,Retained,0.0
b1b17c62-0907-4594-8477-b6d9a1de203c,61,56+,Female,North America,Laptop,Basic,8.99,107.88,Gift Card,5,Action,4.48,0.15,Low,28,At Risk,1,Churned,8.99
41667e6f-421b-44dc-a22e-6f49d64d11c7,38,36-45,Female,Oceania,Laptop,Standard,13.99,167.88,PayPal,4,Sci-Fi,3.26,0.16,Low,20,Active,0,Retained,0.0
7987069d-efaa-4d6b-bf85-de78408157c5,67,56+,Other,Africa,Laptop,Basic,8.99,107.88,Debit Card,5,Sci-Fi,4.31,0.11,Low,37,At Risk,1,Churned,8.99
f6790d45-e49b-478e-9535-ee8ce7ef1cdf,64,56+,Female,North America,Tablet,Premium,17.99,215.88,Credit Card,1,Sci-Fi,6.41,1.28,High,4,Active,0,Retained,0.0
a4a081bf-78e0-49f2-b13d-edb25ab7ea32,26,26-35,Male,Asia,Tablet,Standard,13.99,167.88,Gift Card,1,Action,24.88,1.55,High,15,Active,0,Retained,0.0
3a705431-53dc-4ec6-a4e5-2960228a1ad8,68,56+,Female,Oceania,Tablet,Basic,8.99,107.88,Credit Card,2,Drama,9.48,1.9,High,4,Active,0,Retained,0.0
b9fd67cd-6bf0-4c9c-ab2f-2d3060247949,27,26-35,Female,Oceania,Mobile,Basic,8.99,107.88,Crypto,5,Romance,7.52,0.21,Medium,34,At Risk,1,Churned,8.99
1009cba1-e578-425e-99b7-0693b4024e29,24,18-25,Other,Africa,Desktop,Standard,13.99,167.88,Debit Card,1,Horror,17.37,0.97,High,17,Active,0,Retained,0.0
9448266e-01a1-472a-9fe4-37d4e1a6b7b4,28,26-35,Male,North America,Tablet,Basic,8.99,107.88,Gift Card,5,Horror,25.3,2.81,High,8,Active,0,Retained,0.0
9c5addc5-de2b-4614-8efc-afc56a0ac20b,35,26-35,Other,Africa,Laptop,Basic,8.99,107.88,Debit Card,1,Comedy,29.26,0.79,High,36,At Risk,0,Retained,0.0
fbf7eced-0008-448b-a601-d051971b1764,54,46-55,Other,Asia,Laptop,Standard,13.99,167.88,PayPal,5,Horror,27.56,0.95,High,28,At Risk,0,Retained,0.0
7b929fce-23d0-4c91-886c-e9d3c60f2a03,22,18-25,Other,Africa,Desktop,Basic,8.99,107.88,Crypto,2,Documentary,11.74,0.35,Medium,33,At Risk,1,Churned,8.99
e938d06e-fcc5-4768-86d8-6aaf73f4fa35,60,56+,Male,Africa,TV,Standard,13.99,167.88,Debit Card,2,Drama,12.22,0.68,High,17,Active,0,Retained,0.0
a5e54cb5-cab8-452b-9592-f2b83dadb4c5,37,36-45,Female,Asia,Laptop,Standard,13.99,167.88,Credit Card,1,Action,1.64,0.18,Medium,8,Active,1,Churned,13.99
c7ef45c3-a8d7-4952-bf06-66e39f308471,30,26-35,Male,Africa,TV,Basic,8.99,107.88,Credit Card,1,Documentary,1.3,0.02,Low,56,At Risk,1,Churned,8.99
6e91dbee-b822-44c0-a014-a48a452ec9d0,21,18-25,Male,Asia,Laptop,Standard,13.99,167.88,Credit Card,1,Romance,51.45,2.06,High,24,At Risk,0,Retained,0.0
49d191d4-94d6-46a0-a47a-f36813b05dfb,40,36-45,Other,North America,TV,Premium,17.99,215.88,Credit Card,5,Action,3.41,0.13,Low,26,At Risk,0,Retained,0.0
f500aa1d-d760-42ea-8cd1-725d5aa13413,69,56+,Male,Asia,Mobile,Standard,13.99,167.88,Debit Card,1,Documentary,32.2,2.3,High,13,Active,0,Retained,0.0
da1d94c9-af82-46ad-a2a3-112aa874e2c2,29,26-35,Other,Africa,Laptop,Basic,8.99,107.88,Gift Card,3,Documentary,15.49,0.48,Medium,31,At Risk,1,Churned,8.99
6eaa7000-e450-4dbd-9eea-6abe53a3ccea,60,56+,Female,North America,Laptop,Premium,17.99,215.88,PayPal,4,Documentary,16.05,0.28,Medium,56,At Risk,0,Retained,0.0
14b8d5b4-acf9-4243-bfc7-371bfc3b67df,36,36-45,Male,Oceania,Tablet,Premium,17.99,215.88,Debit Card,1,Comedy,5.72,0.26,Medium,21,At Risk,0,Retained,0.0
5ff64e1b-5ffa-4f13-827c-62773ab1ab6f,57,56+,Female,Africa,Desktop,Basic,8.99,107.88,Gift Card,2,Drama,3.81,1.91,High,1,Active,1,Churned,8.99
89931699-5ba5-434a-8dca-32e18d7dbd4b,19,18-25,Female,Africa,TV,Standard,13.99,167.88,Credit Card,3,Romance,8.54,1.22,High,6,Active,0,Retained,0.0
46621af8-c4ca-4079-87d7-a8b68c9461b3,43,36-45,Female,North America,Laptop,Premium,17.99,215.88,Gift Card,3,Drama,16.6,0.92,High,17,Active,0,Retained,0.0
750a6638-3b93-407c-80b6-074f7b7e9673,45,36-45,Other,North America,Mobile,Premium,17.99,215.88,Gift Card,5,Documentary,19.18,0.38,Medium,49,At Risk,1,Churned,17.99
a1419778-cfb0-47d8-8e7a-bc5d093195d2,31,26-35,Other,North America,TV,Standard,13.99,167.88,Crypto,5,Drama,4.11,0.12,Low,33,At Risk,1,Churned,13.99
4933b25d-6722-45b2-b706-e08605c11066,38,36-45,Female,Africa,Tablet,Premium,17.99,215.88,Gift Card,1,Documentary,3.26,0.09,Low,36,At Risk,1,Churned,17.99
24405e27-b8b8-4ef8-9cb0-c7974bd0dcd7,59,56+,Male,Asia,Mobile,Basic,8.99,107.88,PayPal,2,Horror,14.13,2.83,High,4,Active,0,Retained,0.0
3fb95ed2-0c85-4197-9463-622b3ca9a90c,42,36-45,Male,South America,Mobile,Premium,17.99,215.88,Debit Card,5,Drama,3.39,0.11,Low,30,At Risk,0,Retained,0.0
c414e639-5ea4-4481-b760-4c16636863fb,47,46-55,Other,Asia,Desktop,Basic,8.99,107.88,Credit Card,3,Documentary,14.58,0.26,Medium,56,At Risk,1,Churned,8.99
f7b0c51e-0031-4647-900a-115a166b40b5,58,56+,Male,Oceania,Desktop,Premium,17.99,215.88,Crypto,2,Drama,23.87,0.5,Medium,47,At Risk,0,Retained,0.0
17219697-8881-42f0-aba7-7ab8fdd11da9,41,36-45,Male,South America,Tablet,Premium,17.99,215.88,Credit Card,3,Action,11.91,0.63,High,18,Active,0,Retained,0.0
b4af5cfb-b811-4ec6-9b0e-b8fbf7de35b5,40,36-45,Other,Asia,Tablet,Standard,13.99,167.88,Gift Card,5,Horror,0.65,0.04,Low,16,Active,1,Churned,13.99
9216565f-576a-44ed-9d7a-a8aab306d7fb,59,56+,Male,Asia,Mobile,Standard,13.99,167.88,Credit Card,3,Romance,6.99,0.24,Medium,28,At Risk,0,Retained,0.0
7f00af18-e9a7-464e-a6b5-b9b10a54b27d,52,46-55,Female,South America,Mobile,Premium,17.99,215.88,Crypto,3,Sci-Fi,2.69,0.05,Low,54,At Risk,1,Churned,17.99
931bee39-98db-4b72-9e52-f40e09e00738,61,56+,Female,Europe,Desktop,Standard,13.99,167.88,Debit Card,4,Comedy,38.55,3.21,High,11,Active,0,Retained,0.0
8c2d6f55-ade2-477e-b273-53e50b0a40b7,52,46-55,Other,Asia,Laptop,Basic,8.99,107.88,Credit Card,2,Drama,33.99,1.1,High,30,At Risk,0,Retained,0.0
6b1bf8c4-e894-4ba9-9fad-7497ef253b7f,39,36-45,Other,Oceania,Desktop,Standard,13.99,167.88,Crypto,1,Documentary,6.67,0.13,Low,49,At Risk,1,Churned,13.99
1a7ac656-bafb-4e6a-a5ac-ae0416f3dbe1,33,26-35,Female,Europe,Tablet,Basic,8.99,107.88,Debit Card,2,Action,1.96,0.1,Low,18,Active,1,Churned,8.99
6034d060-391f-4f38-9ff7-870fb4d6c241,24,18-25,Other,Oceania,Mobile,Basic,8.99,107.88,Credit Card,3,Horror,1.97,0.05,Low,39,At Risk,1,Churned,8.99
e1ba461d-21c7-4a8a-9629-d916d9b5cff7,53,46-55,Male,Europe,Desktop,Basic,8.99,107.88,Credit Card,1,Documentary,25.23,4.21,High,5,Active,0,Retained,0.0
f0b6c5bd-f49e-4cd3-90f5-29b4b00a8ab3,25,18-25,Female,North America,TV,Standard,13.99,167.88,Credit Card,1,Horror,0.09,0.0,Low,40,At Risk,1,Churned,13.99
17570efb-4ba0-4b9f-8841-56492358c59a,40,36-45,Female,North America,Mobile,Standard,13.99,167.88,Crypto,4,Documentary,12.53,0.4,Medium,30,At Risk,0,Retained,0.0
17d1f30d-33be-4bc4-ba78-8a57cdc8ef8d,46,46-55,Male,South America,Tablet,Premium,17.99,215.88,PayPal,4,Documentary,4.4,0.18,Medium,24,At Risk,0,Retained,0.0
cf036ddf-1a7e-4a72-b1ea-55b11a87b482,67,56+,Other,Asia,Desktop,Premium,17.99,215.88,Crypto,2,Horror,1.54,0.06,Low,27,At Risk,1,Churned,17.99
62bf9eae-d919-4c34-8bc2-2ffedcc4ec5d,20,18-25,Male,South America,Desktop,Standard,13.99,167.88,PayPal,5,Comedy,17.28,0.34,Medium,50,At Risk,0,Retained,0.0
3b71b9da-ed2a-4bac-935d-60979792672e,22,18-25,Male,North America,Desktop,Premium,17.99,215.88,Credit Card,5,Comedy,13.87,0.55,High,24,At Risk,0,Retained,0.0
d4fa918c-1bfb-4a9f-ab36-2179e743db0b,39,36-45,Female,South America,Laptop,Premium,17.99,215.88,PayPal,3,Sci-Fi,4.25,0.19,Medium,21,At Risk,1,Churned,17.99
b585c7c3-46df-4c32-95eb-12551b1bb2d8,53,46-55,Male,Asia,Tablet,Basic,8.99,107.88,Debit Card,2,Romance,15.01,0.58,High,25,At Risk,0,Retained,0.0
91cf940b-4be6-4692-b46e-53cc59c3bc36,53,46-55,Other,Europe,Desktop,Basic,8.99,107.88,Debit Card,4,Sci-Fi,16.65,16.65,High,0,Active,0,Retained,0.0
1b5f4177-371a-4c9a-a4fd-46ccc96103dd,20,18-25,Male,North America,TV,Basic,8.99,107.88,Debit Card,5,Comedy,6.06,0.16,Low,37,At Risk,1,Churned,8.99
cf0e854c-0608-40f6-b631-6b4d5f7a0ce9,62,56+,Female,Europe,TV,Basic,8.99,107.88,Debit Card,4,Action,26.62,0.48,Medium,55,At Risk,0,Retained,0.0
2c906f73-b731-418e-8097-95c0f874c3eb,62,56+,Female,Africa,TV,Premium,17.99,215.88,Credit Card,2,Documentary,1.26,0.04,Low,34,At Risk,1,Churned,17.99
6843cc5d-4c0d-4a4f-a479-05001622c9bb,41,36-45,Female,South America,Tablet,Standard,13.99,167.88,Gift Card,5,Sci-Fi,1.21,0.06,Low,20,Active,1,Churned,13.99
4ffd8a27-1149-4b0c-a822-1da56b80b212,30,26-35,Female,Africa,Tablet,Basic,8.99,107.88,Gift Card,5,Sci-Fi,6.53,0.13,Low,49,At Risk,1,Churned,8.99
dcece5b0-43e4-466c-9511-3fbae0a3b624,48,46-55,Male,Europe,TV,Basic,8.99,107.88,Gift Card,2,Documentary,15.91,0.72,High,21,At Risk,0,Retained,0.0
56664bb3-161c-447c-a977-00f18bc4787d,18,18-25,Other,Oceania,Mobile,Basic,8.99,107.88,Crypto,5,Documentary,2.02,0.67,High,2,Active,0,Retained,0.0
552546fb-dfc4-48e2-a13e-183c8fb7c18f,23,18-25,Other,Asia,Tablet,Premium,17.99,215.88,Debit Card,4,Action,11.18,0.24,Medium,46,At Risk,0,Retained,0.0
da959d35-24c6-46e5-b52b-a2908e645ed7,68,56+,Other,South America,TV,Basic,8.99,107.88,Crypto,2,Documentary,0.12,0.0,Low,26,At Risk,1,Churned,8.99
a4eaedbe-375c-472f-bf56-15f560afa034,30,26-35,Male,North America,Tablet,Premium,17.99,215.88,Credit Card,4,Documentary,24.6,2.46,High,9,Active,0,Retained,0.0
b9d07746-6aa5-48e1-9033-e37b45cefb34,61,56+,Male,Africa,Laptop,Standard,13.99,167.88,Debit Card,3,Drama,27.06,0.82,High,32,At Risk,0,Retained,0.0
fcf7205d-ed92-45a1-a608-75f6a70e5ed7,31,26-35,Other,Europe,Tablet,Premium,17.99,215.88,Gift Card,2,Action,0.62,0.02,Low,39,At Risk,1,Churned,17.99
43e3cd1c-2c5a-4b3b-bd24-5a7d4ccd8bf2,44,36-45,Other,North America,Laptop,Standard,13.99,167.88,Debit Card,3,Romance,10.18,0.18,Medium,56,At Risk,1,Churned,13.99
87c2892e-e449-40c4-b110-0824c85d14af,26,26-35,Male,South America,Desktop,Standard,13.99,167.88,PayPal,2,Comedy,6.52,0.27,Medium,23,At Risk,0,Retained,0.0
ccada82d-8cc9-47a7-bc93-ac1b8fa07b8e,55,46-55,Male,Africa,Desktop,Premium,17.99,215.88,Debit Card,4,Romance,2.47,0.31,Medium,7,Active,0,Retained,0.0
5526ab76-d30d-4cdf-84cb-ff2d3217274a,40,36-45,Male,Oceania,Laptop,Standard,13.99,167.88,Debit Card,4,Drama,3.48,0.12,Low,29,At Risk,0,Retained,0.0
086a7a3f-9a89-42cd-8b47-ac858b72722a,59,56+,Other,Asia,Tablet,Basic,8.99,107.88,Debit Card,1,Horror,20.49,0.76,High,26,At Risk,0,Retained,0.0
d6fde866-8dab-414d-93a6-44293e26c97b,51,46-55,Other,South America,TV,Premium,17.99,215.88,Credit Card,5,Sci-Fi,20.55,0.98,High,20,Active,0,Retained,0.0
f2b16c7f-4760-4f1e-a4b2-b5e50e67fb27,26,26-35,Other,Europe,Desktop,Basic,8.99,107.88,Credit Card,4,Drama,0.94,0.03,Low,30,At Risk,1,Churned,8.99
6e160b44-363a-4d57-bab6-5b22e979e887,56,56+,Female,Oceania,Mobile,Basic,8.99,107.88,Debit Card,5,Action,0.4,0.01,Low,38,At Risk,1,Churned,8.99
f0e8e312-3315-46d4-9475-d376bb231524,66,56+,Male,Europe,Laptop,Standard,13.99,167.88,Credit Card,4,Sci-Fi,1.97,0.66,High,2,Active,0,Retained,0.0
3ee82784-d01b-44da-b1fe-bbfa81b78bf1,35,26-35,Female,Oceania,Laptop,Standard,13.99,167.88,Crypto,4,Horror,58.33,1.36,High,42,At Risk,0,Retained,0.0
27df865c-d4b2-4981-a525-360126dcd57a,28,26-35,Male,Oceania,Mobile,Premium,17.99,215.88,PayPal,2,Sci-Fi,16.88,0.8,High,20,Active,0,Retained,0.0
efd974fa-1dce-41ff-9d11-0d2f181559a0,66,56+,Male,Oceania,TV,Standard,13.99,167.88,Debit Card,1,Drama,0.8,0.02,Low,32,At Risk,1,Churned,13.99
e2c3f40a-af6b-49bb-a8c6-85691505fae8,19,18-25,Male,Africa,Desktop,Basic,8.99,107.88,Gift Card,3,Comedy,23.08,1.44,High,15,Active,0,Retained,0.0
8e595ac0-28a0-4178-b0bb-04b452326a5b,32,26-35,Other,Europe,Desktop,Basic,8.99,107.88,Crypto,2,Sci-Fi,14.84,1.35,High,10,Active,0,Retained,0.0
e49a8c45-d0f3-40a4-bbdf-08134e2c2a91,63,56+,Male,North America,Laptop,Premium,17.99,215.88,PayPal,4,Comedy,9.84,2.46,High,3,Active,0,Retained,0.0
47f88627-cafa-48f1-be88-630ac9399313,69,56+,Other,Asia,Mobile,Standard,13.99,167.88,Debit Card,5,Documentary,31.16,0.65,High,47,At Risk,0,Retained,0.0
140050f4-0857-4a05-b012-34001d8114a6,24,18-25,Female,Oceania,Mobile,Basic,8.99,107.88,Debit Card,4,Romance,1.42,0.03,Low,40,At Risk,1,Churned,8.99
fae18ffd-0f18-453b-9a08-6af102c029fa,24,18-25,Male,Europe,Laptop,Basic,8.99,107.88,Gift Card,5,Documentary,0.9,0.02,Low,40,At Risk,1,Churned,8.99
25d38511-efff-416e-a92e-af59e71aedae,62,56+,Female,Europe,Desktop,Premium,17.99,215.88,Crypto,4,Documentary,6.48,0.25,Medium,25,At Risk,0,Retained,0.0
37df711b-35ee-4ed8-83d2-922c80ffa1a1,64,56+,Male,Oceania,Laptop,Standard,13.99,167.88,PayPal,3,Horror,1.42,0.03,Low,42,At Risk,1,Churned,13.99
94db0386-f234-4ee7-8aa0-dcc0ff457278,69,56+,Female,Africa,TV,Basic,8.99,107.88,Credit Card,2,Sci-Fi,10.1,0.4,Medium,24,At Risk,0,Retained,0.0
73133473-9657-49c2-b4f8-77b2380ca309,32,26-35,Other,Asia,Mobile,Premium,17.99,215.88,Credit Card,3,Documentary,4.69,0.36,Medium,12,Active,1,Churned,17.99
e19f60cc-7e74-458f-9e37-12511d3a3506,67,56+,Female,Oceania,Tablet,Premium,17.99,215.88,Crypto,3,Documentary,0.61,0.05,Low,12,Active,1,Churned,17.99
ddb44990-503f-4d57-b23e-81ee8e33e31c,37,36-45,Other,North America,Desktop,Basic,8.99,107.88,Debit Card,1,Sci-Fi,18.15,0.33,Medium,54,At Risk,1,Churned,8.99
fefecab1-579c-48fa-8803-253dfbdf42d5,34,26-35,Male,North America,TV,Standard,13.99,167.88,Debit Card,3,Sci-Fi,2.89,0.08,Low,36,At Risk,1,Churned,13.99
46fd4297-b49a-45d6-a09d-19a26147e19a,21,18-25,Female,Oceania,Laptop,Basic,8.99,107.88,Credit Card,3,Romance,23.78,2.38,High,9,Active,0,Retained,0.0
89c5d399-6c86-4310-b981-2bd58fc37e57,50,46-55,Male,Asia,Tablet,Premium,17.99,215.88,PayPal,3,Sci-Fi,8.48,0.61,High,13,Active,0,Retained,0.0
f1506978-d456-462e-a6c7-85a160c9b82e,56,56+,Male,Europe,TV,Basic,8.99,107.88,Credit Card,1,Action,27.15,1.7,High,15,Active,0,Retained,0.0
165348b6-2c90-4d08-88c4-9c3a76076b85,52,46-55,Male,Asia,Mobile,Basic,8.99,107.88,Gift Card,1,Romance,6.78,2.26,High,2,Active,0,Retained,0.0
146bc219-473c-4813-9d27-f584962bdb44,62,56+,Male,Asia,Mobile,Premium,17.99,215.88,PayPal,1,Horror,0.62,0.07,Low,8,Active,1,Churned,17.99
1715c4e4-7c56-4bcf-845a-4c366c39e8fc,53,46-55,Female,Africa,Mobile,Basic,8.99,107.88,PayPal,3,Documentary,0.01,0.0,Low,55,At Risk,1,Churned,8.99
1986a40f-eb95-42f1-866c-0aa905972aa5,46,46-55,Female,North America,TV,Basic,8.99,107.88,Debit Card,2,Documentary,4.15,0.08,Low,50,At Risk,1,Churned,8.99
eb982e0d-4adc-47a3-98e8-4e86a3befe48,65,56+,Female,Africa,TV,Standard,13.99,167.88,PayPal,4,Documentary,16.1,1.61,High,9,Active,0,Retained,0.0
c469045f-ec87-42e4-82a1-be8e5bab2135,33,26-35,Female,Asia,Desktop,Standard,13.99,167.88,Gift Card,3,Horror,26.73,0.92,High,28,At Risk,0,Retained,0.0
b74f6b4b-a83d-4319-a121-99c5b4e1a7ed,37,36-45,Other,South America,TV,Basic,8.99,107.88,Gift Card,5,Horror,1.32,0.11,Low,11,Active,1,Churned,8.99
23d09f18-697f-4233-b1a5-6fe4513aab29,52,46-55,Male,Africa,Laptop,Premium,17.99,215.88,Crypto,2,Action,27.41,13.71,High,1,Active,0,Retained,0.0
b12d8725-09de-44f9-8b52-603ba1c99166,30,26-35,Female,Africa,TV,Standard,13.99,167.88,Debit Card,1,Drama,19.84,0.66,High,29,At Risk,0,Retained,0.0
c26d29b3-eac5-4ac4-82a5-116833c65582,38,36-45,Other,Africa,Desktop,Premium,17.99,215.88,Gift Card,5,Drama,3.64,0.09,Low,39,At Risk,1,Churned,17.99
c53745c7-448f-4527-be6b-734d02c8548e,62,56+,Female,South America,Tablet,Premium,17.99,215.88,Crypto,1,Documentary,10.68,0.23,Medium,46,At Risk,1,Churned,17.99
a2147627-7d68-4461-8c26-3192b1252e0e,22,18-25,Other,North America,TV,Basic,8.99,107.88,Crypto,5,Romance,29.96,0.68,High,43,At Risk,0,Retained,0.0
dd2569d2-b6cc-474b-be8b-bc3dc7a5cb4a,55,46-55,Other,Asia,Mobile,Premium,17.99,215.88,Crypto,1,Sci-Fi,38.31,1.16,High,32,At Risk,0,Retained,0.0
cd974314-1954-4de9-9813-63cb988be716,48,46-55,Male,North America,Mobile,Premium,17.99,215.88,Gift Card,1,Drama,1.64,0.14,Low,11,Active,1,Churned,17.99
7f3ea46a-0d94-46df-a668-471a6e468f64,54,46-55,Other,Oceania,Mobile,Standard,13.99,167.88,PayPal,1,Horror,8.55,0.15,Low,57,At Risk,1,Churned,13.99
89fa6c7c-ab59-40a0-aab5-8a9c35733ad5,27,26-35,Other,Oceania,Desktop,Standard,13.99,167.88,Debit Card,1,Drama,3.92,0.07,Low,56,At Risk,1,Churned,13.99
0908b54f-538e-4a4b-bc5e-e93d4b529d8d,59,56+,Other,Africa,Desktop,Premium,17.99,215.88,PayPal,1,Drama,4.8,2.4,High,1,Active,0,Retained,0.0
e4d4a948-04d2-434f-a52c-ebc5151db43e,39,36-45,Other,Europe,Tablet,Premium,17.99,215.88,Gift Card,1,Documentary,11.29,1.41,High,7,Active,0,Retained,0.0
edf8770b-4690-4b30-a9da-a5bc9ef3c615,19,18-25,Other,South America,Mobile,Premium,17.99,215.88,Gift Card,1,Sci-Fi,0.4,0.03,Low,15,Active,1,Churned,17.99
8571850d-e2cd-47a6-bc93-63f2d3f9cb30,29,26-35,Other,Asia,Desktop,Standard,13.99,167.88,Crypto,2,Sci-Fi,2.33,0.04,Low,56,At Risk,1,Churned,13.99
2b696005-f4d7-40c5-bcc3-587d2910a8e3,33,26-35,Male,Europe,Desktop,Premium,17.99,215.88,Credit Card,2,Sci-Fi,1.98,0.33,Medium,5,Active,0,Retained,0.0
77f8d2da-3f34-4a02-8780-fcaab801b7fb,62,56+,Other,Asia,Desktop,Basic,8.99,107.88,Crypto,2,Sci-Fi,1.31,0.03,Low,46,At Risk,1,Churned,8.99
2986b2af-cafa-4e8e-84ef-935c90683c79,45,36-45,Male,South America,Tablet,Standard,13.99,167.88,Credit Card,5,Comedy,8.71,0.36,Medium,23,At Risk,0,Retained,0.0
23a6a866-d1a1-4929-9b5d-97c99ed39c80,48,46-55,Other,Oceania,Laptop,Standard,13.99,167.88,Debit Card,4,Romance,4.65,0.23,Medium,19,Active,0,Retained,0.0
81572c13-a12d-4bf8-a510-5bdb12c9c16a,19,18-25,Male,Africa,Tablet,Basic,8.99,107.88,Crypto,2,Horror,15.61,1.73,High,8,Active,0,Retained,0.0
1f89f505-ac3f-4538-9215-063c70b48b98,20,18-25,Female,South America,Tablet,Premium,17.99,215.88,Credit Card,1,Documentary,27.16,0.5,Medium,53,At Risk,0,Retained,0.0
dcf62189-400f-4b2a-afc7-9b673182c229,59,56+,Female,Oceania,Mobile,Basic,8.99,107.88,Credit Card,4,Sci-Fi,10.22,0.19,Medium,53,At Risk,1,Churned,8.99
3c84119c-5db9-4cbb-ac42-45757da0210f,41,36-45,Other,South America,Mobile,Basic,8.99,107.88,Gift Card,3,Romance,11.39,0.25,Medium,44,At Risk,1,Churned,8.99
729ef660-eb97-4b5e-8765-4791dba2f754,41,36-45,Female,South America,Desktop,Premium,17.99,215.88,Gift Card,5,Horror,1.5,0.02,Low,60,At Risk,1,Churned,17.99
93ddd2c6-7761-44e5-a8b5-a43863575f33,47,46-55,Female,Europe,Mobile,Standard,13.99,167.88,PayPal,3,Documentary,13.28,0.63,High,20,Active,0,Retained,0.0
3c43176b-3672-4722-87a6-74a88692c573,46,46-55,Male,Asia,TV,Premium,17.99,215.88,PayPal,1,Documentary,4.67,0.08,Low,58,At Risk,1,Churned,17.99
0e9cfc52-27cb-4fed-97cd-46f4bbacfa31,33,26-35,Female,Asia,TV,Basic,8.99,107.88,Debit Card,5,Horror,1.18,0.03,Low,42,At Risk,1,Churned,8.99
973e84f5-3ef5-4309-9b37-2b4af45ed4b9,21,18-25,Male,Oceania,Laptop,Premium,17.99,215.88,Crypto,3,Drama,11.78,2.36,High,4,Active,0,Retained,0.0
0301dc2e-b1d8-46ad-a291-0f056e28896a,66,56+,Male,South America,Laptop,Basic,8.99,107.88,Gift Card,5,Horror,1.92,0.07,Low,27,At Risk,1,Churned,8.99
e5bd752b-a772-4775-b45b-1f2fdd438ba7,37,36-45,Male,Asia,TV,Premium,17.99,215.88,PayPal,5,Documentary,3.73,0.12,Low,31,At Risk,1,Churned,17.99
e33f6670-abe6-4931-8c94-3c94e8a9ce49,49,46-55,Male,Europe,Laptop,Standard,13.99,167.88,Gift Card,1,Action,9.39,0.41,Medium,22,At Risk,0,Retained,0.0
ad445a45-e3da-485d-9d7c-d174bd6cb9fd,66,56+,Female,South America,Laptop,Standard,13.99,167.88,Credit Card,4,Horror,7.74,1.11,High,6,Active,0,Retained,0.0
23f24aaf-241e-4d60-a09e-7b0ca98bc162,35,26-35,Other,South America,Mobile,Basic,8.99,107.88,PayPal,2,Comedy,0.57,0.01,Low,56,At Risk,1,Churned,8.99
9fc308fa-66ba-46c2-ab5d-96a0592bfdb6,65,56+,Male,Africa,Mobile,Standard,13.99,167.88,PayPal,3,Comedy,4.3,0.09,Low,46,At Risk,1,Churned,13.99
535f3322-6658-449b-8cca-0942262d1c30,20,18-25,Other,Oceania,Desktop,Standard,13.99,167.88,Debit Card,1,Comedy,22.07,0.37,Medium,59,At Risk,0,Retained,0.0
df0faf6a-31a9-4e2a-bb49-3ec85a23da60,25,18-25,Female,Europe,TV,Standard,13.99,167.88,Crypto,1,Romance,10.7,0.27,Medium,39,At Risk,1,Churned,13.99
ac816925-161d-46fb-94c9-1fd98990a8a9,32,26-35,Male,North America,Tablet,Standard,13.99,167.88,Crypto,4,Romance,1.88,0.05,Low,40,At Risk,1,Churned,13.99
99ad0075-1330-459a-80ee-c657f8d65788,59,56+,Other,South America,Desktop,Premium,17.99,215.88,Crypto,4,Comedy,0.95,0.02,Low,55,At Risk,1,Churned,17.99
46c6cf49-e8b6-475d-9252-218a53be060c,34,26-35,Female,Europe,TV,Basic,8.99,107.88,Debit Card,2,Romance,16.43,0.29,Medium,56,At Risk,1,Churned,8.99
d1beab45-e3a2-4cbd-84d3-15d4409cfab0,62,56+,Other,Europe,TV,Premium,17.99,215.88,Credit Card,2,Action,12.37,0.4,Medium,30,At Risk,0,Retained,0.0
421eaae8-990a-4421-be7e-b58f45b36d28,55,46-55,Other,South America,Tablet,Basic,8.99,107.88,Credit Card,1,Romance,17.87,3.57,High,4,Active,0,Retained,0.0
28dd1332-f527-4429-88e4-2c54f09b4578,40,36-45,Other,Asia,TV,Standard,13.99,167.88,Credit Card,2,Romance,12.82,0.35,Medium,36,At Risk,1,Churned,13.99
2094b063-9307-43b4-93e2-c886a4267f3e,51,46-55,Male,Europe,Mobile,Premium,17.99,215.88,Credit Card,4,Sci-Fi,10.86,0.23,Medium,46,At Risk,0,Retained,0.0
32e6a570-0814-4ec5-9437-964eb1c0628c,29,26-35,Other,Oceania,Mobile,Premium,17.99,215.88,Crypto,5,Horror,1.78,0.03,Low,51,At Risk,1,Churned,17.99
2f3049d1-4d2c-4843-a9c2-8fc9120b4c94,49,46-55,Female,North America,Laptop,Basic,8.99,107.88,Credit Card,2,Comedy,13.93,0.4,Medium,34,At Risk,1,Churned,8.99
67e5d466-d227-4f8e-9bda-0149ee523745,38,36-45,Male,Oceania,Laptop,Premium,17.99,215.88,Credit Card,2,Romance,2.95,0.07,Low,40,At Risk,1,Churned,17.99
373a5341-9fae-4e0f-b0cb-940c4142c903,49,46-55,Other,Asia,TV,Basic,8.99,107.88,Gift Card,5,Romance,16.82,2.8,High,5,Active,0,Retained,0.0
aac9ebfd-3df9-483c-8fa5-ff1d45671696,48,46-55,Male,Africa,Mobile,Premium,17.99,215.88,Credit Card,2,Comedy,28.14,0.46,Medium,60,At Risk,0,Retained,0.0
44dbc1a9-eb73-4769-bb12-4664aaac9fd5,45,36-45,Male,South America,Desktop,Premium,17.99,215.88,Debit Card,5,Horror,8.28,0.49,Medium,16,Active,0,Retained,0.0
96e05214-21b3-4450-ab7c-2722a75e519d,39,36-45,Female,Oceania,Laptop,Basic,8.99,107.88,Debit Card,1,Action,10.64,0.18,Medium,57,At Risk,1,Churned,8.99
d9e6a910-4984-4cba-bacc-406df78a9267,63,56+,Other,North America,Mobile,Basic,8.99,107.88,Credit Card,3,Sci-Fi,0.85,0.02,Low,36,At Risk,1,Churned,8.99
46251140-d9fd-4ce3-b8dd-fb44601072b2,21,18-25,Female,Asia,TV,Basic,8.99,107.88,Crypto,4,Documentary,2.29,0.08,Low,26,At Risk,1,Churned,8.99
34b11349-c05d-4937-a515-141c02818f64,36,36-45,Other,Africa,TV,Standard,13.99,167.88,Credit Card,5,Comedy,23.37,0.4,Medium,57,At Risk,0,Retained,0.0
07aaee5a-c849-49f0-bc95-4ec089ebd3fd,63,56+,Male,South America,TV,Basic,8.99,107.88,Debit Card,5,Drama,3.01,0.05,Low,60,At Risk,1,Churned,8.99
e7ef30c9-36eb-4033-ba19-2baf2f0563c8,54,46-55,Female,North America,TV,Basic,8.99,107.88,Gift Card,4,Horror,27.8,2.78,High,9,Active,0,Retained,0.0
39047018-dbfe-4cd5-8d42-abef35b1be4a,22,18-25,Female,South America,Desktop,Standard,13.99,167.88,Gift Card,5,Comedy,10.29,0.57,High,17,Active,0,Retained,0.0
91218fe1-6859-4876-80f7-d6165cbd7bd0,33,26-35,Male,Europe,Mobile,Standard,13.99,167.88,PayPal,4,Action,7.45,7.45,High,0,Active,0,Retained,0.0
6c6c1bb7-6107-461d-ae34-e6759269a77d,28,26-35,Female,Europe,TV,Basic,8.99,107.88,Credit Card,4,Action,2.63,0.05,Low,54,At Risk,1,Churned,8.99
03c16f8b-64ce-4d37-9afe-f7a7359a10b8,22,18-25,Female,North America,Desktop,Premium,17.99,215.88,Credit Card,4,Comedy,14.27,0.79,High,17,Active,0,Retained,0.0
24f1f8ac-6d0e-4447-a0db-c3ab27251400,22,18-25,Male,North America,TV,Premium,17.99,215.88,Gift Card,5,Drama,4.9,2.45,High,1,Active,0,Retained,0.0
4264a846-1da0-44d8-b472-dee73a80502e,18,18-25,Other,Africa,Laptop,Basic,8.99,107.88,Gift Card,2,Horror,2.48,0.05,Low,45,At Risk,1,Churned,8.99
027c06c0-4dec-43d4-91eb-d2a5a70f92e0,49,46-55,Female,North America,Laptop,Premium,17.99,215.88,PayPal,3,Sci-Fi,0.48,0.01,Low,35,At Risk,1,Churned,17.99
fb5cc622-695b-4447-b65e-173ed40be7fd,23,18-25,Male,Asia,TV,Premium,17.99,215.88,Crypto,1,Documentary,12.6,0.23,Medium,54,At Risk,1,Churned,17.99
7344e8a9-c160-4f84-9215-54be55f8b369,69,56+,Female,North America,Mobile,Premium,17.99,215.88,Debit Card,3,Drama,1.35,0.15,Low,8,Active,1,Churned,17.99
0690ee56-dbe2-4187-9a3b-db22c49cea51,42,36-45,Male,Asia,Mobile,Standard,13.99,167.88,Debit Card,1,Sci-Fi,4.11,0.07,Low,54,At Risk,1,Churned,13.99
72c79df9-fe17-4b36-887c-9ac68890f255,40,36-45,Other,Africa,Mobile,Basic,8.99,107.88,Crypto,1,Action,27.26,1.09,High,24,At Risk,0,Retained,0.0
34795a37-7635-423e-9ecb-56194c0ee1ef,26,26-35,Male,Africa,Tablet,Standard,13.99,167.88,Credit Card,3,Comedy,24.13,0.86,High,27,At Risk,0,Retained,0.0
504c17d7-19fd-456d-a80e-b60c45ce6e7f,46,46-55,Male,South America,Mobile,Premium,17.99,215.88,PayPal,1,Comedy,13.66,0.43,Medium,31,At Risk,1,Churned,17.99
64d66fab-5ec1-4ae5-9010-b72c1aefa827,19,18-25,Male,South America,Desktop,Standard,13.99,167.88,Credit Card,1,Documentary,10.58,1.06,High,9,Active,0,Retained,0.0
15f35d98-ef62-4252-a44a-98483ecfdc6b,26,26-35,Male,Oceania,Desktop,Premium,17.99,215.88,Gift Card,5,Sci-Fi,0.73,0.02,Low,44,At Risk,1,Churned,17.99
381b9550-7403-48dc-bcff-6dad9fc2fa87,27,26-35,Female,Asia,TV,Premium,17.99,215.88,Gift Card,3,Comedy,2.66,0.08,Low,32,At Risk,1,Churned,17.99
3ead40cc-03a1-4cf8-abf1-cfed74120c33,40,36-45,Female,Oceania,Desktop,Premium,17.99,215.88,Crypto,4,Romance,0.12,0.0,Low,28,At Risk,1,Churned,17.99
91f3fee3-3140-4e9a-a53e-b7cd3160bbb8,58,56+,Other,Europe,Tablet,Basic,8.99,107.88,Gift Card,4,Sci-Fi,0.76,0.02,Low,44,At Risk,1,Churned,8.99
35eda14f-a4c1-4e4d-a0ff-48d5f47d6cd0,36,36-45,Other,South America,Desktop,Standard,13.99,167.88,Crypto,2,Documentary,22.9,0.48,Medium,47,At Risk,0,Retained,0.0
ac468cbb-0f55-48fd-978f-33519d3c4e8f,67,56+,Female,North America,Tablet,Premium,17.99,215.88,Credit Card,3,Romance,3.36,0.14,Low,23,At Risk,1,Churned,17.99
4d1f6b5b-7652-4e4e-b63b-a8bc84930962,24,18-25,Female,Europe,Mobile,Standard,13.99,167.88,Credit Card,5,Romance,4.1,0.19,Medium,21,At Risk,0,Retained,0.0
0c23ddf6-2f6f-4738-bbbe-d03878cef662,37,36-45,Other,Europe,TV,Basic,8.99,107.88,Crypto,2,Horror,8.77,0.21,Medium,41,At Risk,1,Churned,8.99
85b672b9-5979-4d69-a17e-9fab8ddf7175,26,26-35,Female,Asia,Laptop,Premium,17.99,215.88,Credit Card,4,Sci-Fi,22.8,0.91,High,24,At Risk,0,Retained,0.0
f2cd737b-75dc-4064-bd5c-de2ee6af51c9,63,56+,Male,Oceania,Mobile,Standard,13.99,167.88,Crypto,1,Action,0.88,0.04,Low,21,At Risk,1,Churned,13.99
5b1eeeb3-53e3-4ae2-bcfb-2b0d60e1a21c,38,36-45,Male,Oceania,Laptop,Premium,17.99,215.88,Debit Card,3,Horror,43.56,1.61,High,26,At Risk,0,Retained,0.0
6c63319f-2d29-4cd8-ae08-7d646783282a,54,46-55,Other,North America,Desktop,Standard,13.99,167.88,Crypto,4,Horror,6.59,0.16,Low,40,At Risk,1,Churned,13.99
ef8a5d14-205a-47a3-a595-acef403bffa7,57,56+,Male,Africa,Desktop,Basic,8.99,107.88,Debit Card,5,Drama,4.15,0.23,Medium,17,Active,1,Churned,8.99
af35351d-11cc-4c32-8b3c-6d477cb05b19,55,46-55,Male,Oceania,Tablet,Premium,17.99,215.88,PayPal,2,Documentary,0.42,0.01,Low,29,At Risk,1,Churned,17.99
cfe60bd5-d9f0-4eb7-bd59-3358e35bca91,42,36-45,Female,North America,TV,Basic,8.99,107.88,Gift Card,4,Comedy,2.8,0.07,Low,40,At Risk,1,Churned,8.99
2c9b21d9-8b8d-4e69-bb70-e20d34b16983,22,18-25,Female,Africa,Desktop,Standard,13.99,167.88,Gift Card,2,Sci-Fi,0.76,0.03,Low,24,At Risk,1,Churned,13.99
1211c375-77c5-456b-b087-adb685025dd0,37,36-45,Female,Europe,Laptop,Basic,8.99,107.88,Crypto,2,Romance,5.78,0.25,Medium,22,At Risk,1,Churned,8.99
e093d405-4d3f-489f-969f-6c14fcac2a33,61,56+,Female,North America,Laptop,Basic,8.99,107.88,Debit Card,2,Horror,17.59,0.3,Medium,58,At Risk,1,Churned,8.99
25790560-f785-425f-a426-fd3545fc21ad,47,46-55,Female,Oceania,Tablet,Basic,8.99,107.88,Debit Card,2,Documentary,6.28,1.57,High,3,Active,0,Retained,0.0
ffbe0e7c-9921-4107-9d4c-f75a1a70ac2a,31,26-35,Other,Asia,Laptop,Standard,13.99,167.88,PayPal,5,Action,9.9,0.21,Medium,46,At Risk,0,Retained,0.0
7d0a7427-093b-4583-9b8e-13162463ad6a,52,46-55,Other,Europe,Mobile,Standard,13.99,167.88,Crypto,2,Drama,13.22,0.35,Medium,37,At Risk,1,Churned,13.99
08d9dcda-cbfc-4b6b-adc8-658ae78cdcf3,29,26-35,Female,Oceania,Laptop,Basic,8.99,107.88,Credit Card,3,Documentary,1.77,0.04,Low,47,At Risk,1,Churned,8.99
5d798ad1-efc9-4cfe-99af-7dcae34b5c0e,26,26-35,Male,Oceania,Laptop,Standard,13.99,167.88,PayPal,5,Documentary,33.1,1.5,High,21,At Risk,0,Retained,0.0
acb5b541-437d-4150-9562-2639a38159db,52,46-55,Male,Africa,Tablet,Premium,17.99,215.88,Credit Card,2,Documentary,7.03,0.35,Medium,19,Active,0,Retained,0.0
643494e4-afe5-405d-b0e2-daec487796a3,33,26-35,Male,North America,Tablet,Standard,13.99,167.88,Crypto,5,Romance,14.96,0.88,High,16,Active,0,Retained,0.0
96845736-2edd-450d-8678-2d935b5b3f09,52,46-55,Male,North America,Mobile,Premium,17.99,215.88,Credit Card,4,Comedy,3.11,0.06,Low,50,At Risk,1,Churned,17.99
42fb7dc0-56cd-426e-8c8e-19808925ea59,48,46-55,Female,North America,Tablet,Basic,8.99,107.88,Debit Card,1,Horror,0.29,0.01,Low,33,At Risk,1,Churned,8.99
2024bd7e-e873-48c0-9e44-5c66143e14a2,52,46-55,Female,South America,Laptop,Standard,13.99,167.88,Debit Card,3,Documentary,1.69,0.03,Low,54,At Risk,1,Churned,13.99
28e30bf4-e7c0-4579-9c38-0aee5d5ea3f2,50,46-55,Other,Asia,TV,Basic,8.99,107.88,Gift Card,2,Drama,0.61,0.04,Low,16,Active,1,Churned,8.99
196f5f4b-47a8-496e-9ddb-9299912fd698,43,36-45,Male,Africa,Mobile,Premium,17.99,215.88,Credit Card,5,Sci-Fi,11.84,0.21,Medium,56,At Risk,0,Retained,0.0
4b1c7681-3221-44aa-82c7-02aebdd20434,62,56+,Male,Europe,Desktop,Standard,13.99,167.88,PayPal,2,Horror,25.88,0.52,High,49,At Risk,0,Retained,0.0
179fd5bc-99d7-42ca-96e9-194c7c1068be,31,26-35,Male,Asia,Laptop,Basic,8.99,107.88,Gift Card,5,Drama,1.79,0.09,Low,18,Active,1,Churned,8.99
ecd368fd-0a23-436c-b18c-f79fa8d974c1,35,26-35,Other,Asia,Desktop,Premium,17.99,215.88,Credit Card,1,Documentary,19.19,0.38,Medium,50,At Risk,1,Churned,17.99
faddd042-b338-4999-ab4a-21667a8aff99,68,56+,Female,South America,TV,Premium,17.99,215.88,Credit Card,5,Horror,7.11,0.16,Low,43,At Risk,0,Retained,0.0
3fd47b85-cf5a-414e-9929-7ed51be738ab,45,36-45,Other,Oceania,TV,Premium,17.99,215.88,Credit Card,1,Sci-Fi,3.2,0.06,Low,57,At Risk,1,Churned,17.99
548084c6-48aa-4110-ae71-02c2cd0640d8,24,18-25,Female,Oceania,Tablet,Premium,17.99,215.88,Credit Card,1,Sci-Fi,1.03,0.03,Low,30,At Risk,1,Churned,17.99
200744fd-339d-46b7-bdd7-75f6311d10c2,30,26-35,Female,Europe,TV,Standard,13.99,167.88,Debit Card,3,Comedy,6.23,0.12,Low,49,At Risk,1,Churned,13.99
4f3c78e6-9e90-4601-bece-377f38567cef,51,46-55,Male,Asia,Tablet,Standard,13.99,167.88,Gift Card,2,Sci-Fi,7.01,0.18,Medium,38,At Risk,1,Churned,13.99
faf264ee-c0a0-400b-9d77-353c6ced1a8c,25,18-25,Male,North America,TV,Basic,8.99,107.88,PayPal,4,Horror,2.95,0.08,Low,37,At Risk,1,Churned,8.99
44e14173-268c-47b3-b10d-35e655f1b8d5,43,36-45,Male,South America,Tablet,Standard,13.99,167.88,Credit Card,2,Drama,16.9,0.8,High,20,Active,0,Retained,0.0
f0e9091e-2431-4ab8-8bb9-444c5c39c800,58,56+,Male,Africa,Laptop,Basic,8.99,107.88,PayPal,3,Drama,0.36,0.01,Low,39,At Risk,1,Churned,8.99
1f0b6300-2576-4798-bd4a-7645fc55445b,27,26-35,Female,North America,Tablet,Standard,13.99,167.88,Gift Card,2,Romance,19.23,0.34,Medium,56,At Risk,1,Churned,13.99
514c1267-5be8-4418-9efb-f7999a11f894,33,26-35,Other,Africa,Desktop,Premium,17.99,215.88,Gift Card,4,Drama,27.1,0.47,Medium,57,At Risk,0,Retained,0.0
ec5781d8-464a-454c-baff-392f96621e07,35,26-35,Female,Asia,Desktop,Premium,17.99,215.88,PayPal,4,Horror,38.65,1.76,High,21,At Risk,0,Retained,0.0
4c9eda19-2bb3-43e7-8e1c-0a0ff9357bd4,56,56+,Male,Asia,TV,Basic,8.99,107.88,Debit Card,3,Comedy,8.25,0.29,Medium,27,At Risk,0,Retained,0.0
910c5164-93ec-4e31-88ad-549868476466,59,56+,Male,Europe,Tablet,Standard,13.99,167.88,PayPal,2,Documentary,3.06,0.17,Medium,17,Active,1,Churned,13.99
2d4805d4-31be-4eb1-940d-a328774e9e5d,41,36-45,Other,South America,TV,Basic,8.99,107.88,Crypto,4,Documentary,0.86,0.04,Low,22,At Risk,1,Churned,8.99
d2d6b334-a048-454e-a756-1d925a2445eb,22,18-25,Female,Oceania,Desktop,Premium,17.99,215.88,Credit Card,5,Documentary,5.22,0.15,Low,33,At Risk,0,Retained,0.0
f3246e5b-ec85-446b-bcf2-30b15de58d9d,64,56+,Female,Africa,Desktop,Premium,17.99,215.88,Debit Card,1,Action,22.92,2.87,High,7,Active,0,Retained,0.0
346ab0c2-f11d-4a08-a0ef-7694363f3ae0,61,56+,Male,South America,Mobile,Basic,8.99,107.88,PayPal,5,Romance,3.99,0.12,Low,33,At Risk,1,Churned,8.99
6e50444c-6c08-423f-b720-847af215bd41,37,36-45,Female,Oceania,TV,Standard,13.99,167.88,Credit Card,3,Sci-Fi,0.59,0.04,Low,13,Active,1,Churned,13.99
5e0f5d5f-f7b8-4ad4-a56f-22b2bb3c43e4,48,46-55,Other,North America,Laptop,Basic,8.99,107.88,PayPal,5,Action,0.75,0.01,Low,55,At Risk,1,Churned,8.99
a48287db-3d2e-40a0-a0b8-8675d4589388,58,56+,Female,Asia,TV,Basic,8.99,107.88,PayPal,3,Horror,3.59,0.12,Low,29,At Risk,1,Churned,8.99
26622754-7436-4bf5-adea-04a292f06216,25,18-25,Male,Asia,Desktop,Basic,8.99,107.88,Debit Card,3,Romance,0.24,0.01,Low,43,At Risk,1,Churned,8.99
abd4eaa5-969c-4035-bd81-b98533442ae0,51,46-55,Other,South America,Mobile,Basic,8.99,107.88,PayPal,4,Action,25.77,0.66,High,38,At Risk,0,Retained,0.0
faf370da-6bed-4d99-aa01-15b0f2868a9e,34,26-35,Male,Oceania,Desktop,Standard,13.99,167.88,Credit Card,2,Sci-Fi,2.94,0.07,Low,43,At Risk,1,Churned,13.99
28b8c898-187c-49cb-b827-d91fd93bec70,62,56+,Male,Africa,TV,Premium,17.99,215.88,PayPal,3,Comedy,20.63,1.72,High,11,Active,0,Retained,0.0
049ec9ab-b09f-461c-b774-5810bc5789c9,66,56+,Female,Africa,Tablet,Standard,13.99,167.88,PayPal,2,Comedy,6.54,0.82,High,7,Active,0,Retained,0.0
18529d93-893a-4903-8289-5bc00dfbbbc6,35,26-35,Male,Oceania,Tablet,Standard,13.99,167.88,Crypto,4,Sci-Fi,4.7,0.34,Medium,13,Active,1,Churned,13.99
1303b7b6-6ec5-4e7a-af22-ea429515357d,64,56+,Female,Africa,Laptop,Premium,17.99,215.88,Debit Card,5,Action,0.19,0.01,Low,18,Active,0,Retained,0.0
654260fa-24d7-4f03-b32c-f5ab977a1031,21,18-25,Female,Oceania,TV,Premium,17.99,215.88,Debit Card,3,Romance,7.72,0.15,Low,51,At Risk,1,Churned,17.99
301e8131-5946-4245-ba48-2dc3fd552cb8,58,56+,Male,Asia,Desktop,Standard,13.99,167.88,Crypto,3,Romance,6.88,0.3,Medium,22,At Risk,0,Retained,0.0
ffd7a77d-7608-4dbc-82d1-c2d4d1d5d132,49,46-55,Other,Oceania,Mobile,Premium,17.99,215.88,PayPal,5,Horror,19.3,0.97,High,19,Active,0,Retained,0.0
b2b3bbdb-482c-4388-b355-c728f9da748f,39,36-45,Other,South America,TV,Standard,13.99,167.88,Crypto,4,Sci-Fi,35.7,4.46,High,7,Active,0,Retained,0.0
1f796607-be06-4e6a-a102-2efc78b1ca16,49,46-55,Male,Asia,Tablet,Premium,17.99,215.88,Gift Card,4,Documentary,1.0,0.02,Low,40,At Risk,1,Churned,17.99
bfa02557-5441-4042-8137-793c43a422e8,61,56+,Other,Europe,Laptop,Premium,17.99,215.88,PayPal,5,Drama,28.65,0.77,High,36,At Risk,0,Retained,0.0
f6907862-a9fd-4a23-aae1-6edbf491d7f1,32,26-35,Female,Africa,TV,Standard,13.99,167.88,Debit Card,2,Sci-Fi,6.86,0.14,Low,49,At Risk,1,Churned,13.99
5144a8df-7f6d-4e84-9022-66f39e58bb68,22,18-25,Other,Oceania,Laptop,Basic,8.99,107.88,Crypto,3,Action,2.36,0.08,Low,27,At Risk,1,Churned,8.99
7b0d81cd-c249-4d2d-9cdc-6ee9d85ed283,47,46-55,Female,Europe,Mobile,Basic,8.99,107.88,Credit Card,2,Action,3.84,1.28,High,2,Active,0,Retained,0.0
769674ba-19e5-4a6a-b353-facf54fbb6e0,41,36-45,Female,Africa,Mobile,Standard,13.99,167.88,Credit Card,2,Action,0.11,0.0,Low,41,At Risk,1,Churned,13.99
1679b3fc-718f-4000-8f69-3b9366299e49,65,56+,Male,Europe,Tablet,Basic,8.99,107.88,Credit Card,4,Sci-Fi,6.36,0.2,Medium,31,At Risk,1,Churned,8.99
d88c20b8-c0af-41e5-8d59-65a345133fb3,57,56+,Male,Asia,Tablet,Basic,8.99,107.88,Debit Card,4,Sci-Fi,12.3,0.46,Medium,26,At Risk,0,Retained,0.0
e5a8e0b5-5b5e-4613-acc4-76b38e03f958,42,36-45,Other,Europe,Mobile,Premium,17.99,215.88,Credit Card,5,Romance,8.18,0.2,Medium,40,At Risk,0,Retained,0.0
b034d781-e4ca-4cfc-b645-e9531ef2d347,50,46-55,Other,Asia,Laptop,Premium,17.99,215.88,Credit Card,2,Action,1.05,0.02,Low,42,At Risk,1,Churned,17.99
0c07f09f-a442-4a69-a25d-8af2df6af414,38,36-45,Other,Oceania,TV,Standard,13.99,167.88,PayPal,5,Romance,6.49,0.13,Low,50,At Risk,0,Retained,0.0
916d87c9-3f88-4f0e-98ee-0f27d8e62b0a,58,56+,Male,South America,Mobile,Premium,17.99,215.88,Gift Card,1,Drama,15.91,0.32,Medium,49,At Risk,1,Churned,17.99
9b6193ab-b21c-4cc8-b45d-2bd11475efb3,30,26-35,Other,Asia,Tablet,Standard,13.99,167.88,Debit Card,3,Comedy,12.85,0.32,Medium,39,At Risk,1,Churned,13.99
14b956af-aa78-468c-a20d-daabae23108d,64,56+,Female,Asia,Desktop,Premium,17.99,215.88,Crypto,1,Comedy,1.22,0.02,Low,56,At Risk,1,Churned,17.99
6032d0f5-e5c0-49d2-971d-079db6c358df,51,46-55,Other,Europe,Tablet,Standard,13.99,167.88,Debit Card,4,Documentary,1.96,0.07,Low,26,At Risk,0,Retained,0.0
d59ba34e-6680-40f2-ae1a-14f2d2c88e91,56,56+,Female,Asia,TV,Basic,8.99,107.88,PayPal,3,Comedy,8.3,0.15,Low,55,At Risk,1,Churned,8.99
1ba18211-9c5f-498f-b188-b5b5f58ff198,48,46-55,Male,South America,Desktop,Standard,13.99,167.88,Credit Card,4,Horror,7.38,1.48,High,4,Active,0,Retained,0.0
7fc98c2f-c71a-4af0-b532-7bb513272815,27,26-35,Female,Asia,TV,Basic,8.99,107.88,Credit Card,2,Documentary,11.62,0.23,Medium,50,At Risk,1,Churned,8.99
c6f3374b-7a7f-4219-b194-f0c989f78cfc,23,18-25,Female,Europe,Tablet,Basic,8.99,107.88,Debit Card,3,Comedy,5.06,0.14,Low,36,At Risk,1,Churned,8.99
fcf17ea1-2e26-45b6-8c64-052a0c84e1a4,69,56+,Other,Asia,Desktop,Premium,17.99,215.88,Crypto,5,Documentary,3.84,0.12,Low,30,At Risk,1,Churned,17.99
af2f7a8e-6611-416a-8cbc-871e3df33a1b,41,36-45,Female,North America,Tablet,Standard,13.99,167.88,Credit Card,1,Horror,2.97,0.06,Low,46,At Risk,1,Churned,13.99
8329b08a-22c9-41c9-b4a2-ede2a1407ca9,65,56+,Female,Asia,TV,Standard,13.99,167.88,Crypto,1,Comedy,8.23,0.14,Low,57,At Risk,1,Churned,13.99
e7e2dc97-77cb-4657-a75c-7b909b1f473f,20,18-25,Male,Oceania,Mobile,Premium,17.99,215.88,Credit Card,2,Horror,12.72,0.91,High,13,Active,0,Retained,0.0
e96f9dcb-1d39-48ea-8c76-83d4526b1d5f,62,56+,Male,Africa,Desktop,Premium,17.99,215.88,PayPal,1,Horror,10.76,0.34,Medium,31,At Risk,1,Churned,17.99
63b76069-9c9c-4030-8501-e9bd5f70baac,34,26-35,Female,Asia,Laptop,Premium,17.99,215.88,Debit Card,2,Sci-Fi,19.54,1.78,High,10,Active,0,Retained,0.0
d5494de3-5422-4437-a937-9e9fc1673b23,58,56+,Male,South America,Desktop,Premium,17.99,215.88,Credit Card,1,Romance,26.15,0.48,Medium,53,At Risk,0,Retained,0.0
965d9ef5-fdbf-48e4-a11e-8fd70b8dd4a9,35,26-35,Female,Africa,Laptop,Premium,17.99,215.88,Debit Card,5,Drama,3.78,0.1,Low,37,At Risk,1,Churned,17.99
b3e8ad34-ade8-4b9e-a72d-1629275399eb,36,36-45,Female,North America,Laptop,Standard,13.99,167.88,Credit Card,5,Action,6.49,0.29,Medium,21,At Risk,0,Retained,0.0
1a417fbf-866c-4ff1-af44-13e90cbbb9db,57,56+,Female,North America,Tablet,Basic,8.99,107.88,Credit Card,4,Comedy,1.76,0.16,Low,10,Active,1,Churned,8.99
29495870-356f-4676-9bf8-f8ba49204d46,58,56+,Male,Europe,Tablet,Premium,17.99,215.88,Crypto,1,Romance,8.43,0.17,Medium,49,At Risk,1,Churned,17.99
161da9aa-5e4f-427e-a647-bc015a469252,54,46-55,Male,Africa,Tablet,Basic,8.99,107.88,Credit Card,4,Comedy,4.85,0.13,Low,37,At Risk,1,Churned,8.99
93c00b2a-b12a-4729-978a-1856748fec65,22,18-25,Other,North America,Mobile,Standard,13.99,167.88,Gift Card,2,Sci-Fi,14.04,0.7,High,19,Active,0,Retained,0.0
d3bfe52c-7f6a-4e4a-b895-a3210b84d94d,43,36-45,Male,Africa,Tablet,Premium,17.99,215.88,Credit Card,1,Drama,19.59,0.75,High,25,At Risk,0,Retained,0.0
99d5bb9e-b3ce-4e56-a8d2-493bed4864e1,21,18-25,Other,Oceania,Desktop,Standard,13.99,167.88,PayPal,5,Drama,0.06,0.0,Low,13,Active,0,Retained,0.0
4e3cbc2a-8c21-4845-932b-bd5bbb02e10b,53,46-55,Female,North America,Tablet,Standard,13.99,167.88,Debit Card,2,Action,26.91,1.35,High,19,Active,0,Retained,0.0
1c1c5145-fd13-4c0e-9a45-e18e9ebb6a07,36,36-45,Male,North America,Desktop,Standard,13.99,167.88,Credit Card,5,Documentary,1.36,0.02,Low,58,At Risk,1,Churned,13.99
9e153932-2f33-4f32-ac2d-279f5c5ffaab,37,36-45,Female,Asia,Desktop,Premium,17.99,215.88,PayPal,3,Documentary,7.53,0.15,Low,48,At Risk,1,Churned,17.99
a2860e45-9812-4952-8865-2c9113baae8d,44,36-45,Female,Africa,Desktop,Standard,13.99,167.88,Credit Card,4,Sci-Fi,62.82,1.4,High,44,At Risk,0,Retained,0.0
eb9ffc1d-90cf-41bb-b18e-b118d745b184,33,26-35,Female,North America,TV,Premium,17.99,215.88,Debit Card,4,Romance,2.08,0.26,Medium,7,Active,0,Retained,0.0
f3d58e2f-b78f-4df7-8455-58ecd328798d,32,26-35,Male,Oceania,Tablet,Basic,8.99,107.88,Credit Card,5,Horror,10.13,1.13,High,8,Active,0,Retained,0.0
ed233136-d1c6-4e17-8ea3-64ec10d8f882,23,18-25,Female,Europe,Laptop,Basic,8.99,107.88,Crypto,4,Action,11.07,0.23,Medium,47,At Risk,1,Churned,8.99
065fa014-3a3e-4d9a-a54f-60f91fae5820,61,56+,Male,South America,TV,Premium,17.99,215.88,Crypto,4,Romance,4.67,0.11,Low,43,At Risk,1,Churned,17.99
b942a90e-e80a-4079-94cf-b6657f127de4,33,26-35,Male,North America,Laptop,Premium,17.99,215.88,Credit Card,5,Romance,17.72,2.95,High,5,Active,0,Retained,0.0
bf57159a-63c5-479a-b4c8-ced4a60e2d2d,41,36-45,Female,North America,Tablet,Premium,17.99,215.88,Debit Card,4,Action,6.01,0.16,Low,36,At Risk,0,Retained,0.0
ebdbba9b-b3c9-4074-b02d-4ee57b51f8f6,23,18-25,Female,North America,TV,Standard,13.99,167.88,Gift Card,2,Documentary,14.92,1.07,High,13,Active,0,Retained,0.0
e433a731-5370-4d70-8852-a81c478d4483,67,56+,Female,Africa,Laptop,Basic,8.99,107.88,Gift Card,2,Comedy,8.28,0.16,Low,51,At Risk,1,Churned,8.99
3d0ef301-6769-46fc-b331-ce295cd74e80,59,56+,Other,South America,Mobile,Basic,8.99,107.88,PayPal,1,Comedy,4.96,0.1,Low,51,At Risk,1,Churned,8.99
f71aec52-ab1e-4dcf-a184-69646fe45f56,50,46-55,Other,North America,Laptop,Basic,8.99,107.88,PayPal,5,Romance,1.11,0.02,Low,44,At Risk,1,Churned,8.99
303e5d95-809b-4bf4-92ac-6e5f2cc59ba8,22,18-25,Other,Oceania,TV,Premium,17.99,215.88,Debit Card,3,Comedy,0.85,0.03,Low,26,At Risk,1,Churned,17.99
412c7e89-3176-4918-9264-dd82be8010f5,65,56+,Female,Asia,TV,Basic,8.99,107.88,PayPal,2,Romance,1.85,0.05,Low,34,At Risk,1,Churned,8.99
1a681a1b-25e5-4de8-837d-0cf7d69b7a21,70,56+,Male,North America,Mobile,Premium,17.99,215.88,Gift Card,1,Comedy,8.29,0.59,High,13,Active,0,Retained,0.0
3c7bdc9d-9591-4914-8ba0-50080fe98b08,39,36-45,Female,Asia,TV,Basic,8.99,107.88,Gift Card,2,Horror,13.15,0.94,High,13,Active,0,Retained,0.0
8bd100a3-8559-404b-bdd6-ddaa029b6c70,59,56+,Other,Europe,Tablet,Standard,13.99,167.88,Gift Card,3,Comedy,3.7,0.16,Low,22,At Risk,1,Churned,13.99
e4b24812-efbd-4593-9d9c-00b531d763c4,58,56+,Female,Asia,TV,Basic,8.99,107.88,PayPal,5,Documentary,5.08,0.1,Low,48,At Risk,1,Churned,8.99
803da581-3136-49b8-8fcc-7a3b32964c21,56,56+,Female,South America,Mobile,Basic,8.99,107.88,Debit Card,1,Comedy,23.72,1.69,High,13,Active,0,Retained,0.0
f3c0fef7-e0e2-4559-9541-63d4d6c943ce,46,46-55,Female,Oceania,TV,Standard,13.99,167.88,Credit Card,1,Action,13.81,0.99,High,13,Active,0,Retained,0.0
5fc305d7-0598-4114-bd7d-e523aa1befc9,19,18-25,Female,Asia,Tablet,Standard,13.99,167.88,Crypto,1,Comedy,6.51,0.13,Low,51,At Risk,1,Churned,13.99
e43fd57a-efec-41d1-93be-ef8bb0e913be,38,36-45,Male,Oceania,Mobile,Standard,13.99,167.88,Credit Card,1,Drama,6.68,0.42,Medium,15,Active,0,Retained,0.0
96cd4e09-7d3a-44ac-8895-3e579b483e67,24,18-25,Other,Africa,Mobile,Premium,17.99,215.88,Credit Card,5,Romance,18.05,0.43,Medium,41,At Risk,0,Retained,0.0
9b84c381-8a4e-425e-82d6-e4574ce7eaef,63,56+,Female,Africa,Laptop,Premium,17.99,215.88,Crypto,1,Sci-Fi,26.19,0.75,High,34,At Risk,0,Retained,0.0
ae61debd-11d7-4e74-90b0-5058e273c518,49,46-55,Other,North America,Laptop,Premium,17.99,215.88,PayPal,1,Horror,8.48,0.77,High,10,Active,0,Retained,0.0
027d0683-397f-4764-b23b-26c0baa7dd31,56,56+,Male,Africa,Mobile,Premium,17.99,215.88,Crypto,3,Horror,14.15,0.31,Medium,44,At Risk,1,Churned,17.99
69fce7d7-873c-4a8c-9e16-31b51f8a5b89,55,46-55,Female,North America,Tablet,Premium,17.99,215.88,Debit Card,3,Sci-Fi,2.01,0.08,Low,24,At Risk,1,Churned,17.99
b51e3fd6-b485-4fb4-8f4d-7308e8f8637f,46,46-55,Male,Asia,TV,Premium,17.99,215.88,Gift Card,5,Romance,0.48,0.01,Low,36,At Risk,1,Churned,17.99
f542341a-c266-4e89-a629-a1bd8ea7b663,18,18-25,Other,Asia,Laptop,Basic,8.99,107.88,Credit Card,1,Action,3.17,3.17,High,0,Active,1,Churned,8.99
a0aa33e6-8d16-4270-8fff-50888fca0dcf,28,26-35,Male,Asia,Desktop,Premium,17.99,215.88,Credit Card,3,Comedy,8.75,0.19,Medium,46,At Risk,1,Churned,17.99
b92f9947-8cc5-4c19-a6e2-92166d3183a6,35,26-35,Female,Asia,Mobile,Premium,17.99,215.88,Crypto,3,Drama,9.17,0.21,Medium,43,At Risk,1,Churned,17.99
20610703-f205-4e18-8f71-b06869a773d9,43,36-45,Male,South America,TV,Standard,13.99,167.88,PayPal,3,Documentary,0.83,0.06,Low,13,Active,1,Churned,13.99
27ad2e65-11c8-44ef-b468-c1b5a271b2d6,37,36-45,Other,Africa,Laptop,Basic,8.99,107.88,Credit Card,3,Sci-Fi,3.68,0.08,Low,45,At Risk,1,Churned,8.99
9eee1bd0-7e98-411b-8970-2fe112d7ebec,62,56+,Male,Africa,Desktop,Premium,17.99,215.88,Crypto,2,Documentary,10.33,2.58,High,3,Active,0,Retained,0.0
43f062ac-2abc-4849-b273-eee6c1d03926,46,46-55,Female,South America,Tablet,Basic,8.99,107.88,Debit Card,2,Drama,12.12,0.29,Medium,41,At Risk,1,Churned,8.99
80bdb6a9-af1d-4bf8-bdd6-d44d23361ec7,34,26-35,Female,Oceania,TV,Basic,8.99,107.88,PayPal,4,Documentary,28.06,0.83,High,33,At Risk,0,Retained,0.0
4b561de5-67ca-4d0c-8e49-ec97fa83626a,21,18-25,Male,North America,Tablet,Premium,17.99,215.88,Crypto,4,Sci-Fi,16.09,5.36,High,2,Active,0,Retained,0.0
ae401f97-f477-4b59-835c-80aba1166e34,61,56+,Female,Asia,Tablet,Premium,17.99,215.88,Debit Card,1,Horror,55.13,0.92,High,59,At Risk,0,Retained,0.0
31a4140a-c4fb-42c7-8854-4c24c438d18e,48,46-55,Other,Oceania,Mobile,Premium,17.99,215.88,Debit Card,5,Documentary,17.24,0.32,Medium,53,At Risk,0,Retained,0.0
ce3fbd40-95b0-45e9-b263-3c8ec20036c0,23,18-25,Other,Oceania,Tablet,Basic,8.99,107.88,PayPal,3,Drama,2.91,0.07,Low,40,At Risk,1,Churned,8.99
b7738cff-10aa-4e6f-9fef-e9fcf917d1c4,57,56+,Female,North America,TV,Standard,13.99,167.88,PayPal,2,Sci-Fi,3.05,0.11,Low,26,At Risk,1,Churned,13.99
57f1d116-ea1e-43db-93e6-4a9324378aa1,30,26-35,Male,Africa,TV,Premium,17.99,215.88,Gift Card,4,Documentary,5.43,0.1,Low,56,At Risk,1,Churned,17.99
0ca91c24-0ea5-4885-8ae4-665754c4a464,25,18-25,Other,Asia,TV,Premium,17.99,215.88,PayPal,5,Sci-Fi,2.51,0.13,Low,18,Active,0,Retained,0.0
c98976dd-6fef-4649-bf60-100427cfa861,32,26-35,Female,Asia,Tablet,Basic,8.99,107.88,Debit Card,5,Horror,7.17,1.79,High,3,Active,0,Retained,0.0
bf4af9cd-1b68-481c-96aa-d569dc62852d,29,26-35,Female,Europe,Tablet,Basic,8.99,107.88,PayPal,1,Action,10.64,0.29,Medium,36,At Risk,1,Churned,8.99
13480445-fc86-4991-89e5-ab251055352d,56,56+,Male,South America,Laptop,Standard,13.99,167.88,Debit Card,1,Horror,12.06,0.45,Medium,26,At Risk,0,Retained,0.0
d0a6eca4-bb35-4ab4-a281-9a5427cd35af,57,56+,Female,South America,Desktop,Standard,13.99,167.88,Gift Card,3,Documentary,28.5,1.19,High,23,At Risk,0,Retained,0.0
1a2e23e5-b228-4e47-b7cc-0ae914646afd,23,18-25,Female,Asia,Desktop,Basic,8.99,107.88,Crypto,5,Comedy,11.25,0.45,Medium,24,At Risk,0,Retained,0.0
6f635592-2a83-4d81-bfc8-1bc88a9a26a2,38,36-45,Other,Asia,Desktop,Basic,8.99,107.88,Crypto,2,Comedy,1.13,0.03,Low,41,At Risk,1,Churned,8.99
3ba1272d-37f8-45eb-89d8-9a1dfbc113dc,62,56+,Male,South America,Desktop,Basic,8.99,107.88,Gift Card,1,Action,12.33,0.26,Medium,47,At Risk,1,Churned,8.99
7ae87f0b-ec48-4a45-9947-aadbd421a2d8,51,46-55,Male,South America,Mobile,Standard,13.99,167.88,Debit Card,1,Documentary,8.43,0.22,Medium,37,At Risk,1,Churned,13.99
d074446a-701b-4b52-8a63-790ae3d922b0,54,46-55,Other,Africa,Laptop,Standard,13.99,167.88,Gift Card,5,Romance,3.36,0.07,Low,50,At Risk,1,Churned,13.99
d1957af6-689c-4010-81fd-fd8590ba41b6,33,26-35,Female,Europe,Desktop,Basic,8.99,107.88,PayPal,1,Drama,11.36,0.22,Medium,51,At Risk,1,Churned,8.99
663438b8-2e83-49b7-8ca1-f4e8d89fa67f,54,46-55,Female,Africa,Mobile,Premium,17.99,215.88,Debit Card,5,Action,2.08,0.16,Low,12,Active,0,Retained,0.0
017de893-5eca-4abb-a6fb-235bf52e1183,38,36-45,Male,Asia,TV,Premium,17.99,215.88,Credit Card,5,Action,3.49,0.13,Low,26,At Risk,0,Retained,0.0
bb58fe93-e0b2-4946-b2f9-f150f203a485,24,18-25,Other,Oceania,Mobile,Basic,8.99,107.88,Gift Card,5,Action,17.56,1.6,High,10,Active,0,Retained,0.0
82ce0b3d-f1d9-4a0f-92cf-cef581133e3f,44,36-45,Male,Asia,Laptop,Standard,13.99,167.88,Crypto,2,Comedy,2.28,0.04,Low,59,At Risk,1,Churned,13.99
f1f1260d-5360-470d-9818-505f8db68230,37,36-45,Male,Europe,Mobile,Standard,13.99,167.88,Credit Card,2,Horror,28.57,5.71,High,4,Active,0,Retained,0.0
2fe5ac5c-459b-49f1-a673-398b1db9b72e,64,56+,Male,Africa,Laptop,Standard,13.99,167.88,Crypto,3,Action,22.89,0.45,Medium,50,At Risk,0,Retained,0.0
ebf85bd7-b3b1-4299-9d0f-e32e7fc3cd4a,41,36-45,Female,North America,Tablet,Premium,17.99,215.88,Gift Card,3,Action,14.17,0.71,High,19,Active,0,Retained,0.0
7864a64d-b304-4501-84ea-cfd022c2f1bc,25,18-25,Other,North America,Mobile,Standard,13.99,167.88,PayPal,3,Horror,0.9,0.03,Low,27,At Risk,1,Churned,13.99
e6b3368d-95d8-445d-bf7e-102d660f0c57,65,56+,Female,Africa,Mobile,Standard,13.99,167.88,PayPal,1,Drama,17.31,0.46,Medium,37,At Risk,1,Churned,13.99
3944f950-85d8-4cb2-bedb-09ce9cbed09c,39,36-45,Female,Asia,Tablet,Premium,17.99,215.88,Crypto,5,Documentary,3.69,0.14,Low,26,At Risk,1,Churned,17.99
9bae5e8d-359c-48c6-ad6f-c791395832e2,69,56+,Male,Oceania,TV,Standard,13.99,167.88,Gift Card,3,Action,42.32,0.86,High,48,At Risk,0,Retained,0.0
a24bb748-6eb6-4841-94a9-bf532feac6e6,61,56+,Other,Europe,Desktop,Premium,17.99,215.88,Debit Card,5,Documentary,31.47,0.59,High,52,At Risk,0,Retained,0.0
ead6bbc7-1708-4702-99d6-95f30ea755bb,59,56+,Male,Asia,TV,Standard,13.99,167.88,PayPal,3,Action,16.35,8.18,High,1,Active,0,Retained,0.0
a2794c07-a79c-43a9-ba77-bcbc4cfb17ef,26,26-35,Other,Asia,TV,Standard,13.99,167.88,Debit Card,1,Sci-Fi,1.24,0.02,Low,56,At Risk,1,Churned,13.99
d9fc180d-06dc-4976-b536-f86b54c3006f,36,36-45,Other,South America,Mobile,Premium,17.99,215.88,Debit Card,4,Drama,2.98,0.05,Low,60,At Risk,1,Churned,17.99
b80f6489-78a5-440f-8084-6db353891aeb,42,36-45,Female,Africa,Laptop,Basic,8.99,107.88,Crypto,5,Horror,1.85,0.26,Medium,6,Active,1,Churned,8.99
4fc4e447-3b9a-4414-aed8-894d34103034,45,36-45,Female,Africa,Mobile,Standard,13.99,167.88,PayPal,3,Romance,1.77,0.15,Low,11,Active,1,Churned,13.99
83bad4fe-fb54-4501-8bfc-0b1f728b523e,66,56+,Other,North America,TV,Premium,17.99,215.88,Crypto,5,Drama,0.42,0.01,Low,28,At Risk,1,Churned,17.99
00ce9289-e055-4962-ad61-110ce7d37ff4,64,56+,Female,North America,Desktop,Basic,8.99,107.88,Credit Card,1,Comedy,5.7,0.57,High,9,Active,0,Retained,0.0
9ac104ea-5967-4a62-8f82-3a14e82ecde0,54,46-55,Other,South America,Tablet,Basic,8.99,107.88,PayPal,5,Documentary,0.51,0.04,Low,11,Active,1,Churned,8.99
5055574d-e03a-4409-8940-5aa540f8c7b1,69,56+,Male,North America,Mobile,Basic,8.99,107.88,Debit Card,3,Drama,3.45,0.13,Low,26,At Risk,1,Churned,8.99
886ecf0d-e049-42b3-bb10-c2e7993a5682,53,46-55,Male,South America,Mobile,Basic,8.99,107.88,Credit Card,5,Documentary,6.45,0.92,High,6,Active,0,Retained,0.0
2a8b672e-c40e-4884-a460-33c3a34a315e,31,26-35,Other,Europe,Mobile,Basic,8.99,107.88,Debit Card,2,Romance,5.16,0.12,Low,41,At Risk,1,Churned,8.99
a0e1dbff-bcc6-41c4-97f6-1a3a032b39f4,27,26-35,Male,North America,Tablet,Basic,8.99,107.88,Debit Card,5,Action,1.41,1.41,High,0,Active,0,Retained,0.0
90e19cd2-bb3b-4fd6-bec6-db40cf203781,64,56+,Male,Europe,Tablet,Premium,17.99,215.88,Credit Card,2,Sci-Fi,0.52,0.02,Low,20,Active,1,Churned,17.99
cb532b75-eac0-49c2-898e-6f86e94cd9ee,59,56+,Female,Africa,Desktop,Standard,13.99,167.88,Debit Card,4,Romance,6.25,0.11,Low,56,At Risk,0,Retained,0.0
a8013c09-772b-450f-9e42-403cdabc7b2d,31,26-35,Female,South America,Laptop,Standard,13.99,167.88,Credit Card,2,Drama,8.58,0.5,Medium,16,Active,0,Retained,0.0
2f313767-ac03-459d-9300-05962c229980,39,36-45,Male,Africa,Desktop,Premium,17.99,215.88,Credit Card,4,Romance,9.78,0.18,Medium,54,At Risk,0,Retained,0.0
5294d27c-a856-43bb-a560-05cd5d08b939,27,26-35,Other,North America,Laptop,Basic,8.99,107.88,Debit Card,5,Drama,0.14,0.0,Low,57,At Risk,1,Churned,8.99
673c0432-05df-4c54-98bb-2cf25801fc96,69,56+,Male,North America,Mobile,Premium,17.99,215.88,Crypto,2,Documentary,7.95,0.13,Low,59,At Risk,1,Churned,17.99
f749e2c8-e004-479b-b690-6a89ef434ddb,30,26-35,Other,Oceania,Desktop,Basic,8.99,107.88,Debit Card,2,Documentary,14.86,0.27,Medium,55,At Risk,1,Churned,8.99
05ec7918-ccd6-4042-9577-99ccf86b3031,43,36-45,Other,Europe,TV,Standard,13.99,167.88,Gift Card,5,Documentary,4.09,0.51,Medium,7,Active,0,Retained,0.0
64a172b5-1f6b-4618-aeb1-50fef19ae22f,66,56+,Female,Oceania,Tablet,Basic,8.99,107.88,PayPal,3,Romance,1.29,0.03,Low,44,At Risk,1,Churned,8.99
06ca1b4c-5275-4cf2-b1e3-44955c49c0aa,31,26-35,Other,South America,TV,Standard,13.99,167.88,Credit Card,3,Sci-Fi,2.44,0.14,Low,17,Active,1,Churned,13.99
64b4c226-5693-4b0c-a064-e5e7567ef883,36,36-45,Male,Europe,Mobile,Premium,17.99,215.88,Credit Card,4,Sci-Fi,6.16,0.11,Low,53,At Risk,0,Retained,0.0
5a4745cf-5727-463f-a722-07eaf6b09ee6,60,56+,Other,Europe,Laptop,Premium,17.99,215.88,Credit Card,2,Documentary,15.16,0.33,Medium,45,At Risk,1,Churned,17.99
cfea570a-88d4-4f81-88ae-d89496ed6c87,32,26-35,Male,Africa,Tablet,Standard,13.99,167.88,Crypto,5,Comedy,7.57,0.4,Medium,18,Active,0,Retained,0.0
0be77627-7c87-403b-9aa1-35591b045fba,50,46-55,Other,Africa,TV,Premium,17.99,215.88,Gift Card,4,Comedy,27.56,0.61,High,44,At Risk,0,Retained,0.0
d50c7902-2f7e-4db5-b315-db3e9f0c2496,37,36-45,Other,Africa,Mobile,Basic,8.99,107.88,PayPal,1,Drama,3.17,0.07,Low,46,At Risk,1,Churned,8.99
344c5424-1d19-4abe-9252-a8ca71cf5aca,20,18-25,Male,South America,TV,Premium,17.99,215.88,Debit Card,4,Comedy,36.39,0.73,High,49,At Risk,0,Retained,0.0
8e927d87-d1c2-4694-8abb-afc222021faa,65,56+,Female,South America,Laptop,Basic,8.99,107.88,Crypto,1,Drama,2.99,0.05,Low,54,At Risk,1,Churned,8.99
44c26f24-daef-4b15-bed0-ec68547f0413,50,46-55,Other,Africa,Tablet,Premium,17.99,215.88,Credit Card,1,Documentary,1.04,0.02,Low,51,At Risk,1,Churned,17.99
22f875b0-1894-46a3-b73c-e077fa665873,48,46-55,Male,Asia,Mobile,Standard,13.99,167.88,Gift Card,2,Sci-Fi,6.52,0.25,Medium,25,At Risk,0,Retained,0.0
606e1bbd-36d5-45a1-9932-cf5aa3484e5c,40,36-45,Male,Oceania,Tablet,Standard,13.99,167.88,Gift Card,5,Drama,3.11,0.06,Low,51,At Risk,1,Churned,13.99
c69e8c4a-8081-46ab-9482-0147501a5603,51,46-55,Male,Asia,TV,Premium,17.99,215.88,Crypto,3,Drama,9.77,0.33,Medium,29,At Risk,0,Retained,0.0
b312c59e-92cd-4b0a-9baa-d6477c72a8a5,23,18-25,Female,North America,TV,Basic,8.99,107.88,Debit Card,1,Sci-Fi,4.27,0.18,Medium,23,At Risk,1,Churned,8.99
b9616946-7d01-4c68-ac7d-b7dcd62fb6ad,48,46-55,Other,South America,Mobile,Basic,8.99,107.88,Credit Card,2,Romance,22.19,0.63,High,34,At Risk,0,Retained,0.0
d019d181-62ae-4042-80fc-61c843545bcd,21,18-25,Female,Africa,Mobile,Standard,13.99,167.88,Credit Card,5,Horror,6.43,0.16,Low,39,At Risk,0,Retained,0.0
cd2b2235-3612-4d81-b143-1a3af5884238,62,56+,Male,Europe,Laptop,Premium,17.99,215.88,Credit Card,2,Comedy,2.15,0.05,Low,42,At Risk,1,Churned,17.99
f78f708e-fc00-4c1d-823b-8798f10c8b83,19,18-25,Male,Oceania,Desktop,Premium,17.99,215.88,Debit Card,2,Documentary,9.32,9.32,High,0,Active,0,Retained,0.0
4c1a5dd9-a2d2-46f0-870e-a6142afbb3a9,55,46-55,Other,Oceania,Desktop,Standard,13.99,167.88,Debit Card,2,Horror,47.76,1.19,High,39,At Risk,0,Retained,0.0
4dc3204a-1c4f-4afd-9597-9dc4e9166bd9,27,26-35,Other,Asia,Tablet,Standard,13.99,167.88,Gift Card,1,Romance,5.08,0.2,Medium,25,At Risk,0,Retained,0.0
054d48d4-e95f-4bb8-a4cb-e1bd7c448dbc,42,36-45,Male,South America,TV,Standard,13.99,167.88,Credit Card,3,Sci-Fi,4.79,0.08,Low,58,At Risk,1,Churned,13.99
b0fde5ba-8a38-45ee-b7fb-6c35851e8975,56,56+,Other,Europe,TV,Standard,13.99,167.88,PayPal,3,Romance,4.09,0.07,Low,56,At Risk,1,Churned,13.99
c4a05da1-d840-47cf-baf8-d8f4005a4928,42,36-45,Other,Asia,Laptop,Basic,8.99,107.88,Debit Card,3,Action,5.46,0.13,Low,41,At Risk,1,Churned,8.99
caaa5ce7-686c-4498-add9-565eb0493c6d,59,56+,Other,Asia,Mobile,Standard,13.99,167.88,Crypto,1,Romance,11.65,0.26,Medium,44,At Risk,1,Churned,13.99
9829890a-3880-439c-a2b4-80afeb217997,22,18-25,Male,South America,Laptop,Standard,13.99,167.88,Gift Card,4,Sci-Fi,1.41,0.05,Low,28,At Risk,1,Churned,13.99
3c07805f-4275-40c9-ac26-921ea46824e8,42,36-45,Other,Africa,Tablet,Standard,13.99,167.88,Gift Card,2,Horror,3.69,0.08,Low,45,At Risk,1,Churned,13.99
30f6a1ee-33d7-4a8a-a6cb-82c3aa6a16ae,31,26-35,Male,Asia,Laptop,Basic,8.99,107.88,Credit Card,3,Sci-Fi,10.99,0.32,Medium,33,At Risk,1,Churned,8.99
59adee7e-d7d6-4c22-b62c-1b42311f77a2,67,56+,Female,Oceania,Desktop,Premium,17.99,215.88,Gift Card,5,Action,2.92,0.07,Low,38,At Risk,1,Churned,17.99
bd4aab1a-8302-4e08-a648-a63609db66df,18,18-25,Male,Europe,TV,Basic,8.99,107.88,Debit Card,3,Drama,12.68,0.67,High,18,Active,0,Retained,0.0
11373011-9e1b-41f4-ab76-15ee1c916105,25,18-25,Female,Africa,Desktop,Basic,8.99,107.88,Crypto,3,Documentary,1.91,0.1,Low,18,Active,1,Churned,8.99
e9087e86-8089-43bc-be36-a876aeb5ceb6,24,18-25,Male,North America,TV,Standard,13.99,167.88,Gift Card,2,Comedy,5.37,1.79,High,2,Active,0,Retained,0.0
0ad6fe46-9b24-46fc-9698-7001aa3c071b,64,56+,Male,Europe,Desktop,Standard,13.99,167.88,Debit Card,1,Comedy,0.31,0.01,Low,52,At Risk,1,Churned,13.99
2f8c9d54-7c13-4902-bc95-dca665d28276,66,56+,Male,Europe,Laptop,Basic,8.99,107.88,Debit Card,1,Sci-Fi,27.65,2.13,High,12,Active,0,Retained,0.0
3ee5c136-2055-4e39-a9b9-46da20b123a7,39,36-45,Male,Africa,Mobile,Premium,17.99,215.88,Debit Card,1,Sci-Fi,7.45,0.3,Medium,24,At Risk,0,Retained,0.0
9274feb4-b477-492e-8ebe-8e6a3466bbdf,30,26-35,Male,Oceania,Laptop,Basic,8.99,107.88,Gift Card,3,Romance,5.73,0.14,Low,41,At Risk,1,Churned,8.99
7bb73ff8-9bb9-4f6d-866f-240f38cc21ee,52,46-55,Female,Europe,TV,Standard,13.99,167.88,PayPal,5,Horror,31.15,0.54,High,57,At Risk,0,Retained,0.0
09676128-1363-46d4-8e65-fb15aab4502c,19,18-25,Other,North America,Laptop,Premium,17.99,215.88,PayPal,5,Horror,8.11,0.14,Low,56,At Risk,0,Retained,0.0
3117ae22-8768-4682-b37c-f6788ee60ace,47,46-55,Male,North America,Desktop,Premium,17.99,215.88,Gift Card,5,Action,7.02,0.16,Low,44,At Risk,1,Churned,17.99
e5697b4f-3b1f-40d0-a27f-ffbe199aa1fa,40,36-45,Female,Asia,Laptop,Standard,13.99,167.88,Debit Card,3,Horror,9.36,0.33,Medium,27,At Risk,0,Retained,0.0
1829ac6c-bf86-4add-93af-ef3534a06c28,30,26-35,Male,North America,Mobile,Standard,13.99,167.88,Crypto,1,Action,9.7,0.26,Medium,37,At Risk,1,Churned,13.99
7d44b140-388b-45e7-90be-3989f2c186ef,24,18-25,Other,Europe,Desktop,Basic,8.99,107.88,Crypto,3,Comedy,15.34,0.35,Medium,43,At Risk,1,Churned,8.99
7f720eb2-a80f-4b4d-8daf-1f6829e1e9ae,44,36-45,Male,Oceania,Desktop,Premium,17.99,215.88,Debit Card,2,Drama,1.68,0.1,Low,16,Active,1,Churned,17.99
a854b579-3d98-44fb-9d45-00ab83f24a6f,36,36-45,Female,South America,Laptop,Standard,13.99,167.88,PayPal,4,Horror,3.88,0.09,Low,41,At Risk,1,Churned,13.99
c614659a-26da-476a-864b-718733fe9da3,41,36-45,Female,Asia,TV,Premium,17.99,215.88,Debit Card,4,Sci-Fi,10.47,0.28,Medium,37,At Risk,0,Retained,0.0
948ce2cb-69d0-44e8-82d3-77e8e7e8faef,19,18-25,Male,Asia,Laptop,Standard,13.99,167.88,PayPal,2,Horror,8.32,2.77,High,2,Active,0,Retained,0.0
7d08d89e-8404-4b5f-9997-bf9e6b5fb250,36,36-45,Other,Africa,Mobile,Premium,17.99,215.88,Gift Card,2,Documentary,54.48,2.1,High,25,At Risk,0,Retained,0.0
8ca4333b-e984-423e-8c3b-359064e08c95,46,46-55,Other,Europe,Laptop,Standard,13.99,167.88,Crypto,2,Sci-Fi,38.53,0.77,High,49,At Risk,0,Retained,0.0
bfa1ea14-554f-4ea6-bdde-025e9f3797f5,46,46-55,Other,Oceania,Desktop,Basic,8.99,107.88,Crypto,1,Romance,6.69,0.48,Medium,13,Active,1,Churned,8.99
b188eb5c-8e85-49e6-be94-ebd9f6c8db61,35,26-35,Other,South America,Mobile,Standard,13.99,167.88,Debit Card,2,Romance,8.18,0.22,Medium,36,At Risk,1,Churned,13.99
e5cd7a56-d6f1-4023-81ab-11a379047f1d,67,56+,Female,North America,Desktop,Standard,13.99,167.88,PayPal,4,Horror,21.36,1.07,High,19,Active,0,Retained,0.0
1532673a-a236-4238-8071-860e099bd870,66,56+,Female,South America,TV,Standard,13.99,167.88,Crypto,3,Romance,36.7,0.75,High,48,At Risk,0,Retained,0.0
760e2c65-f8d5-4600-802d-36cb875e9a19,20,18-25,Female,North America,Desktop,Standard,13.99,167.88,Debit Card,5,Sci-Fi,7.66,0.21,Medium,36,At Risk,0,Retained,0.0
15717c27-c14f-451f-9cd6-8cfa0a2d24e1,22,18-25,Other,North America,Laptop,Basic,8.99,107.88,Gift Card,4,Drama,10.85,0.24,Medium,44,At Risk,1,Churned,8.99
9352be40-839f-4dcc-af25-f8edd6a94669,62,56+,Male,North America,Tablet,Standard,13.99,167.88,Crypto,1,Drama,9.73,0.18,Medium,52,At Risk,1,Churned,13.99
416b8522-14e6-4803-8f23-a434add52670,24,18-25,Male,Africa,Tablet,Basic,8.99,107.88,PayPal,3,Drama,7.95,0.23,Medium,33,At Risk,1,Churned,8.99
cd60de06-e3c0-4b41-914f-f63e856ddd67,55,46-55,Other,South America,Laptop,Basic,8.99,107.88,Gift Card,5,Horror,1.92,0.06,Low,32,At Risk,1,Churned,8.99
2026cff5-8c58-4355-8d63-cd1bd67114a1,45,36-45,Other,Oceania,Tablet,Standard,13.99,167.88,PayPal,4,Action,82.63,1.84,High,44,At Risk,0,Retained,0.0
9ad724af-34b1-4dc6-913d-291f9a5e5d26,63,56+,Other,Africa,Laptop,Premium,17.99,215.88,Gift Card,3,Drama,27.92,1.86,High,14,Active,0,Retained,0.0
0ce8e49e-5fe9-4acc-a9fa-9cc3afcfde73,44,36-45,Other,Europe,Desktop,Premium,17.99,215.88,Debit Card,3,Horror,11.7,0.4,Medium,28,At Risk,0,Retained,0.0
2fcd7184-dbcc-40ba-9107-01eb946cd492,45,36-45,Female,Asia,Mobile,Premium,17.99,215.88,Debit Card,3,Romance,30.42,2.03,High,14,Active,0,Retained,0.0
8b5b904f-29d5-4933-ba64-957976fa103c,39,36-45,Female,North America,Desktop,Standard,13.99,167.88,Gift Card,3,Horror,12.72,0.75,High,16,Active,0,Retained,0.0
9b509a70-72ae-4d6a-8ec3-7501f5220d76,66,56+,Other,Asia,TV,Premium,17.99,215.88,Debit Card,1,Sci-Fi,6.66,0.17,Medium,39,At Risk,1,Churned,17.99
76410bb6-7942-4be9-a862-94701d4dcbd3,65,56+,Other,Asia,Mobile,Premium,17.99,215.88,Debit Card,2,Comedy,0.76,0.25,Medium,2,Active,0,Retained,0.0
9d93da93-4af0-4ee3-a33a-e9113bb9e909,26,26-35,Other,South America,Laptop,Standard,13.99,167.88,Credit Card,2,Sci-Fi,11.13,3.71,High,2,Active,0,Retained,0.0
38769edf-d82f-4be4-98b2-324b1295e6d9,21,18-25,Male,North America,TV,Basic,8.99,107.88,PayPal,2,Comedy,24.86,0.45,Medium,54,At Risk,1,Churned,8.99
1bc9bedd-0caf-425e-aed3-5faf9a0c2d27,20,18-25,Female,Europe,Tablet,Standard,13.99,167.88,Gift Card,1,Documentary,22.67,0.4,Medium,55,At Risk,1,Churned,13.99
9aa74495-95c3-4d40-afa8-6b352ea283ae,66,56+,Male,South America,Tablet,Standard,13.99,167.88,Debit Card,2,Romance,17.66,0.88,High,19,Active,0,Retained,0.0
24920cb3-62f7-4d92-85b5-ad23f9c29103,48,46-55,Male,Oceania,TV,Premium,17.99,215.88,PayPal,1,Documentary,12.66,0.28,Medium,45,At Risk,1,Churned,17.99
5fd6b79c-c1c6-45e2-9604-58cece9a92f7,40,36-45,Male,North America,Mobile,Premium,17.99,215.88,Crypto,1,Action,1.85,0.04,Low,46,At Risk,1,Churned,17.99
6d029724-a31c-4ef1-aea2-59c572067d27,69,56+,Female,Europe,Laptop,Premium,17.99,215.88,Debit Card,3,Drama,36.48,1.07,High,33,At Risk,0,Retained,0.0
b918e3f7-644c-4be8-9b94-e079f0e57adb,22,18-25,Other,North America,Tablet,Standard,13.99,167.88,Gift Card,2,Sci-Fi,1.42,0.04,Low,37,At Risk,1,Churned,13.99
4b7b3437-9e9b-476a-93e2-b566045c069e,67,56+,Other,Europe,Tablet,Basic,8.99,107.88,PayPal,1,Action,10.31,0.69,High,14,Active,0,Retained,0.0
051f8977-2874-40a1-b3ff-2374156b1ea0,36,36-45,Female,Oceania,Mobile,Premium,17.99,215.88,Debit Card,2,Comedy,8.8,0.8,High,10,Active,0,Retained,0.0
23dbe855-88b7-49e6-8afd-c87e6e7a3789,65,56+,Female,Europe,Laptop,Premium,17.99,215.88,Crypto,3,Drama,6.18,0.17,Medium,36,At Risk,1,Churned,17.99
c5070e45-4a31-420c-aa42-6c8733276b63,57,56+,Other,Europe,Tablet,Premium,17.99,215.88,Debit Card,1,Romance,28.19,2.56,High,10,Active,0,Retained,0.0
b5acd69b-8cd3-401d-88c2-40c7d6ce48c6,23,18-25,Male,South America,Desktop,Premium,17.99,215.88,Credit Card,5,Documentary,4.23,0.28,Medium,14,Active,0,Retained,0.0
595dbdea-9fbb-419c-9e52-4bf9e64d802e,54,46-55,Male,Asia,TV,Premium,17.99,215.88,Crypto,1,Documentary,4.93,1.23,High,3,Active,0,Retained,0.0
3c7f59b3-1c9e-4dc6-9b84-9ef32bde9b1a,58,56+,Female,Asia,Tablet,Premium,17.99,215.88,Debit Card,5,Romance,1.21,0.05,Low,24,At Risk,0,Retained,0.0
891545a3-c612-41af-b037-c9513bd65f4d,44,36-45,Other,Oceania,Tablet,Basic,8.99,107.88,Crypto,5,Comedy,18.32,0.35,Medium,52,At Risk,1,Churned,8.99
a897c8ea-28f4-4fc2-a050-9b41f2188f72,60,56+,Other,Africa,Laptop,Standard,13.99,167.88,Credit Card,5,Drama,12.7,0.35,Medium,35,At Risk,0,Retained,0.0
f3fd9e3a-3a0c-4290-8368-4ec6535a24fa,65,56+,Female,Africa,Desktop,Standard,13.99,167.88,Crypto,4,Action,47.81,3.98,High,11,Active,0,Retained,0.0
fb7ccdf3-68c3-4ed8-bc57-04ba93357cfd,59,56+,Female,North America,Mobile,Basic,8.99,107.88,Gift Card,2,Drama,2.63,0.06,Low,42,At Risk,1,Churned,8.99
069324d5-5b98-413b-b77a-f60ebb7a0342,41,36-45,Female,South America,Laptop,Premium,17.99,215.88,Gift Card,1,Action,5.18,0.15,Low,33,At Risk,1,Churned,17.99
cf4022df-7092-48f3-8264-878f8fba98e5,64,56+,Female,Oceania,Tablet,Basic,8.99,107.88,Crypto,1,Sci-Fi,6.99,0.58,High,11,Active,0,Retained,0.0
bbfa791d-bf59-4022-b8fc-3c0a64e7c2f4,32,26-35,Other,North America,Desktop,Basic,8.99,107.88,Gift Card,2,Documentary,0.49,0.1,Low,4,Active,1,Churned,8.99
2aa44138-b15c-461f-ba7b-6b1718fc3f8f,27,26-35,Other,Europe,Laptop,Premium,17.99,215.88,Credit Card,4,Horror,11.61,0.53,High,21,At Risk,0,Retained,0.0
ae174d75-414d-4847-b752-44d73211df8e,48,46-55,Female,Europe,Laptop,Premium,17.99,215.88,Crypto,2,Sci-Fi,17.58,0.52,High,33,At Risk,0,Retained,0.0
8a61f494-bab5-4e82-a508-a7120e973db8,49,46-55,Female,North America,Laptop,Basic,8.99,107.88,PayPal,2,Drama,18.37,9.19,High,1,Active,0,Retained,0.0
47a75ee0-4752-4838-9962-891abdb5c0ea,47,46-55,Other,Oceania,TV,Basic,8.99,107.88,Crypto,3,Comedy,1.71,0.03,Low,56,At Risk,1,Churned,8.99
745745e9-e354-486c-952d-1cf7bcc6451f,61,56+,Other,Oceania,Desktop,Basic,8.99,107.88,Gift Card,4,Romance,9.33,0.18,Medium,51,At Risk,1,Churned,8.99
a41dd9ef-0764-4f95-9101-e9d5bb30c03a,54,46-55,Female,Europe,Laptop,Standard,13.99,167.88,PayPal,4,Romance,4.28,0.12,Low,36,At Risk,1,Churned,13.99
f31c3891-2944-40ab-a8ef-92b11b3f4334,25,18-25,Male,Asia,Mobile,Premium,17.99,215.88,Crypto,5,Drama,13.12,0.27,Medium,47,At Risk,1,Churned,17.99
a63f5214-db0f-4cac-a315-64d3499cde08,58,56+,Female,Europe,TV,Basic,8.99,107.88,Debit Card,4,Sci-Fi,21.67,0.47,Medium,45,At Risk,0,Retained,0.0
66cd6ce6-43f8-4f9b-920c-03fe32f6b3c1,49,46-55,Other,Africa,Laptop,Premium,17.99,215.88,Debit Card,1,Documentary,27.9,0.72,High,38,At Risk,0,Retained,0.0
adbfc678-4fe5-4b2e-b071-f72b8bdf9aa1,47,46-55,Other,North America,Desktop,Basic,8.99,107.88,Credit Card,2,Sci-Fi,5.91,0.11,Low,53,At Risk,1,Churned,8.99
fbe0177d-1a78-4759-91f1-ba62b03acc15,23,18-25,Female,Asia,Tablet,Basic,8.99,107.88,Debit Card,2,Action,25.79,0.46,Medium,55,At Risk,1,Churned,8.99
27cea559-7785-44c0-ac70-6b3494eeb70b,26,26-35,Male,South America,Mobile,Basic,8.99,107.88,Crypto,3,Romance,25.49,0.71,High,35,At Risk,0,Retained,0.0
8a0848fd-4827-4f85-9b6f-007ffe391d30,26,26-35,Male,Oceania,Mobile,Standard,13.99,167.88,Credit Card,3,Action,4.87,0.08,Low,59,At Risk,1,Churned,13.99
84ee2484-f659-41f0-b358-119262ea7d5d,28,26-35,Other,Africa,TV,Premium,17.99,215.88,Debit Card,4,Action,17.1,0.59,High,28,At Risk,0,Retained,0.0
94135b4f-6a37-41c4-8625-d91c4926ec68,64,56+,Female,South America,TV,Standard,13.99,167.88,Debit Card,3,Horror,0.91,0.02,Low,44,At Risk,1,Churned,13.99
8d2214a8-eef2-4345-ab43-dc9fa0719c72,58,56+,Female,South America,Desktop,Basic,8.99,107.88,Gift Card,5,Horror,26.03,0.96,High,26,At Risk,0,Retained,0.0
b72a5d95-24ba-4440-8288-b9aacfee95b9,40,36-45,Female,South America,Laptop,Premium,17.99,215.88,Debit Card,3,Documentary,11.57,0.96,High,11,Active,0,Retained,0.0
abb262e4-25f1-48a4-a322-879a563a00af,22,18-25,Other,Africa,TV,Basic,8.99,107.88,Debit Card,1,Action,11.84,0.29,Medium,40,At Risk,1,Churned,8.99
8f6dc546-9b9c-41fb-9ed2-afac4e5c5a9e,36,36-45,Other,Africa,Mobile,Basic,8.99,107.88,Debit Card,2,Action,21.08,0.75,High,27,At Risk,0,Retained,0.0
ed668da3-d99b-4026-92a3-300a114142e7,46,46-55,Other,Oceania,Desktop,Standard,13.99,167.88,PayPal,4,Sci-Fi,0.96,0.02,Low,46,At Risk,1,Churned,13.99
ee57514c-eefb-44e1-a80d-8dfe36cee93b,62,56+,Female,Africa,Laptop,Standard,13.99,167.88,Credit Card,3,Documentary,24.45,1.75,High,13,Active,0,Retained,0.0
fa307a7f-4a55-4e3a-a385-0de816f61de8,37,36-45,Other,South America,TV,Basic,8.99,107.88,Crypto,5,Comedy,7.72,0.24,Medium,31,At Risk,1,Churned,8.99
30ce7dcc-c41f-48e9-8e16-b6cfb0e9d1a3,45,36-45,Other,Africa,Desktop,Basic,8.99,107.88,Crypto,5,Action,0.7,0.03,Low,25,At Risk,1,Churned,8.99
d8a6954a-bf7f-45fa-bde0-90266d3195fb,54,46-55,Female,Asia,Desktop,Standard,13.99,167.88,Gift Card,3,Sci-Fi,12.34,0.37,Medium,32,At Risk,1,Churned,13.99
bba14e0b-05f9-4cf4-b201-41398c6d4ec5,32,26-35,Male,Europe,TV,Standard,13.99,167.88,Credit Card,1,Romance,1.89,0.08,Low,24,At Risk,1,Churned,13.99
47537e18-5119-4d3c-934e-c0fa3646be77,30,26-35,Female,Asia,Desktop,Basic,8.99,107.88,Debit Card,5,Romance,11.4,0.22,Medium,50,At Risk,1,Churned,8.99
1f70867f-6022-4521-8138-3116b8a88a5c,18,18-25,Male,Asia,TV,Premium,17.99,215.88,Crypto,1,Drama,2.75,0.46,Medium,5,Active,1,Churned,17.99
49261e9e-fdd0-48df-87f7-3eab7d66fa81,18,18-25,Other,Oceania,Mobile,Standard,13.99,167.88,Debit Card,5,Horror,3.54,0.08,Low,45,At Risk,1,Churned,13.99
a065e7e1-f8a6-429b-90be-e5b35e78f22a,48,46-55,Other,Europe,Desktop,Basic,8.99,107.88,Crypto,4,Action,39.47,1.2,High,32,At Risk,0,Retained,0.0
9f43a60a-bd6e-42de-9707-0a3b942d97fc,64,56+,Female,North America,Mobile,Basic,8.99,107.88,Debit Card,2,Comedy,7.82,0.22,Medium,34,At Risk,1,Churned,8.99
5cdde76b-50a8-4d41-a799-177a2e77e581,67,56+,Female,South America,Laptop,Premium,17.99,215.88,Debit Card,4,Drama,4.01,0.07,Low,55,At Risk,1,Churned,17.99
b21baa2a-9c93-4d91-92bc-88f708dabe32,30,26-35,Male,Africa,Tablet,Basic,8.99,107.88,Gift Card,4,Drama,5.42,0.12,Low,43,At Risk,1,Churned,8.99
73a4b76c-1e0c-4d55-9ef4-cfce29a688ba,45,36-45,Male,Europe,Desktop,Premium,17.99,215.88,Crypto,3,Sci-Fi,17.85,0.31,Medium,57,At Risk,1,Churned,17.99
1e89c820-f686-4a32-aeab-924d79f6d288,28,26-35,Male,North America,Mobile,Standard,13.99,167.88,Crypto,4,Horror,3.57,0.06,Low,60,At Risk,1,Churned,13.99
f8520665-cd2a-42c9-ba24-3da9505579a9,46,46-55,Male,Asia,Tablet,Standard,13.99,167.88,Debit Card,4,Horror,0.86,0.04,Low,23,At Risk,0,Retained,0.0
7e06975c-0bf7-4fe1-b884-8e7de13b702d,45,36-45,Female,Oceania,Mobile,Basic,8.99,107.88,Credit Card,1,Documentary,15.8,0.27,Medium,57,At Risk,1,Churned,8.99
f6abaaad-45a9-4879-8e66-3b1d4d5c3cbc,25,18-25,Female,Africa,Mobile,Standard,13.99,167.88,Credit Card,4,Horror,10.36,0.2,Medium,52,At Risk,0,Retained,0.0
f1c437f2-b4be-40fb-9007-03dece9b63bd,42,36-45,Other,Europe,Laptop,Standard,13.99,167.88,Gift Card,1,Documentary,7.51,0.26,Medium,28,At Risk,0,Retained,0.0
1b217597-8e8c-475f-bfc2-df1b648f3ec8,33,26-35,Other,Africa,Mobile,Basic,8.99,107.88,PayPal,3,Action,2.36,0.21,Medium,10,Active,1,Churned,8.99
a7b7aed8-c00a-4d06-8ffc-bf527572f7bb,44,36-45,Female,Africa,Tablet,Basic,8.99,107.88,Crypto,5,Sci-Fi,9.35,0.16,Low,56,At Risk,1,Churned,8.99
ccbcbfcb-32f4-4cfb-be96-79bb84daf04b,19,18-25,Female,Asia,TV,Standard,13.99,167.88,Gift Card,3,Romance,18.18,0.37,Medium,48,At Risk,1,Churned,13.99
febacab1-7c87-4a27-b2a5-6aaa51021c13,43,36-45,Female,Oceania,TV,Basic,8.99,107.88,Crypto,4,Romance,11.02,0.23,Medium,47,At Risk,1,Churned,8.99
deadc085-ed13-47fb-81b4-45eadc08353d,32,26-35,Female,Asia,Desktop,Standard,13.99,167.88,Crypto,1,Horror,7.07,0.32,Medium,21,At Risk,0,Retained,0.0
5b9fc53d-960a-475a-b189-b54d9c7564a6,35,26-35,Female,Asia,Laptop,Premium,17.99,215.88,Crypto,4,Sci-Fi,8.44,0.18,Medium,47,At Risk,1,Churned,17.99
065fe85d-0373-4737-bbf9-0880fc13ad44,66,56+,Male,Oceania,TV,Standard,13.99,167.88,PayPal,5,Drama,26.72,0.74,High,35,At Risk,0,Retained,0.0
88fd7813-ff27-47be-9470-b4ad4044ccef,68,56+,Female,North America,Desktop,Standard,13.99,167.88,Debit Card,5,Romance,1.45,0.05,Low,27,At Risk,0,Retained,0.0
20eb5fec-6d12-4d6a-b791-c984c662cd33,46,46-55,Other,South America,Tablet,Basic,8.99,107.88,Credit Card,4,Action,0.04,0.01,Low,2,Active,1,Churned,8.99
c1c6bed5-6167-4c79-bd6f-4c27851ce580,20,18-25,Male,Europe,Mobile,Premium,17.99,215.88,PayPal,2,Action,3.26,0.1,Low,32,At Risk,1,Churned,17.99
c4da46c8-aadf-4aca-98c3-b2e9422c1e93,33,26-35,Male,Europe,TV,Standard,13.99,167.88,Debit Card,1,Sci-Fi,4.63,4.63,High,0,Active,0,Retained,0.0
089c7011-1dec-412d-a160-d029ac6eb0a5,63,56+,Female,North America,Tablet,Premium,17.99,215.88,PayPal,1,Drama,6.24,0.35,Medium,17,Active,0,Retained,0.0
20971458-c879-4bdc-bf4f-6a4758552a35,33,26-35,Male,Asia,Desktop,Basic,8.99,107.88,Gift Card,1,Drama,21.02,0.46,Medium,45,At Risk,1,Churned,8.99
c3144388-5e8f-4c1c-83ff-3129e562ba4e,40,36-45,Other,Europe,Laptop,Standard,13.99,167.88,Credit Card,3,Documentary,1.46,0.03,Low,44,At Risk,1,Churned,13.99
4489b67d-456a-40da-941e-68facbe3bdb4,66,56+,Male,Africa,Desktop,Basic,8.99,107.88,PayPal,1,Documentary,7.42,0.32,Medium,22,At Risk,1,Churned,8.99
90acaef3-45c4-49e4-bd9f-1faf1b350e71,44,36-45,Female,Asia,Mobile,Basic,8.99,107.88,Gift Card,4,Sci-Fi,9.89,0.25,Medium,39,At Risk,1,Churned,8.99
c42b0dd0-9d7e-47eb-9b16-18c2195e9fce,41,36-45,Other,Europe,Mobile,Basic,8.99,107.88,PayPal,1,Sci-Fi,19.1,6.37,High,2,Active,0,Retained,0.0
590d4fc0-17ef-42af-aa91-778aa0d317d6,67,56+,Female,Africa,Desktop,Standard,13.99,167.88,Debit Card,3,Action,5.78,0.12,Low,47,At Risk,1,Churned,13.99
55125abd-2493-40cf-8843-604709af81e7,29,26-35,Female,Europe,Tablet,Premium,17.99,215.88,PayPal,4,Action,5.97,1.99,High,2,Active,0,Retained,0.0
24d6f90a-ea1f-44cb-a83b-4d3d53c4d152,34,26-35,Female,Oceania,Tablet,Standard,13.99,167.88,PayPal,4,Documentary,0.22,0.0,Low,52,At Risk,1,Churned,13.99
a525e81a-ceac-45bf-9aaf-312b292c0ab2,23,18-25,Other,Asia,Desktop,Standard,13.99,167.88,Credit Card,4,Documentary,20.75,0.4,Medium,51,At Risk,0,Retained,0.0
4e16202d-72c0-4a59-974b-ba3e9c9fb04d,44,36-45,Other,North America,Desktop,Basic,8.99,107.88,Crypto,1,Comedy,3.53,0.06,Low,56,At Risk,1,Churned,8.99
b74fff72-ab6f-46d9-a86c-66e7b580c4f3,62,56+,Male,Oceania,Laptop,Basic,8.99,107.88,PayPal,1,Romance,7.6,0.19,Medium,38,At Risk,1,Churned,8.99
ecf5d19d-4bb9-4dd4-9b1f-1e34cf7b03cf,49,46-55,Male,South America,Mobile,Basic,8.99,107.88,Debit Card,1,Action,11.25,1.12,High,9,Active,0,Retained,0.0
cb28901c-b8a3-43aa-9580-f116d219bf30,68,56+,Other,South America,Desktop,Standard,13.99,167.88,Debit Card,4,Documentary,35.61,0.87,High,40,At Risk,0,Retained,0.0
3db02ad4-41a1-4582-975d-a3a19e873c5a,20,18-25,Female,North America,Desktop,Premium,17.99,215.88,Gift Card,2,Sci-Fi,9.92,0.38,Medium,25,At Risk,0,Retained,0.0
39c2f74d-e634-4686-b4a4-7f3617f6db10,28,26-35,Female,Europe,TV,Premium,17.99,215.88,Crypto,2,Romance,0.12,0.01,Low,9,Active,1,Churned,17.99
b4c1296b-4b42-4988-8541-0e5e848c4488,53,46-55,Other,Oceania,Desktop,Standard,13.99,167.88,PayPal,3,Drama,52.23,6.53,High,7,Active,0,Retained,0.0
18c08dd6-5cd2-49ff-b9d4-d1e5d3b4aaf1,29,26-35,Male,North America,Laptop,Standard,13.99,167.88,Gift Card,4,Drama,11.46,0.21,Medium,54,At Risk,1,Churned,13.99
33a14e13-98be-4886-8707-28184c66ae0d,33,26-35,Male,North America,Laptop,Premium,17.99,215.88,Credit Card,4,Horror,13.95,0.26,Medium,53,At Risk,0,Retained,0.0
0658b8ed-13e8-4ea7-a31f-8afeb49acd60,57,56+,Female,Asia,TV,Basic,8.99,107.88,Gift Card,5,Horror,24.97,0.46,Medium,53,At Risk,1,Churned,8.99
f49a225d-d3da-4584-8f5b-2d17ebb19bd7,42,36-45,Male,South America,TV,Premium,17.99,215.88,Debit Card,2,Horror,18.09,1.64,High,10,Active,0,Retained,0.0
2d41aa15-7acd-4ab4-b5df-2d6a316ddb17,27,26-35,Female,South America,Laptop,Standard,13.99,167.88,Debit Card,3,Documentary,33.25,0.95,High,34,At Risk,0,Retained,0.0
3f593c64-f2eb-4736-974a-5efadabce25a,18,18-25,Male,South America,Tablet,Standard,13.99,167.88,Gift Card,1,Sci-Fi,3.62,0.17,Medium,20,Active,1,Churned,13.99
8966b795-f82f-4c5d-a80c-5244a1016339,53,46-55,Female,Africa,TV,Premium,17.99,215.88,Debit Card,3,Drama,1.62,0.03,Low,60,At Risk,1,Churned,17.99
88023604-f612-409e-9761-9fe2336a43e4,41,36-45,Female,Oceania,Desktop,Premium,17.99,215.88,Debit Card,2,Comedy,7.53,0.26,Medium,28,At Risk,0,Retained,0.0
2635a91a-d4db-4458-8100-c8aa01ee55f1,35,26-35,Male,South America,TV,Basic,8.99,107.88,Debit Card,2,Horror,5.07,0.12,Low,41,At Risk,1,Churned,8.99
e3852e2b-3a3c-466a-916e-edd403c5353f,69,56+,Male,North America,Laptop,Premium,17.99,215.88,Debit Card,4,Documentary,36.44,3.31,High,10,Active,0,Retained,0.0
eeca7e99-fc70-4609-aeb1-5ba88fd7daef,53,46-55,Male,Europe,Laptop,Premium,17.99,215.88,PayPal,2,Comedy,6.61,0.12,Low,54,At Risk,1,Churned,17.99
8632438c-1adb-4a0f-9d3b-9eed17db3536,51,46-55,Female,Asia,Laptop,Premium,17.99,215.88,PayPal,5,Documentary,35.22,0.65,High,53,At Risk,0,Retained,0.0
4020ae84-bece-4f52-bee7-b9ea56435b36,67,56+,Male,Oceania,Mobile,Premium,17.99,215.88,PayPal,2,Documentary,27.23,0.59,High,45,At Risk,0,Retained,0.0
8918b03e-e245-4ebf-b05f-158b557fcaea,38,36-45,Female,Africa,Desktop,Premium,17.99,215.88,PayPal,3,Drama,20.14,0.49,Medium,40,At Risk,0,Retained,0.0
67b67fc6-7750-44bd-896c-3260f78d8e53,29,26-35,Male,Africa,TV,Basic,8.99,107.88,Credit Card,2,Sci-Fi,11.32,0.23,Medium,48,At Risk,1,Churned,8.99
f8839f01-4286-4f45-a675-f09d869146c1,34,26-35,Other,South America,TV,Premium,17.99,215.88,Gift Card,2,Documentary,1.92,0.04,Low,44,At Risk,1,Churned,17.99
3cb37e51-569d-4238-9854-5e659abf16c4,18,18-25,Female,South America,Tablet,Premium,17.99,215.88,PayPal,3,Action,0.82,0.01,Low,59,At Risk,1,Churned,17.99
d64c129e-b523-4e14-ab3a-ec621137c3af,28,26-35,Female,North America,Desktop,Standard,13.99,167.88,PayPal,5,Comedy,6.72,0.42,Medium,15,Active,0,Retained,0.0
d08e5984-dcc6-4e82-9190-c0532bbb7cae,57,56+,Female,Africa,TV,Premium,17.99,215.88,Gift Card,2,Documentary,12.51,2.5,High,4,Active,0,Retained,0.0
5299c7dd-6117-44fb-b316-41e3c6ca0e8f,34,26-35,Other,Asia,Tablet,Premium,17.99,215.88,Crypto,1,Action,16.67,1.39,High,11,Active,0,Retained,0.0
187a5666-9d16-459c-a524-35b1789ba1ae,32,26-35,Male,Asia,Tablet,Standard,13.99,167.88,Credit Card,5,Documentary,15.29,0.64,High,23,At Risk,0,Retained,0.0
3fd34d59-ed02-4b2a-a7b7-7c8dba676ef9,60,56+,Female,South America,Laptop,Premium,17.99,215.88,Credit Card,1,Horror,1.09,0.16,Low,6,Active,1,Churned,17.99
79b3f0bd-b45f-444d-a121-5b7a374c0780,21,18-25,Female,Africa,Mobile,Basic,8.99,107.88,PayPal,4,Documentary,17.28,0.91,High,18,Active,0,Retained,0.0
d74761a3-27c1-4593-92ee-084f86b6c7f5,70,56+,Other,South America,Desktop,Premium,17.99,215.88,Crypto,4,Documentary,5.52,0.18,Medium,29,At Risk,0,Retained,0.0
14e1fddb-7d3b-4098-b5f5-98d0467d9921,69,56+,Other,Europe,Laptop,Basic,8.99,107.88,Gift Card,2,Drama,22.17,0.43,Medium,51,At Risk,1,Churned,8.99
d3cdf140-4887-4f53-a5d3-ec891892c883,36,36-45,Male,Oceania,Mobile,Premium,17.99,215.88,Debit Card,2,Comedy,0.98,0.02,Low,55,At Risk,1,Churned,17.99
2fae4d1f-9063-4947-aac3-ec1c00169d35,70,56+,Other,Europe,Mobile,Basic,8.99,107.88,PayPal,1,Romance,61.47,7.68,High,7,Active,0,Retained,0.0
4beaf71e-a65e-4ddd-a643-c8e5acf5bd55,22,18-25,Male,Oceania,Tablet,Basic,8.99,107.88,PayPal,1,Drama,20.87,0.45,Medium,45,At Risk,1,Churned,8.99
d0c512fc-8212-4d61-9ad2-dce10af1dbf7,52,46-55,Female,Africa,TV,Basic,8.99,107.88,Gift Card,4,Sci-Fi,3.59,0.08,Low,42,At Risk,1,Churned,8.99
76a7587e-4288-4134-acd3-1c161865573a,19,18-25,Female,Oceania,Laptop,Standard,13.99,167.88,PayPal,4,Drama,8.85,0.42,Medium,20,Active,0,Retained,0.0
8868e07d-acc4-4b62-808a-ad4553109922,42,36-45,Male,Africa,TV,Basic,8.99,107.88,Debit Card,1,Action,7.09,0.32,Medium,21,At Risk,1,Churned,8.99
91a11dc0-b609-434f-a1d2-3ecd42d2321b,35,26-35,Other,Oceania,Desktop,Basic,8.99,107.88,Gift Card,2,Action,1.21,0.24,Medium,4,Active,1,Churned,8.99
3bca6390-0c4b-4f47-a993-8e49139361c3,18,18-25,Female,Africa,Desktop,Standard,13.99,167.88,PayPal,1,Action,2.26,0.05,Low,48,At Risk,1,Churned,13.99
f6aa3008-2137-480e-ac38-70d58514af59,21,18-25,Other,North America,Desktop,Premium,17.99,215.88,Credit Card,3,Sci-Fi,16.71,1.29,High,12,Active,0,Retained,0.0
6fb2caa8-9389-4816-91cb-d1134a7b15a1,57,56+,Male,Africa,Mobile,Basic,8.99,107.88,PayPal,4,Horror,2.89,0.1,Low,27,At Risk,1,Churned,8.99
a96d856f-c265-4f78-80d5-f6d85c2e3e48,38,36-45,Female,North America,Desktop,Basic,8.99,107.88,Gift Card,2,Comedy,3.08,0.06,Low,53,At Risk,1,Churned,8.99
0769f070-5b48-4e47-9507-35259b4dfc71,50,46-55,Other,South America,Tablet,Premium,17.99,215.88,Credit Card,4,Comedy,7.44,0.23,Medium,32,At Risk,0,Retained,0.0
57b1d167-a660-48d5-8fca-f75fa0837d41,57,56+,Male,Africa,TV,Standard,13.99,167.88,Gift Card,5,Romance,18.93,0.44,Medium,42,At Risk,1,Churned,13.99
9bc6420a-4fe7-4bda-97db-6689849cc101,65,56+,Other,Africa,Desktop,Premium,17.99,215.88,PayPal,4,Documentary,9.71,0.2,Medium,47,At Risk,0,Retained,0.0
9127fd59-f25d-4b74-a710-7f60b1804252,29,26-35,Male,North America,Desktop,Premium,17.99,215.88,Credit Card,2,Horror,1.61,0.03,Low,59,At Risk,1,Churned,17.99
39a2da01-6445-4ba4-8dd5-846b8fe23c43,62,56+,Female,Africa,Laptop,Premium,17.99,215.88,Crypto,1,Comedy,4.2,0.11,Low,37,At Risk,1,Churned,17.99
ac511430-85a0-40ed-bac6-423c3fe14a63,58,56+,Other,Asia,Tablet,Basic,8.99,107.88,Crypto,5,Comedy,15.24,0.9,High,16,Active,0,Retained,0.0
c42c5dc0-22f1-464b-9aa8-9ff0661a54c3,50,46-55,Male,Asia,Desktop,Premium,17.99,215.88,Crypto,1,Horror,5.93,0.11,Low,51,At Risk,1,Churned,17.99
7d756761-f638-4e9b-8c0a-00492281d68d,28,26-35,Other,North America,Mobile,Standard,13.99,167.88,Crypto,4,Drama,9.61,0.19,Medium,50,At Risk,1,Churned,13.99
cade9688-a34c-4bf1-a49a-962d5d8fb7c4,49,46-55,Female,South America,Laptop,Standard,13.99,167.88,PayPal,1,Sci-Fi,17.61,0.29,Medium,60,At Risk,1,Churned,13.99
466eaa12-9e20-4d53-860f-a8dccfb242b8,25,18-25,Female,Oceania,Desktop,Basic,8.99,107.88,Debit Card,3,Documentary,5.49,0.13,Low,41,At Risk,1,Churned,8.99
57a0a7ed-21ea-4587-b519-ab35689cc9c8,40,36-45,Female,Asia,Desktop,Standard,13.99,167.88,Crypto,1,Action,7.66,0.13,Low,57,At Risk,1,Churned,13.99
4e091ec6-3c1b-4649-aed7-cf99cc9da60d,29,26-35,Female,Oceania,Mobile,Standard,13.99,167.88,Credit Card,4,Horror,4.88,0.12,Low,39,At Risk,1,Churned,13.99
3afd0a8c-2d06-41f8-954a-e439e193f21d,43,36-45,Female,Oceania,Desktop,Standard,13.99,167.88,Credit Card,4,Horror,12.58,0.74,High,16,Active,0,Retained,0.0
63fb5a17-b9fc-4191-8cec-ca2848cc3e54,69,56+,Other,Oceania,Laptop,Premium,17.99,215.88,PayPal,1,Romance,26.07,4.34,High,5,Active,0,Retained,0.0
1c663855-e700-49cf-8512-224b34d1efac,37,36-45,Other,North America,Tablet,Premium,17.99,215.88,Debit Card,2,Drama,14.54,0.63,High,22,At Risk,0,Retained,0.0
ca44d69c-f059-423e-82e2-65550f1314be,31,26-35,Female,Asia,Tablet,Basic,8.99,107.88,PayPal,2,Action,9.44,0.2,Medium,46,At Risk,1,Churned,8.99
07b638bb-a4bf-4938-9b81-3160ecf59053,27,26-35,Other,Europe,Mobile,Basic,8.99,107.88,Crypto,1,Horror,5.84,0.14,Low,42,At Risk,1,Churned,8.99
10187a53-e499-45ef-b5b2-0c0d16ffaef7,65,56+,Male,Europe,Laptop,Premium,17.99,215.88,Debit Card,3,Sci-Fi,0.74,0.04,Low,20,Active,1,Churned,17.99
fe5bdcb9-aa57-47ff-b123-33e4842057da,29,26-35,Female,Oceania,Mobile,Basic,8.99,107.88,Gift Card,3,Drama,12.37,0.27,Medium,44,At Risk,1,Churned,8.99
dc67ab9c-2786-4c67-8b27-3891f2676446,63,56+,Male,North America,Desktop,Standard,13.99,167.88,Debit Card,5,Romance,5.16,0.1,Low,53,At Risk,0,Retained,0.0
92ea3113-82a0-40c9-8d98-142d22f0799b,54,46-55,Female,Africa,TV,Premium,17.99,215.88,Debit Card,2,Sci-Fi,14.52,0.58,High,24,At Risk,0,Retained,0.0
834274e5-cea9-4d78-a673-89b85674de2a,27,26-35,Male,Asia,Mobile,Basic,8.99,107.88,Credit Card,3,Sci-Fi,6.11,0.17,Medium,35,At Risk,1,Churned,8.99
68fcc8f2-4100-4fb8-bc83-efdca9a49322,70,56+,Male,Europe,TV,Basic,8.99,107.88,PayPal,2,Action,11.19,0.27,Medium,40,At Risk,1,Churned,8.99
e0306a29-e5de-43f9-a455-6955498cd3ed,31,26-35,Other,Oceania,TV,Standard,13.99,167.88,Gift Card,5,Drama,0.67,0.03,Low,22,At Risk,1,Churned,13.99
27482340-b055-4041-aeb1-1a0feb5dec60,36,36-45,Male,North America,Desktop,Standard,13.99,167.88,PayPal,1,Documentary,12.66,0.36,Medium,34,At Risk,1,Churned,13.99
ab2d8fa6-2f40-4122-ae99-bf400c1301b1,19,18-25,Male,Europe,Desktop,Premium,17.99,215.88,Debit Card,1,Action,5.04,0.22,Medium,22,At Risk,0,Retained,0.0
4f6ec262-da69-45ec-914c-026309454e98,47,46-55,Male,Europe,Desktop,Premium,17.99,215.88,Credit Card,5,Drama,1.75,0.13,Low,12,Active,0,Retained,0.0
fbdb9c05-f713-42da-acbc-426247e3dae8,20,18-25,Other,Europe,Mobile,Basic,8.99,107.88,Debit Card,1,Sci-Fi,26.06,13.03,High,1,Active,0,Retained,0.0
63fefe7d-6134-49fb-95fc-5b011b8583c7,56,56+,Other,Africa,TV,Basic,8.99,107.88,Credit Card,1,Comedy,30.55,2.55,High,11,Active,0,Retained,0.0
72913cf5-928b-4c70-9fdf-23f320b7387e,48,46-55,Male,Oceania,Tablet,Basic,8.99,107.88,Debit Card,2,Romance,13.29,0.29,Medium,45,At Risk,1,Churned,8.99
e9ecd068-dda1-43b9-a4fb-c17b3e2c9455,48,46-55,Female,Europe,Desktop,Basic,8.99,107.88,Debit Card,5,Sci-Fi,19.86,0.74,High,26,At Risk,0,Retained,0.0
aa56b066-fb34-4c3c-8ffa-913e48221d38,64,56+,Female,Africa,Desktop,Standard,13.99,167.88,Crypto,2,Horror,7.4,0.15,Low,49,At Risk,1,Churned,13.99
4b34b055-d1b3-401e-8b73-b8c3297396d0,25,18-25,Male,Africa,Laptop,Standard,13.99,167.88,Debit Card,1,Documentary,5.73,0.15,Low,37,At Risk,1,Churned,13.99
2c4ab875-d3c3-429d-9dad-fdf4c0f850d7,48,46-55,Female,North America,Laptop,Premium,17.99,215.88,Crypto,2,Comedy,1.84,0.18,Medium,9,Active,1,Churned,17.99
dba01592-6410-4be2-b930-10d122fabfef,50,46-55,Other,Asia,Tablet,Standard,13.99,167.88,PayPal,2,Action,4.36,0.44,Medium,9,Active,1,Churned,13.99
35119411-b270-46a9-b807-5f703dc512e5,38,36-45,Other,Europe,Laptop,Standard,13.99,167.88,Gift Card,1,Comedy,0.08,0.0,Low,35,At Risk,1,Churned,13.99
63d9d93c-1c27-4123-951c-81f49f5bcc38,46,46-55,Male,South America,Tablet,Premium,17.99,215.88,Credit Card,1,Documentary,10.11,0.19,Medium,52,At Risk,1,Churned,17.99
794a55aa-41e8-4973-a92d-e694ac1d2c10,18,18-25,Other,Europe,Tablet,Premium,17.99,215.88,Debit Card,1,Action,12.72,0.8,High,15,Active,0,Retained,0.0
8ca9ce9b-95f1-480a-bdf8-7ab9b97535ce,30,26-35,Female,Europe,Mobile,Standard,13.99,167.88,Credit Card,1,Sci-Fi,15.45,1.29,High,11,Active,0,Retained,0.0
9c5b8ee6-d18b-4614-8c23-4a4fcac04d80,48,46-55,Male,North America,Desktop,Premium,17.99,215.88,Debit Card,2,Action,2.84,0.08,Low,35,At Risk,1,Churned,17.99
604f83af-4c1b-4e00-897c-82ce3d3a5727,22,18-25,Male,Europe,TV,Basic,8.99,107.88,Crypto,3,Sci-Fi,4.64,0.15,Low,30,At Risk,1,Churned,8.99
2e1aad64-26cc-449a-b08c-fbedd731de31,36,36-45,Male,Asia,TV,Premium,17.99,215.88,Gift Card,3,Drama,11.69,0.49,Medium,23,At Risk,0,Retained,0.0
7aa81ae5-8879-4d6b-ac2c-e30ddadbbef6,42,36-45,Other,Africa,Mobile,Standard,13.99,167.88,Debit Card,4,Action,14.09,0.24,Medium,57,At Risk,0,Retained,0.0
73c16c1b-0b24-47d3-b7c8-41a1fac54b48,48,46-55,Female,Europe,Mobile,Standard,13.99,167.88,Credit Card,3,Action,49.33,1.3,High,37,At Risk,0,Retained,0.0
58540f35-ed97-4eef-9638-9039f8eddb3d,30,26-35,Male,Oceania,Tablet,Standard,13.99,167.88,PayPal,5,Comedy,3.17,0.13,Low,24,At Risk,0,Retained,0.0
59631c00-9348-44af-a232-40e34ec07c22,35,26-35,Female,Europe,Mobile,Basic,8.99,107.88,Credit Card,3,Drama,6.03,0.14,Low,42,At Risk,1,Churned,8.99
2b59d33a-1b53-4131-a0d5-4d3e56e07d85,29,26-35,Other,Asia,Tablet,Standard,13.99,167.88,Debit Card,4,Sci-Fi,1.6,0.2,Medium,7,Active,0,Retained,0.0
1f736007-b6d2-447a-840d-89c0ee65629b,42,36-45,Other,South America,Mobile,Premium,17.99,215.88,PayPal,5,Horror,9.19,1.53,High,5,Active,0,Retained,0.0
02421d84-5f78-429d-a2f6-be81c656dc0a,20,18-25,Male,North America,Tablet,Basic,8.99,107.88,Gift Card,1,Action,16.96,0.31,Medium,53,At Risk,1,Churned,8.99
797e3a2d-50ad-478d-9f62-48f49771dd87,44,36-45,Other,Asia,Desktop,Basic,8.99,107.88,Crypto,1,Comedy,1.06,0.03,Low,37,At Risk,1,Churned,8.99
98850d40-9bb7-46e5-bf51-9c36ff13ccf1,54,46-55,Female,Oceania,Tablet,Standard,13.99,167.88,Gift Card,3,Action,6.61,0.24,Medium,26,At Risk,0,Retained,0.0
6df50497-d522-4c9e-ae35-b570fc2656cf,66,56+,Female,Africa,Tablet,Premium,17.99,215.88,PayPal,2,Horror,20.01,0.65,High,30,At Risk,0,Retained,0.0
1e7bde1f-8158-40b9-9aa5-97cf0312ed3f,60,56+,Other,Europe,TV,Basic,8.99,107.88,PayPal,3,Drama,9.99,0.29,Medium,34,At Risk,1,Churned,8.99
5bc33d7d-2258-438c-9c77-7cfb0af09acb,21,18-25,Other,Europe,Laptop,Premium,17.99,215.88,Crypto,4,Romance,8.53,0.23,Medium,36,At Risk,1,Churned,17.99
e40b9738-ff59-46b5-a2bb-3dc95a2a429c,51,46-55,Female,Oceania,Desktop,Premium,17.99,215.88,Gift Card,5,Comedy,4.9,0.2,Medium,23,At Risk,1,Churned,17.99
12fa97b3-078a-4a97-b338-f130fb3762a4,41,36-45,Male,Africa,Mobile,Standard,13.99,167.88,PayPal,2,Action,8.6,0.18,Medium,47,At Risk,1,Churned,13.99
1753bc3c-d5f3-4507-bbc9-3d8d2de87bf6,36,36-45,Male,South America,Tablet,Premium,17.99,215.88,Crypto,3,Comedy,13.68,3.42,High,3,Active,0,Retained,0.0
b13b45b8-9130-4222-aced-db116c542c50,36,36-45,Male,Oceania,Tablet,Premium,17.99,215.88,Credit Card,5,Comedy,7.25,0.2,Medium,36,At Risk,0,Retained,0.0
5843bccd-c8a2-4294-b541-85481a633beb,54,46-55,Male,Asia,Tablet,Premium,17.99,215.88,Crypto,3,Drama,2.28,0.05,Low,47,At Risk,1,Churned,17.99
56e385b7-755f-4c91-917e-0a5a60db358a,31,26-35,Other,Europe,TV,Standard,13.99,167.88,Gift Card,4,Action,18.09,0.52,High,34,At Risk,0,Retained,0.0
f2477cdd-25e4-47c2-8b0e-2194e62a4ea2,64,56+,Female,South America,Tablet,Premium,17.99,215.88,Crypto,5,Drama,9.37,0.55,High,16,Active,0,Retained,0.0
153d426a-bfd4-47d8-9821-a84a5e9fee7b,55,46-55,Female,North America,Laptop,Basic,8.99,107.88,PayPal,4,Comedy,11.36,11.36,High,0,Active,0,Retained,0.0
b512a9aa-3832-4ec2-bfc0-65cec94afd68,51,46-55,Female,South America,TV,Basic,8.99,107.88,Debit Card,5,Sci-Fi,6.21,0.15,Low,40,At Risk,1,Churned,8.99
19ef59d2-6a1c-4507-8b4c-8d8fbd68db12,66,56+,Female,North America,Desktop,Premium,17.99,215.88,PayPal,5,Action,1.37,0.04,Low,36,At Risk,1,Churned,17.99
7ccb2fc4-29ae-47d5-b9ca-c10d7e9dce63,57,56+,Male,Europe,Desktop,Standard,13.99,167.88,Debit Card,4,Romance,8.27,0.14,Low,59,At Risk,0,Retained,0.0
51440c93-aa74-453e-a0ac-0fd9cb25409f,68,56+,Female,Oceania,Desktop,Standard,13.99,167.88,Debit Card,4,Romance,26.58,0.72,High,36,At Risk,0,Retained,0.0
d78f5876-1525-463f-9790-58f96401020d,31,26-35,Female,South America,Laptop,Basic,8.99,107.88,PayPal,3,Comedy,9.11,0.18,Medium,51,At Risk,1,Churned,8.99
b4a4ef53-4da5-4b3a-818d-7a2db7b6dc3c,39,36-45,Other,Africa,TV,Premium,17.99,215.88,Debit Card,5,Comedy,12.34,0.4,Medium,30,At Risk,0,Retained,0.0
5e5dcb10-52c2-4611-b0a2-c083f94dde3c,31,26-35,Female,South America,Tablet,Basic,8.99,107.88,Crypto,5,Sci-Fi,6.71,0.84,High,7,Active,0,Retained,0.0
0244ba1e-f643-4f1a-9ed1-2531650a2ace,63,56+,Male,South America,Laptop,Standard,13.99,167.88,Gift Card,4,Sci-Fi,8.51,0.15,Low,55,At Risk,1,Churned,13.99
43c345f1-1534-4f02-afed-866b3515059b,46,46-55,Female,South America,Desktop,Basic,8.99,107.88,Gift Card,2,Comedy,6.75,0.18,Medium,37,At Risk,1,Churned,8.99
31a08a9f-e3b2-46ed-80fc-4cdc63f2e593,22,18-25,Male,South America,TV,Standard,13.99,167.88,Crypto,3,Documentary,7.67,0.14,Low,53,At Risk,1,Churned,13.99
0abfd213-ef70-4c96-979a-95401f2d222a,59,56+,Other,Asia,Laptop,Premium,17.99,215.88,Crypto,3,Drama,16.6,0.69,High,23,At Risk,0,Retained,0.0
9318ddca-73d1-425f-8cf2-180b30bf5c37,36,36-45,Female,Europe,Laptop,Standard,13.99,167.88,Credit Card,4,Action,22.11,3.16,High,6,Active,0,Retained,0.0
e95ba0a7-3085-4358-9fac-b404fdb198b3,55,46-55,Other,Oceania,TV,Premium,17.99,215.88,Crypto,3,Drama,0.44,0.02,Low,27,At Risk,1,Churned,17.99
5405f752-cb3f-4f59-9206-4e7cdc662738,58,56+,Other,Europe,TV,Basic,8.99,107.88,Gift Card,3,Romance,37.24,4.14,High,8,Active,0,Retained,0.0
bfb8411b-0e6a-4f69-b072-24ed44cc094e,57,56+,Other,Africa,TV,Basic,8.99,107.88,PayPal,2,Comedy,10.24,0.51,Medium,19,Active,0,Retained,0.0
9fbafa7f-e3de-4166-b71b-e4bc230715a5,67,56+,Other,South America,Laptop,Premium,17.99,215.88,Gift Card,2,Drama,28.86,14.43,High,1,Active,0,Retained,0.0
575e8cef-5ce2-4bbc-80a0-bdf68bd29505,54,46-55,Male,South America,TV,Basic,8.99,107.88,Debit Card,5,Comedy,25.24,0.57,High,43,At Risk,0,Retained,0.0
17bd8bda-c161-413a-bb7d-8453978c974b,46,46-55,Male,Asia,Tablet,Premium,17.99,215.88,Credit Card,4,Romance,1.48,0.13,Low,10,Active,0,Retained,0.0
a36af881-f75f-42aa-bb55-aa8f43cd2c1f,37,36-45,Male,Africa,TV,Standard,13.99,167.88,PayPal,5,Documentary,5.43,0.12,Low,46,At Risk,0,Retained,0.0
dd222a27-27ab-459a-994a-8c5ad58ddeeb,60,56+,Other,North America,Tablet,Basic,8.99,107.88,Crypto,2,Sci-Fi,6.84,0.17,Medium,40,At Risk,1,Churned,8.99
9216acf7-bc86-44f9-95d5-2d5e96d459d4,61,56+,Female,North America,Mobile,Premium,17.99,215.88,PayPal,5,Romance,1.3,0.03,Low,44,At Risk,1,Churned,17.99
1b673fc7-2b1b-4f12-ae55-6f61e739c483,59,56+,Male,Oceania,TV,Standard,13.99,167.88,Debit Card,5,Comedy,17.33,0.29,Medium,59,At Risk,0,Retained,0.0
8643fbb4-e91f-40d3-bb3d-9da4cf47d8d2,20,18-25,Male,Asia,Laptop,Basic,8.99,107.88,PayPal,3,Documentary,0.61,0.15,Low,3,Active,1,Churned,8.99
efa05e12-91f5-4de0-886d-7efe2b13e3df,47,46-55,Female,Oceania,TV,Premium,17.99,215.88,Debit Card,2,Comedy,2.2,0.06,Low,39,At Risk,1,Churned,17.99
de40d774-89d7-43ef-81f2-a845c85cb3a3,69,56+,Male,South America,Mobile,Basic,8.99,107.88,PayPal,4,Action,5.31,0.1,Low,52,At Risk,1,Churned,8.99
e3b0394b-c1e2-4d2a-8f3e-881750fa9401,65,56+,Other,Africa,Laptop,Standard,13.99,167.88,Crypto,4,Documentary,28.56,1.5,High,18,Active,0,Retained,0.0
c42c3176-bb7e-411d-a769-0b2ad9e8ed2a,58,56+,Female,Europe,Laptop,Premium,17.99,215.88,Gift Card,1,Comedy,16.33,0.37,Medium,43,At Risk,1,Churned,17.99
433c3f13-1127-42b6-bff7-8801b71cdaf6,36,36-45,Other,Asia,Tablet,Basic,8.99,107.88,Debit Card,2,Drama,5.39,1.08,High,4,Active,0,Retained,0.0
e8e4d4ec-8d71-4f31-9a49-18b68cb209b8,32,26-35,Other,Europe,Tablet,Premium,17.99,215.88,Credit Card,2,Romance,9.15,0.16,Low,58,At Risk,1,Churned,17.99
3b6ad87b-8320-46b3-8cd0-ba38c3def845,63,56+,Other,North America,Mobile,Standard,13.99,167.88,Debit Card,5,Horror,1.77,0.03,Low,56,At Risk,1,Churned,13.99
b239abd3-b75b-4da5-9794-0de700a9d4a7,67,56+,Other,Asia,TV,Basic,8.99,107.88,Debit Card,3,Comedy,25.25,0.97,High,25,At Risk,0,Retained,0.0
87dd331e-af28-4193-ad16-3fa4dde9f4df,43,36-45,Female,Oceania,Mobile,Basic,8.99,107.88,Debit Card,1,Action,15.64,1.74,High,8,Active,0,Retained,0.0
1a222df2-070f-4549-b164-a9baa2bbdafe,52,46-55,Other,Africa,Desktop,Basic,8.99,107.88,PayPal,1,Romance,5.56,0.11,Low,48,At Risk,1,Churned,8.99
dd06b1e7-368e-4a14-9c4b-1167e1751312,57,56+,Other,Oceania,Mobile,Standard,13.99,167.88,Debit Card,4,Comedy,35.52,2.73,High,12,Active,0,Retained,0.0
bdeb4f47-097c-49b8-956a-d9fa25802324,21,18-25,Other,North America,Desktop,Premium,17.99,215.88,Crypto,5,Romance,6.27,0.12,Low,53,At Risk,1,Churned,17.99
23983a3b-9ddb-44ee-b02d-7128ffc31a36,56,56+,Other,Oceania,Tablet,Premium,17.99,215.88,Gift Card,3,Drama,9.96,0.19,Medium,51,At Risk,1,Churned,17.99
1f21093e-a068-4fd4-a23a-3bdbe2a2ac90,64,56+,Female,South America,TV,Standard,13.99,167.88,Gift Card,3,Documentary,0.02,0.0,Low,36,At Risk,1,Churned,13.99
452e1227-fdcd-4f2a-b51d-93c972870576,54,46-55,Male,Europe,Desktop,Basic,8.99,107.88,Credit Card,2,Romance,20.0,0.43,Medium,45,At Risk,1,Churned,8.99
f53aabeb-9951-48d4-a47c-ee92be30b9ef,62,56+,Female,South America,TV,Premium,17.99,215.88,Crypto,5,Documentary,3.99,0.15,Low,25,At Risk,1,Churned,17.99
d0478dc6-40b3-4217-b23b-1e5d368d99e3,63,56+,Male,Oceania,Laptop,Standard,13.99,167.88,Gift Card,2,Romance,2.31,0.08,Low,29,At Risk,1,Churned,13.99
9b97bbce-cee3-4f9f-929a-91a55540665a,69,56+,Female,Europe,Tablet,Standard,13.99,167.88,Debit Card,3,Action,10.33,0.24,Medium,42,At Risk,1,Churned,13.99
1a4dc981-f642-40e7-be57-eb92abdce2cd,38,36-45,Other,Africa,Desktop,Premium,17.99,215.88,Debit Card,1,Documentary,0.55,0.14,Low,3,Active,1,Churned,17.99
789522f8-c4a7-458c-8303-68262a0f458a,69,56+,Female,South America,Laptop,Standard,13.99,167.88,Debit Card,5,Action,9.14,0.19,Medium,48,At Risk,0,Retained,0.0
ca235c75-ef56-4b6e-b147-144484fc7a68,18,18-25,Female,Europe,TV,Basic,8.99,107.88,PayPal,1,Action,4.37,0.09,Low,46,At Risk,1,Churned,8.99
e7be6384-c0d8-4762-8490-1242e245f14a,26,26-35,Male,South America,Laptop,Standard,13.99,167.88,Crypto,1,Comedy,10.42,0.36,Medium,28,At Risk,0,Retained,0.0
530f7589-89c5-487c-a14a-d1500bb9fc21,44,36-45,Female,Asia,TV,Standard,13.99,167.88,PayPal,1,Romance,3.08,0.05,Low,58,At Risk,1,Churned,13.99
cc1eecc4-1916-4342-9400-b18c036d98e5,43,36-45,Female,Asia,Tablet,Standard,13.99,167.88,Gift Card,3,Comedy,1.86,0.04,Low,52,At Risk,1,Churned,13.99
8629cc72-e810-4acd-89b5-51614d21b070,39,36-45,Female,Asia,Tablet,Standard,13.99,167.88,Crypto,4,Sci-Fi,6.5,0.5,Medium,12,Active,0,Retained,0.0
fa0f95cd-a763-4ca0-b86c-dc7d1e93f8a9,70,56+,Other,North America,Desktop,Basic,8.99,107.88,Crypto,5,Documentary,9.65,0.74,High,12,Active,0,Retained,0.0
f58d7d36-bc85-44c4-b74a-e7de9cf5104a,19,18-25,Female,Africa,Mobile,Premium,17.99,215.88,Debit Card,5,Sci-Fi,0.1,0.0,Low,24,At Risk,0,Retained,0.0
094fe1ea-c59b-434b-afd9-be895740dea7,23,18-25,Other,Europe,Laptop,Premium,17.99,215.88,PayPal,3,Romance,33.47,1.12,High,29,At Risk,0,Retained,0.0
a35dfad2-b67f-40ea-871c-37c1ec686bda,39,36-45,Female,Oceania,TV,Premium,17.99,215.88,Crypto,3,Sci-Fi,4.67,0.47,Medium,9,Active,1,Churned,17.99
234a89e9-0793-4c4b-8855-8afaf76b3bc7,19,18-25,Female,Oceania,Laptop,Premium,17.99,215.88,Credit Card,3,Sci-Fi,1.73,0.08,Low,22,At Risk,1,Churned,17.99
7a889b45-8ea4-416d-b58f-d38b5eb7ea45,30,26-35,Male,Europe,Tablet,Basic,8.99,107.88,Gift Card,2,Comedy,0.25,0.01,Low,29,At Risk,1,Churned,8.99
6818695a-d9b5-47c0-98dc-c1b0c1c379ce,22,18-25,Other,Africa,TV,Premium,17.99,215.88,PayPal,2,Drama,17.65,1.76,High,9,Active,0,Retained,0.0
0cff8cd5-ab3c-4116-8edb-fa314b5a3273,56,56+,Male,Europe,TV,Standard,13.99,167.88,Gift Card,3,Romance,0.49,0.01,Low,44,At Risk,1,Churned,13.99
2774bcf2-ddec-44c9-a3bc-ff87a8a96dee,61,56+,Male,South America,Desktop,Standard,13.99,167.88,Debit Card,5,Romance,83.55,3.21,High,25,At Risk,0,Retained,0.0
eb0251cf-302e-4e08-a31d-a9a5ab2baef3,24,18-25,Other,South America,Desktop,Basic,8.99,107.88,Credit Card,2,Action,1.25,0.04,Low,27,At Risk,1,Churned,8.99
e001f24e-444b-4781-84bf-a90a3b374710,26,26-35,Female,Africa,Laptop,Basic,8.99,107.88,PayPal,2,Horror,11.36,0.49,Medium,22,At Risk,0,Retained,0.0
83913311-e86f-4750-98dc-e9d4bf78e544,47,46-55,Other,South America,Tablet,Standard,13.99,167.88,PayPal,2,Romance,19.9,0.62,High,31,At Risk,0,Retained,0.0
463a6397-5c89-4ad4-8d08-f9c6e3081f25,66,56+,Other,Asia,Mobile,Standard,13.99,167.88,Gift Card,5,Sci-Fi,4.41,0.09,Low,48,At Risk,1,Churned,13.99
7dae8155-8114-4ead-acab-712cdb9fecda,36,36-45,Female,South America,Desktop,Standard,13.99,167.88,Crypto,5,Action,9.16,0.19,Medium,47,At Risk,1,Churned,13.99
1d0e9016-5635-4615-b5aa-defaadffcc7f,49,46-55,Male,Europe,Laptop,Standard,13.99,167.88,PayPal,5,Action,15.37,0.44,Medium,34,At Risk,0,Retained,0.0
4d84f911-ed8d-42bd-a583-924e3b9dafd8,69,56+,Female,South America,TV,Standard,13.99,167.88,PayPal,2,Drama,4.56,0.12,Low,37,At Risk,1,Churned,13.99
0a77605c-e86e-4b72-91a1-7a49969c1ac1,18,18-25,Female,Europe,Desktop,Basic,8.99,107.88,Debit Card,1,Drama,7.65,0.15,Low,49,At Risk,1,Churned,8.99
17edb2d1-c14b-4e51-a874-2f1658336201,29,26-35,Female,Africa,Tablet,Standard,13.99,167.88,Gift Card,4,Romance,6.87,0.25,Medium,27,At Risk,0,Retained,0.0
f8bef0a9-79f7-4d01-9699-f7d9ca36129b,49,46-55,Female,Asia,TV,Standard,13.99,167.88,Debit Card,4,Sci-Fi,30.07,0.86,High,34,At Risk,0,Retained,0.0
5eaaffbf-db92-48f4-88e2-6d0924f6bc9c,20,18-25,Other,Asia,Laptop,Premium,17.99,215.88,Credit Card,5,Comedy,25.68,6.42,High,3,Active,0,Retained,0.0
b2ec2304-01bd-4336-8a61-f0b0abbba0db,70,56+,Male,Asia,Laptop,Basic,8.99,107.88,PayPal,3,Romance,2.22,0.17,Medium,12,Active,1,Churned,8.99
1a3b4d35-f6d2-4645-a156-55305464e7ae,26,26-35,Male,South America,Tablet,Premium,17.99,215.88,Credit Card,4,Action,13.17,0.35,Medium,37,At Risk,0,Retained,0.0
9eec9d5c-6e0e-4796-b55f-75b8b68180b4,65,56+,Female,Oceania,Laptop,Standard,13.99,167.88,Crypto,5,Comedy,13.88,0.24,Medium,57,At Risk,1,Churned,13.99
5f426a25-b218-474f-8d86-484cb97d3a29,53,46-55,Other,Asia,Laptop,Standard,13.99,167.88,Credit Card,3,Documentary,1.55,0.05,Low,30,At Risk,1,Churned,13.99
c40c9949-8c3e-4002-9ad3-3e98abf9d759,33,26-35,Other,North America,Desktop,Standard,13.99,167.88,Crypto,4,Action,11.4,0.27,Medium,42,At Risk,1,Churned,13.99
629cdfb3-3b30-4a6d-8112-8a323da83e34,33,26-35,Male,Europe,Desktop,Standard,13.99,167.88,Gift Card,2,Documentary,6.6,0.12,Low,55,At Risk,1,Churned,13.99
9e095556-c0fe-4ebd-9e42-00fdbd49a5e6,19,18-25,Female,Europe,TV,Premium,17.99,215.88,Crypto,5,Drama,8.29,0.29,Medium,28,At Risk,0,Retained,0.0
54c05598-365d-4f0a-9053-47c773d60fb0,58,56+,Male,Africa,Tablet,Standard,13.99,167.88,Credit Card,1,Romance,4.38,0.17,Medium,25,At Risk,1,Churned,13.99
33b1d71a-a301-4ff5-b31e-e0ae15703dc6,63,56+,Other,Europe,Laptop,Basic,8.99,107.88,Credit Card,4,Romance,14.16,0.31,Medium,45,At Risk,1,Churned,8.99
a7e66b70-b8a9-466c-83c2-28f7ee12b1f5,50,46-55,Female,South America,Tablet,Standard,13.99,167.88,Credit Card,1,Action,23.31,3.88,High,5,Active,0,Retained,0.0
23738ea6-6051-407f-b134-54b5abf97c76,43,36-45,Other,Europe,TV,Premium,17.99,215.88,Crypto,3,Documentary,4.96,0.14,Low,34,At Risk,1,Churned,17.99
127c0924-f08c-4b58-826e-eaba5d7e5684,46,46-55,Male,Europe,Desktop,Standard,13.99,167.88,Credit Card,2,Sci-Fi,18.14,0.39,Medium,45,At Risk,1,Churned,13.99
5db3f1f4-2a78-4905-a404-38b184a190d4,19,18-25,Other,Europe,Laptop,Basic,8.99,107.88,Credit Card,3,Drama,4.42,4.42,High,0,Active,0,Retained,0.0
ca048e28-c4a0-423c-abe2-a0da5ead69a1,64,56+,Other,South America,Mobile,Standard,13.99,167.88,Credit Card,5,Romance,19.87,0.47,Medium,41,At Risk,0,Retained,0.0
ece55bb3-fc9a-4a30-92b0-fb95a55aec51,59,56+,Male,North America,Desktop,Standard,13.99,167.88,Debit Card,1,Documentary,25.89,0.44,Medium,58,At Risk,0,Retained,0.0
2f262b29-6001-432d-9f5c-0f6558826627,66,56+,Other,Africa,Laptop,Premium,17.99,215.88,Crypto,5,Action,51.07,5.11,High,9,Active,0,Retained,0.0
bc7703f4-a5d9-4d99-955e-158eb11751ef,51,46-55,Female,Europe,Tablet,Premium,17.99,215.88,Credit Card,2,Drama,3.89,1.95,High,1,Active,0,Retained,0.0
9253a50a-fd90-4a43-a419-1a8725cdaaad,27,26-35,Other,Asia,Mobile,Standard,13.99,167.88,Crypto,3,Drama,10.69,2.14,High,4,Active,0,Retained,0.0
6dd30fa8-e9be-4ba1-831d-ec479489390d,60,56+,Female,Asia,Laptop,Standard,13.99,167.88,Credit Card,2,Romance,1.13,0.09,Low,12,Active,1,Churned,13.99
0f3aff18-a29f-48d1-96fd-3dce25aa3f30,41,36-45,Female,North America,Mobile,Basic,8.99,107.88,Crypto,2,Documentary,23.74,2.64,High,8,Active,0,Retained,0.0
b2ac1325-4f88-49f8-b626-c339c8a839b8,37,36-45,Other,Oceania,Desktop,Premium,17.99,215.88,PayPal,4,Documentary,11.15,0.18,Medium,60,At Risk,0,Retained,0.0
2cea2e6f-6ac0-451e-bc97-28c032b6431b,26,26-35,Female,South America,Tablet,Premium,17.99,215.88,Crypto,2,Sci-Fi,2.92,0.09,Low,32,At Risk,1,Churned,17.99
daba8bad-2131-40db-9fa3-467c7da43703,69,56+,Other,Europe,TV,Premium,17.99,215.88,Credit Card,3,Romance,13.61,2.27,High,5,Active,0,Retained,0.0
ad2be0d3-7744-43bd-b4b8-5b61799756a1,42,36-45,Other,Africa,TV,Basic,8.99,107.88,Gift Card,1,Documentary,2.65,0.09,Low,30,At Risk,1,Churned,8.99
2e6ffbc2-aaf8-41c1-9d30-47ae9260fb4b,19,18-25,Female,Europe,Tablet,Premium,17.99,215.88,Debit Card,4,Drama,7.43,0.68,High,10,Active,0,Retained,0.0
13fc0db0-35b8-4902-a770-11a2aade369d,61,56+,Male,Europe,Laptop,Standard,13.99,167.88,Debit Card,1,Horror,5.61,0.1,Low,56,At Risk,1,Churned,13.99
286e9bc1-b9d2-4d4d-9b46-8f823a170139,34,26-35,Female,Asia,Mobile,Standard,13.99,167.88,Gift Card,1,Comedy,0.32,0.01,Low,58,At Risk,1,Churned,13.99
a9bac7bd-9fb2-43cc-b170-fb3a6c9772f7,68,56+,Other,Asia,Tablet,Standard,13.99,167.88,Credit Card,2,Romance,12.66,1.58,High,7,Active,0,Retained,0.0
6e498648-f7cf-4fd0-9315-df66b413fba8,32,26-35,Female,North America,Desktop,Basic,8.99,107.88,Crypto,5,Action,8.94,1.28,High,6,Active,0,Retained,0.0
0acb8995-d92d-46a1-b80a-2c5d7fac4df3,21,18-25,Male,South America,Mobile,Basic,8.99,107.88,Debit Card,2,Action,11.25,0.19,Medium,59,At Risk,1,Churned,8.99
b81c524a-a1a3-4047-a9ca-a656564f9ad2,24,18-25,Other,Europe,TV,Premium,17.99,215.88,PayPal,1,Romance,14.15,0.24,Medium,58,At Risk,1,Churned,17.99
8c722fa9-57be-4fa0-a466-f43e61d35f94,55,46-55,Male,South America,Desktop,Premium,17.99,215.88,Debit Card,1,Sci-Fi,0.44,0.01,Low,45,At Risk,1,Churned,17.99
67261644-d5d8-4867-a359-22d606e2dcc9,65,56+,Male,Asia,Mobile,Standard,13.99,167.88,Gift Card,4,Sci-Fi,4.05,0.09,Low,45,At Risk,1,Churned,13.99
3cbf2873-561b-4ef3-a946-fc8693dab3bc,25,18-25,Other,Africa,Desktop,Standard,13.99,167.88,PayPal,2,Horror,18.23,0.68,High,26,At Risk,0,Retained,0.0
d021c19c-289d-44b2-959c-bb3231f5f23a,63,56+,Female,Europe,Tablet,Standard,13.99,167.88,Crypto,4,Action,6.42,0.36,Medium,17,Active,0,Retained,0.0
d73ea6c0-c6a3-43ef-b4df-34d432f0295f,56,56+,Female,Asia,Tablet,Premium,17.99,215.88,Credit Card,3,Comedy,14.39,0.37,Medium,38,At Risk,1,Churned,17.99
9ab55bb5-1957-46a6-8472-d26b2fda624a,47,46-55,Other,North America,Mobile,Basic,8.99,107.88,Crypto,4,Action,13.22,1.47,High,8,Active,0,Retained,0.0
7492f32f-8c97-4a80-81ad-78749329c8f3,29,26-35,Female,Asia,Desktop,Standard,13.99,167.88,PayPal,5,Horror,1.12,0.02,Low,60,At Risk,1,Churned,13.99
d9ea07b7-ffa7-4165-8d37-04fdfe0fd5fa,52,46-55,Female,North America,Laptop,Standard,13.99,167.88,Gift Card,2,Action,8.45,0.29,Medium,28,At Risk,0,Retained,0.0
ad0caecf-9b95-4921-8a81-7bb311564c2a,26,26-35,Male,South America,TV,Standard,13.99,167.88,Credit Card,2,Action,0.89,0.03,Low,25,At Risk,1,Churned,13.99
5b2ec7eb-5ee5-4b1a-a409-88f9b0dba73e,39,36-45,Female,Africa,Tablet,Premium,17.99,215.88,PayPal,2,Action,7.21,0.17,Medium,42,At Risk,1,Churned,17.99
9fa65636-ca49-40ef-bd85-85dac00a0612,46,46-55,Other,North America,Tablet,Standard,13.99,167.88,Crypto,4,Horror,40.93,1.02,High,39,At Risk,0,Retained,0.0
f916f25f-2303-4145-af99-99a0b8e8de5b,22,18-25,Male,South America,Mobile,Basic,8.99,107.88,Gift Card,3,Sci-Fi,0.75,0.07,Low,10,Active,1,Churned,8.99
37b1f7e9-731b-45f0-8b64-0019780a7c3c,36,36-45,Male,Africa,Mobile,Premium,17.99,215.88,Crypto,2,Sci-Fi,25.23,0.47,Medium,53,At Risk,0,Retained,0.0
0c65fd72-9e3b-4033-99ed-4397ccf9346f,40,36-45,Other,Africa,Tablet,Basic,8.99,107.88,PayPal,5,Action,4.68,0.18,Medium,25,At Risk,1,Churned,8.99
9212f1ee-8fcc-49de-9379-496677369ec0,29,26-35,Male,South America,Desktop,Standard,13.99,167.88,Debit Card,4,Romance,35.97,3.27,High,10,Active,0,Retained,0.0
245a68d0-ff48-4300-8fd9-94cc361e02c9,53,46-55,Female,Oceania,Desktop,Standard,13.99,167.88,Gift Card,4,Documentary,6.2,1.03,High,5,Active,0,Retained,0.0
88d0c4cb-a32d-45df-b849-536859b8ba10,43,36-45,Other,Europe,Tablet,Standard,13.99,167.88,Debit Card,4,Comedy,13.53,0.85,High,15,Active,0,Retained,0.0
9b18d52f-d169-4ac0-aae9-840d5b8fd937,40,36-45,Female,South America,Desktop,Premium,17.99,215.88,Gift Card,5,Horror,0.17,0.0,Low,58,At Risk,1,Churned,17.99
85f3c893-5cb4-402f-893a-563686a5a644,40,36-45,Female,Europe,TV,Premium,17.99,215.88,Debit Card,3,Romance,30.61,0.85,High,35,At Risk,0,Retained,0.0
ff5354ce-5deb-4dc4-8d39-a68c03938af3,69,56+,Female,Europe,Laptop,Standard,13.99,167.88,Crypto,2,Horror,4.53,0.27,Medium,16,Active,1,Churned,13.99
e60d2e98-1236-4d67-aa6c-b5b3ca28e7a0,29,26-35,Male,Europe,Desktop,Basic,8.99,107.88,Credit Card,2,Documentary,14.23,2.85,High,4,Active,0,Retained,0.0
d6dbab58-a030-43a9-9873-06b044b65052,24,18-25,Female,South America,Laptop,Premium,17.99,215.88,Gift Card,3,Horror,42.14,4.68,High,8,Active,0,Retained,0.0
f290c3ba-8bc9-48c3-8b9f-d4c878f405fa,59,56+,Male,Asia,Tablet,Standard,13.99,167.88,Debit Card,2,Action,2.41,0.48,Medium,4,Active,0,Retained,0.0
a12e71fd-b9d2-4a9f-aa23-ec9901dd1fc3,51,46-55,Other,Europe,TV,Standard,13.99,167.88,PayPal,3,Horror,10.19,0.44,Medium,22,At Risk,0,Retained,0.0
44bf9ce1-bd7d-40f8-a16c-abce926888ae,40,36-45,Other,North America,Desktop,Premium,17.99,215.88,Crypto,3,Action,4.13,0.07,Low,58,At Risk,1,Churned,17.99
10b310c8-dca5-4bbc-a54e-696beba345f2,19,18-25,Male,Africa,Mobile,Standard,13.99,167.88,Crypto,1,Drama,6.08,0.14,Low,44,At Risk,1,Churned,13.99
38d1c68c-e901-4446-a303-9ea123048b89,52,46-55,Male,North America,TV,Premium,17.99,215.88,Crypto,4,Sci-Fi,33.13,1.18,High,27,At Risk,0,Retained,0.0
795a4e3f-5b2a-4d74-94c7-0879c68f7140,20,18-25,Male,Asia,TV,Standard,13.99,167.88,Gift Card,4,Documentary,5.06,0.19,Medium,25,At Risk,0,Retained,0.0
5eb42c33-ba38-441a-8c46-55726449543b,26,26-35,Female,North America,Tablet,Standard,13.99,167.88,Crypto,5,Action,11.7,1.46,High,7,Active,0,Retained,0.0
6bbbd9ca-d3d6-443d-aed6-a5c6d9a6aa03,66,56+,Male,Asia,TV,Basic,8.99,107.88,Debit Card,2,Sci-Fi,7.0,0.17,Medium,39,At Risk,1,Churned,8.99
7c517774-77b3-4c4c-acb6-8d338fcb3a6f,48,46-55,Other,North America,Desktop,Basic,8.99,107.88,Gift Card,5,Comedy,21.91,0.41,Medium,52,At Risk,1,Churned,8.99
3485b497-ec38-4c7f-abdb-05c2bad0e25b,56,56+,Female,Europe,TV,Standard,13.99,167.88,Crypto,1,Comedy,21.44,0.45,Medium,47,At Risk,1,Churned,13.99
4b02c88c-a29d-46c6-aa87-2dae9f140e4e,52,46-55,Male,Oceania,Desktop,Standard,13.99,167.88,Gift Card,2,Comedy,0.33,0.02,Low,14,Active,1,Churned,13.99
1f0e4cc1-431d-4fbe-89ca-3bd42241cd29,28,26-35,Other,Asia,Mobile,Standard,13.99,167.88,Crypto,2,Romance,2.06,0.03,Low,59,At Risk,1,Churned,13.99
2a059484-209d-4e60-8329-4344aac42bbb,26,26-35,Female,Europe,Laptop,Basic,8.99,107.88,Credit Card,4,Drama,11.07,0.2,Medium,54,At Risk,1,Churned,8.99
1ee12cc7-48c9-452c-83d0-aaf89ee786ff,50,46-55,Male,North America,TV,Standard,13.99,167.88,Gift Card,2,Drama,15.65,0.56,High,27,At Risk,0,Retained,0.0
2fb99e15-5e31-4f4e-acaa-78dc5da4b8bf,49,46-55,Female,Asia,Desktop,Standard,13.99,167.88,Crypto,4,Documentary,5.21,0.15,Low,33,At Risk,1,Churned,13.99
75609f51-5ee6-4cac-ad28-a3821e94554e,37,36-45,Female,Europe,Tablet,Basic,8.99,107.88,Gift Card,4,Romance,4.69,0.18,Medium,25,At Risk,1,Churned,8.99
f33d248f-0bb4-4189-919e-61f1a239d69e,38,36-45,Male,Africa,Laptop,Premium,17.99,215.88,Debit Card,4,Documentary,2.24,0.04,Low,58,At Risk,1,Churned,17.99
43cb53f5-d22c-4cb2-ae1c-879ffabb8b97,62,56+,Female,Asia,TV,Standard,13.99,167.88,PayPal,4,Romance,26.88,0.48,Medium,55,At Risk,0,Retained,0.0
85629d48-5eda-4610-b233-c4e4d562c796,63,56+,Female,Oceania,Tablet,Standard,13.99,167.88,Gift Card,3,Horror,2.84,0.15,Low,18,Active,1,Churned,13.99
207f99b4-fa1e-4ed8-ad8e-7fb58d76e1aa,26,26-35,Other,North America,TV,Basic,8.99,107.88,Credit Card,1,Drama,9.97,0.26,Medium,37,At Risk,1,Churned,8.99
39319e9d-faad-4026-bac4-4270b7853cd0,40,36-45,Male,Africa,Laptop,Premium,17.99,215.88,Crypto,4,Drama,46.29,1.71,High,26,At Risk,0,Retained,0.0
a5c028fb-e6fd-43ab-a87c-bd591558b580,68,56+,Male,Europe,TV,Premium,17.99,215.88,Crypto,5,Action,9.36,0.58,High,15,Active,0,Retained,0.0
1a19714f-fc3f-4023-8006-84d562378a9b,23,18-25,Female,Europe,Tablet,Standard,13.99,167.88,PayPal,1,Action,0.89,0.05,Low,18,Active,1,Churned,13.99
96506b65-616a-497c-a3e4-888b830db1c3,31,26-35,Other,Europe,Laptop,Standard,13.99,167.88,PayPal,1,Comedy,1.17,0.03,Low,36,At Risk,1,Churned,13.99
2d7ebb9d-93bb-495c-80de-4346c8a4cbee,47,46-55,Male,South America,Mobile,Basic,8.99,107.88,Credit Card,1,Sci-Fi,1.25,0.03,Low,44,At Risk,1,Churned,8.99
9d34ab95-164d-4c46-8f82-38b03ea4a17f,67,56+,Male,South America,Desktop,Premium,17.99,215.88,Crypto,3,Comedy,13.19,0.24,Medium,55,At Risk,1,Churned,17.99
025f67d8-5ff0-4e79-9463-ec829fec6755,63,56+,Other,Asia,Tablet,Basic,8.99,107.88,Debit Card,5,Comedy,1.25,0.31,Medium,3,Active,1,Churned,8.99
72795539-6b5f-4f9a-8105-7f15dba34e9d,59,56+,Female,North America,TV,Basic,8.99,107.88,Credit Card,2,Comedy,1.2,0.04,Low,32,At Risk,1,Churned,8.99
610b1d2e-92ab-4c35-868a-3227a0e36ba5,34,26-35,Male,South America,Desktop,Standard,13.99,167.88,Debit Card,1,Sci-Fi,7.38,0.27,Medium,26,At Risk,0,Retained,0.0
7b2c7b95-8650-4966-80b5-50bcedc9ef73,35,26-35,Female,Asia,Tablet,Premium,17.99,215.88,Crypto,3,Romance,3.59,0.07,Low,53,At Risk,1,Churned,17.99
2ce755db-5314-4c64-b00b-ad8c71df90f8,21,18-25,Female,South America,Mobile,Standard,13.99,167.88,Crypto,1,Horror,4.17,0.11,Low,38,At Risk,1,Churned,13.99
905edc2c-831c-4d3a-90e1-c80fd7f63a97,29,26-35,Female,North America,Tablet,Premium,17.99,215.88,Credit Card,1,Sci-Fi,15.26,0.31,Medium,49,At Risk,1,Churned,17.99
b3210d44-92c1-40ad-b881-b560dda637c1,55,46-55,Male,Asia,TV,Standard,13.99,167.88,Debit Card,4,Sci-Fi,2.7,0.08,Low,31,At Risk,1,Churned,13.99
9e87210e-05ee-4e33-9e89-9cd544cf9a4e,51,46-55,Female,Asia,TV,Premium,17.99,215.88,Gift Card,1,Horror,3.82,0.11,Low,34,At Risk,1,Churned,17.99
6380741d-7d1c-4c91-8df5-cb4db02fbac7,23,18-25,Male,North America,Mobile,Basic,8.99,107.88,Credit Card,4,Sci-Fi,6.7,0.14,Low,48,At Risk,1,Churned,8.99
67f97be2-f7bd-4fe4-b6f9-5b5f3fd1da4c,63,56+,Female,South America,Desktop,Standard,13.99,167.88,Credit Card,4,Horror,12.08,0.67,High,17,Active,0,Retained,0.0
3b02d521-586b-4e03-88dc-a0e6f9d01eda,42,36-45,Other,South America,Tablet,Premium,17.99,215.88,PayPal,5,Drama,10.89,0.34,Medium,31,At Risk,0,Retained,0.0
053a53a2-0627-432e-b93b-ae6465d32095,51,46-55,Other,South America,Laptop,Standard,13.99,167.88,Credit Card,5,Romance,1.23,0.25,Medium,4,Active,0,Retained,0.0
a2e3e19d-086e-4e27-9fcd-4677c429156f,20,18-25,Male,Asia,Laptop,Basic,8.99,107.88,PayPal,3,Drama,0.76,0.03,Low,28,At Risk,1,Churned,8.99
559d5073-6ed9-4e7a-ab5c-4cabe918406b,26,26-35,Male,South America,Mobile,Premium,17.99,215.88,Gift Card,2,Drama,6.15,0.14,Low,42,At Risk,1,Churned,17.99
6be63f37-9c93-4781-b9d3-ee6e4170a2c5,50,46-55,Female,Asia,Desktop,Basic,8.99,107.88,Crypto,1,Sci-Fi,6.01,0.14,Low,43,At Risk,1,Churned,8.99
0ba4451f-8bef-4373-99e9-338665b1faaf,60,56+,Other,North America,Mobile,Standard,13.99,167.88,PayPal,3,Sci-Fi,82.61,2.43,High,33,At Risk,0,Retained,0.0
d4a3ccb8-d383-49aa-8b56-259c70e96ec1,50,46-55,Female,Oceania,Mobile,Standard,13.99,167.88,PayPal,5,Action,8.21,0.36,Medium,22,At Risk,0,Retained,0.0
1b5e5fe1-2e6d-44d7-9a7c-e5bccbfe2c6d,53,46-55,Other,Europe,Desktop,Basic,8.99,107.88,Credit Card,1,Sci-Fi,11.01,0.24,Medium,44,At Risk,1,Churned,8.99
febcc30f-5bb3-4977-ba96-f546920d93c9,55,46-55,Other,South America,Laptop,Basic,8.99,107.88,Debit Card,5,Horror,0.21,0.01,Low,34,At Risk,1,Churned,8.99
362b51e7-e0eb-49f2-aa16-2e94b8062820,34,26-35,Male,North America,Desktop,Standard,13.99,167.88,Debit Card,5,Action,1.22,0.12,Low,9,Active,0,Retained,0.0
759ff976-7636-4958-8a91-acb48aa80dfe,49,46-55,Female,Oceania,TV,Basic,8.99,107.88,PayPal,5,Sci-Fi,9.81,0.25,Medium,39,At Risk,1,Churned,8.99
33522bd5-ca92-4999-9077-ded7f2fb1e49,55,46-55,Other,Asia,Tablet,Premium,17.99,215.88,Debit Card,5,Sci-Fi,3.15,0.06,Low,51,At Risk,1,Churned,17.99
32d86b8c-cf94-4d2e-9963-baae45c6b1ea,61,56+,Male,South America,Laptop,Basic,8.99,107.88,PayPal,5,Romance,1.1,0.37,Medium,2,Active,1,Churned,8.99
b58920d7-b06e-4602-8f17-6351acee76bb,33,26-35,Female,South America,Desktop,Standard,13.99,167.88,PayPal,1,Action,32.18,1.07,High,29,At Risk,0,Retained,0.0
40426e9f-3686-43a6-b231-f0d6d435df43,34,26-35,Male,Europe,Desktop,Premium,17.99,215.88,Gift Card,1,Sci-Fi,3.58,0.72,High,4,Active,0,Retained,0.0
34ce66fa-96d9-43d5-a840-7d0f624e6686,69,56+,Male,Europe,Mobile,Basic,8.99,107.88,PayPal,2,Action,1.07,0.02,Low,47,At Risk,1,Churned,8.99
9ae7d36b-12f9-4d0d-a13e-dbade0db9f8e,59,56+,Male,Oceania,Laptop,Standard,13.99,167.88,Crypto,2,Horror,14.46,0.5,Medium,28,At Risk,0,Retained,0.0
06571e46-9baa-43e8-a233-e03930636b84,59,56+,Female,Africa,Tablet,Basic,8.99,107.88,Crypto,1,Comedy,2.44,0.04,Low,55,At Risk,1,Churned,8.99
3fd709e6-3919-422b-a31f-5d087936d68b,21,18-25,Other,Europe,Desktop,Premium,17.99,215.88,Crypto,4,Documentary,6.14,0.77,High,7,Active,0,Retained,0.0
8701ef59-597f-4cb4-abf3-c2fac543e7e4,58,56+,Other,Oceania,Laptop,Premium,17.99,215.88,Credit Card,4,Romance,12.9,0.33,Medium,38,At Risk,0,Retained,0.0
cd226887-22a7-4f48-ab87-03e7b874b9cb,20,18-25,Other,Asia,TV,Standard,13.99,167.88,Credit Card,3,Comedy,5.31,0.2,Medium,25,At Risk,0,Retained,0.0
2eba8457-300a-470e-add1-a90f68e6b02a,31,26-35,Other,North America,TV,Basic,8.99,107.88,Credit Card,2,Romance,2.36,0.05,Low,46,At Risk,1,Churned,8.99
115385ba-4d05-41c3-8437-4c6892265daa,69,56+,Male,Oceania,TV,Premium,17.99,215.88,Gift Card,1,Sci-Fi,0.24,0.01,Low,20,Active,1,Churned,17.99
d42b27cf-7d96-4bd9-8752-2a3e2dbc0def,68,56+,Male,Asia,TV,Premium,17.99,215.88,PayPal,4,Horror,18.88,0.54,High,34,At Risk,0,Retained,0.0
64c6a3d1-570a-4835-9f8a-295e5f4f5607,32,26-35,Female,Asia,Laptop,Standard,13.99,167.88,PayPal,1,Drama,11.47,2.29,High,4,Active,0,Retained,0.0
1ab284de-6a45-4a1e-bccb-f31c7e8304b9,67,56+,Other,South America,TV,Premium,17.99,215.88,Gift Card,3,Documentary,8.28,0.14,Low,59,At Risk,1,Churned,17.99
3da7720a-a9fb-48f9-835c-45d6eba9a95c,19,18-25,Male,Africa,Laptop,Premium,17.99,215.88,Gift Card,3,Drama,29.48,0.48,Medium,60,At Risk,0,Retained,0.0
501815fc-7cd1-4680-8c34-93a69e69f7eb,37,36-45,Male,Oceania,Desktop,Standard,13.99,167.88,Crypto,5,Action,8.39,0.93,High,8,Active,0,Retained,0.0
8a86d03a-5e09-42ff-bd95-e5195e959450,35,26-35,Female,Europe,Desktop,Premium,17.99,215.88,Debit Card,1,Drama,26.28,1.09,High,23,At Risk,0,Retained,0.0
9aaa979e-72ef-477c-b2ea-e1e373a1533e,51,46-55,Male,Asia,Laptop,Premium,17.99,215.88,Credit Card,3,Sci-Fi,3.79,1.26,High,2,Active,0,Retained,0.0
dcf5f39e-43d4-4d3e-bd9a-217b4ef016b8,37,36-45,Male,Africa,Desktop,Basic,8.99,107.88,PayPal,3,Drama,37.37,0.71,High,52,At Risk,0,Retained,0.0
193ff2d8-d842-4028-837d-b13263e2f08f,60,56+,Female,South America,Desktop,Basic,8.99,107.88,Crypto,2,Comedy,21.66,1.8,High,11,Active,0,Retained,0.0
8798f187-18cb-42aa-a3bf-698dfd72a880,45,36-45,Female,Africa,Desktop,Premium,17.99,215.88,Crypto,3,Horror,3.45,0.86,High,3,Active,0,Retained,0.0
81ff625a-3b7d-4d84-8a40-c0e42881eab7,44,36-45,Male,South America,Mobile,Basic,8.99,107.88,PayPal,2,Comedy,19.82,0.45,Medium,43,At Risk,1,Churned,8.99
af59c21c-5c00-4051-b1a8-96b84b8c46be,26,26-35,Female,Oceania,Mobile,Premium,17.99,215.88,Gift Card,4,Sci-Fi,4.78,0.25,Medium,18,Active,1,Churned,17.99
25af57e2-b956-4155-bf4c-3d7687b5d3b8,69,56+,Other,South America,Tablet,Premium,17.99,215.88,Crypto,4,Documentary,32.54,0.71,High,45,At Risk,0,Retained,0.0
4fc64b59-3f7e-4560-b434-027440fd4e30,18,18-25,Other,North America,Laptop,Standard,13.99,167.88,Debit Card,3,Documentary,4.64,0.21,Medium,21,At Risk,1,Churned,13.99
e8dd552e-5b29-4c98-b499-ac4be92ea012,33,26-35,Male,Europe,Mobile,Standard,13.99,167.88,Crypto,3,Drama,2.71,0.12,Low,22,At Risk,1,Churned,13.99
2a0d5401-4f2f-49e7-811e-f0ea4fe51a48,39,36-45,Male,North America,Laptop,Basic,8.99,107.88,Debit Card,3,Action,22.24,0.46,Medium,47,At Risk,1,Churned,8.99
1feead91-6d5b-4113-84f7-8a01c3112fa4,22,18-25,Male,Oceania,TV,Standard,13.99,167.88,PayPal,2,Sci-Fi,13.78,13.78,High,0,Active,0,Retained,0.0
5508c3b7-0927-40eb-9e4f-b9fed144ab44,62,56+,Female,Europe,Tablet,Basic,8.99,107.88,Gift Card,5,Horror,5.64,0.15,Low,36,At Risk,1,Churned,8.99
47fe2c0b-aac3-4406-9d6f-fac41aa6ef9b,32,26-35,Other,Europe,Desktop,Basic,8.99,107.88,Credit Card,1,Horror,41.97,1.2,High,34,At Risk,0,Retained,0.0
ec4b1929-7af9-4042-af0d-580378d7fd70,64,56+,Male,Africa,TV,Premium,17.99,215.88,PayPal,5,Horror,0.01,0.0,Low,16,Active,0,Retained,0.0
b81d84e9-720c-4ebf-88d1-76fb220fec64,58,56+,Male,North America,TV,Premium,17.99,215.88,Gift Card,4,Romance,2.83,0.05,Low,58,At Risk,1,Churned,17.99
dc750f45-8d0f-4d97-9c14-5f2c12b388df,35,26-35,Male,Africa,Tablet,Premium,17.99,215.88,Debit Card,4,Comedy,9.29,0.44,Medium,20,Active,0,Retained,0.0
35183e0c-9d34-4de7-8e56-c02d8150d52a,59,56+,Female,Asia,Tablet,Standard,13.99,167.88,PayPal,1,Comedy,30.59,0.81,High,37,At Risk,0,Retained,0.0
ea0ee4eb-bc26-492d-a755-e024bd41fc86,33,26-35,Male,Africa,TV,Premium,17.99,215.88,PayPal,4,Comedy,12.28,0.28,Medium,43,At Risk,0,Retained,0.0
e68ca7ad-262c-4faa-8f72-31acf9b3520c,60,56+,Female,North America,TV,Premium,17.99,215.88,Crypto,2,Comedy,3.92,0.49,Medium,7,Active,1,Churned,17.99
5cbb9981-6f2d-424f-af91-af52901b2f54,65,56+,Female,South America,Tablet,Basic,8.99,107.88,Credit Card,5,Romance,4.12,0.41,Medium,9,Active,1,Churned,8.99
c7d5fd94-65a7-44d0-9950-cbd4a81baefc,49,46-55,Male,North America,Mobile,Standard,13.99,167.88,Gift Card,3,Comedy,24.88,0.67,High,36,At Risk,0,Retained,0.0
5ff73d3c-2fab-46f6-9b67-48982872780e,25,18-25,Male,Africa,TV,Premium,17.99,215.88,PayPal,5,Documentary,12.73,0.21,Medium,59,At Risk,0,Retained,0.0
1d278ed7-0ab6-4012-8ab9-58513b6242e1,46,46-55,Other,Europe,Laptop,Premium,17.99,215.88,Debit Card,2,Action,2.98,0.23,Medium,12,Active,1,Churned,17.99
37371173-515b-475e-afc8-832445a40a2a,19,18-25,Male,South America,Desktop,Premium,17.99,215.88,PayPal,3,Drama,17.42,0.42,Medium,40,At Risk,1,Churned,17.99
175442f3-3430-402e-8032-bd875f2163c2,47,46-55,Male,South America,Desktop,Standard,13.99,167.88,Crypto,5,Action,3.71,0.07,Low,54,At Risk,1,Churned,13.99
74c58c56-4bbd-4e7c-8ff9-1853e03f0e7b,51,46-55,Other,Europe,TV,Basic,8.99,107.88,Credit Card,1,Documentary,8.34,0.25,Medium,33,At Risk,1,Churned,8.99
1367ea74-884b-4db8-b4be-43a00413f280,32,26-35,Female,Europe,Mobile,Standard,13.99,167.88,PayPal,4,Action,5.93,0.14,Low,41,At Risk,0,Retained,0.0
b5632911-eebb-4df5-98e5-68ba421fee57,59,56+,Female,North America,Tablet,Basic,8.99,107.88,PayPal,3,Comedy,19.32,0.52,High,36,At Risk,1,Churned,8.99
10b6a948-69ee-4074-8e15-c15ce0304f8f,64,56+,Female,North America,Tablet,Standard,13.99,167.88,Debit Card,4,Romance,8.53,0.17,Medium,48,At Risk,0,Retained,0.0
05cc6f25-3ad7-48e3-b37d-cd542f0facd8,29,26-35,Female,North America,Mobile,Standard,13.99,167.88,Gift Card,3,Sci-Fi,6.13,0.61,High,9,Active,0,Retained,0.0
1170be2f-64e5-4819-856d-961cd44a38d4,57,56+,Male,South America,Laptop,Basic,8.99,107.88,Debit Card,1,Action,4.35,0.11,Low,39,At Risk,1,Churned,8.99
c6a8e5fa-5432-47ce-b361-ae6096451a27,49,46-55,Other,North America,TV,Basic,8.99,107.88,PayPal,5,Comedy,76.16,5.44,High,13,Active,0,Retained,0.0
ec9db0f2-3043-427d-a332-28ec111524de,65,56+,Female,Europe,Mobile,Basic,8.99,107.88,Gift Card,3,Horror,2.39,0.09,Low,26,At Risk,1,Churned,8.99
2773e85d-c7cf-4a74-885e-e2f0d15c50f5,21,18-25,Female,Oceania,Tablet,Premium,17.99,215.88,Debit Card,2,Comedy,5.25,0.1,Low,53,At Risk,1,Churned,17.99
82f97023-7abf-4356-9b04-437f708c843a,66,56+,Other,Asia,Desktop,Standard,13.99,167.88,Gift Card,5,Sci-Fi,16.52,0.29,Medium,56,At Risk,1,Churned,13.99
7cdbbdf7-d057-4b7f-b595-38a19016ad63,69,56+,Other,Oceania,Tablet,Standard,13.99,167.88,PayPal,3,Drama,8.57,0.21,Medium,40,At Risk,1,Churned,13.99
7d6adea2-0428-4b69-b74a-83be5a20dcdd,38,36-45,Female,Africa,Mobile,Standard,13.99,167.88,Debit Card,3,Drama,1.69,0.13,Low,12,Active,1,Churned,13.99
58c2d13e-80d1-4d13-ba1b-c10fdb76845d,63,56+,Female,Europe,Mobile,Basic,8.99,107.88,PayPal,3,Comedy,15.81,1.58,High,9,Active,0,Retained,0.0
fd0bbc67-8b8e-4ced-ae4b-67e27c0e854e,31,26-35,Male,Europe,Laptop,Premium,17.99,215.88,Debit Card,3,Sci-Fi,5.04,0.17,Medium,28,At Risk,0,Retained,0.0
0b3ee497-e62e-42de-907d-169ab8c05e41,42,36-45,Male,Europe,Desktop,Premium,17.99,215.88,Gift Card,2,Comedy,2.81,0.09,Low,32,At Risk,1,Churned,17.99
578a0a90-3fed-4c72-ba24-bb08903f1d4e,48,46-55,Male,Europe,Mobile,Premium,17.99,215.88,Credit Card,1,Action,19.56,0.33,Medium,58,At Risk,1,Churned,17.99
7a9a43fb-a99f-4468-a7df-8b037e5723d7,67,56+,Female,South America,TV,Standard,13.99,167.88,Gift Card,5,Romance,10.88,0.35,Medium,30,At Risk,0,Retained,0.0
9bdf15cd-9bb1-498f-ae9f-182f09db433a,70,56+,Other,South America,TV,Basic,8.99,107.88,Gift Card,5,Comedy,5.74,0.12,Low,48,At Risk,1,Churned,8.99
c3f7aa56-f0bd-416c-8351-b4a71bb9cc03,49,46-55,Male,South America,Laptop,Premium,17.99,215.88,Crypto,1,Sci-Fi,8.49,1.06,High,7,Active,0,Retained,0.0
b21933f8-6d51-47a5-8cc3-800b518ebd77,46,46-55,Male,South America,Desktop,Standard,13.99,167.88,Debit Card,5,Sci-Fi,14.29,0.4,Medium,35,At Risk,0,Retained,0.0
816f0519-7f1f-4840-b216-b8c08471d1c9,31,26-35,Female,North America,Mobile,Premium,17.99,215.88,Debit Card,2,Documentary,9.95,1.42,High,6,Active,0,Retained,0.0
fbf49131-0d40-4538-b833-61f2853232f7,41,36-45,Female,South America,TV,Standard,13.99,167.88,PayPal,4,Romance,18.04,0.36,Medium,49,At Risk,0,Retained,0.0
fca823b8-3edd-4563-a0cf-b232af5e2b5b,62,56+,Female,Europe,Desktop,Standard,13.99,167.88,Crypto,4,Comedy,35.13,7.03,High,4,Active,0,Retained,0.0
003a0b79-bbe0-4fc3-a472-6f41163304f6,38,36-45,Female,North America,Laptop,Premium,17.99,215.88,Credit Card,4,Drama,34.08,17.04,High,1,Active,0,Retained,0.0
9df42ee9-00e2-45dc-90a7-f5111edb1dd4,45,36-45,Female,Europe,TV,Premium,17.99,215.88,Debit Card,1,Drama,17.83,0.39,Medium,45,At Risk,1,Churned,17.99
a5274505-ce99-404d-91d2-7eb2b196c891,20,18-25,Female,North America,TV,Premium,17.99,215.88,Gift Card,4,Horror,9.96,0.55,High,17,Active,0,Retained,0.0
ab0b6855-52b4-4535-bde3-ef4e0941742b,18,18-25,Male,South America,TV,Premium,17.99,215.88,Credit Card,1,Drama,23.07,2.56,High,8,Active,0,Retained,0.0
b69cfa34-4ed4-4990-91ba-4e92acf4365d,28,26-35,Female,South America,Laptop,Premium,17.99,215.88,Gift Card,2,Romance,28.72,0.7,High,40,At Risk,0,Retained,0.0
9ec86251-a006-474a-a64e-cdca8f8c125d,34,26-35,Other,North America,Desktop,Standard,13.99,167.88,PayPal,2,Comedy,26.66,0.48,Medium,55,At Risk,0,Retained,0.0
28da7e28-603e-4b58-90d9-084ffdc09314,53,46-55,Female,Oceania,Mobile,Basic,8.99,107.88,Credit Card,1,Action,0.33,0.01,Low,35,At Risk,1,Churned,8.99
168a2180-feec-4b0e-82e7-a717621851ad,56,56+,Other,Oceania,Tablet,Basic,8.99,107.88,Gift Card,4,Action,29.0,1.21,High,23,At Risk,0,Retained,0.0
66b059d7-75da-4083-ae90-baf7321930ba,29,26-35,Female,Asia,Desktop,Basic,8.99,107.88,Crypto,4,Sci-Fi,1.88,0.04,Low,46,At Risk,1,Churned,8.99
1fda63bb-9af0-4c63-b275-92e1711d8c2f,62,56+,Female,Asia,Laptop,Premium,17.99,215.88,PayPal,2,Drama,5.81,0.19,Medium,29,At Risk,0,Retained,0.0
1e5ea5bb-78d0-44d0-8ed9-1ab9ee0f5ec6,40,36-45,Male,North America,TV,Basic,8.99,107.88,Gift Card,4,Horror,23.44,0.57,High,40,At Risk,0,Retained,0.0
3e7541bd-bfd7-4c88-a7f6-bcdb0c97507a,54,46-55,Other,Africa,TV,Premium,17.99,215.88,Gift Card,4,Action,4.79,0.1,Low,49,At Risk,1,Churned,17.99
5ce962cf-4737-4fed-b993-de3e16546c74,63,56+,Female,South America,Mobile,Basic,8.99,107.88,Credit Card,1,Sci-Fi,24.97,1.04,High,23,At Risk,0,Retained,0.0
3fe2608c-c96b-44ba-9bd4-3b9815ca30a8,34,26-35,Male,North America,Mobile,Basic,8.99,107.88,PayPal,4,Sci-Fi,12.84,0.3,Medium,42,At Risk,1,Churned,8.99
0518f586-beca-4a14-89bc-b8084bcf6599,29,26-35,Female,South America,Tablet,Basic,8.99,107.88,PayPal,3,Sci-Fi,18.68,0.36,Medium,51,At Risk,1,Churned,8.99
2841bec1-e995-44c2-a8a3-461e3eb33cb6,31,26-35,Male,Europe,Tablet,Premium,17.99,215.88,Crypto,5,Horror,2.7,0.05,Low,51,At Risk,1,Churned,17.99
79834450-f52d-498e-902b-cb69d3f6c6a4,26,26-35,Female,Asia,Mobile,Premium,17.99,215.88,Crypto,3,Drama,16.27,0.46,Medium,34,At Risk,1,Churned,17.99
2efa1510-6349-40ab-8c60-5b5abec779a6,23,18-25,Male,Europe,Laptop,Premium,17.99,215.88,PayPal,1,Sci-Fi,16.01,5.34,High,2,Active,0,Retained,0.0
2adb38da-c9e8-43dc-b500-4ebdfc5187e1,45,36-45,Male,Europe,Laptop,Basic,8.99,107.88,Crypto,5,Documentary,1.98,0.04,Low,53,At Risk,1,Churned,8.99
fa4ec32f-55e7-4609-bb12-293d41b042f6,22,18-25,Male,South America,Mobile,Standard,13.99,167.88,Crypto,2,Drama,39.11,2.79,High,13,Active,0,Retained,0.0
54ef27f9-1c05-4e92-8b3d-adbaf901c73f,62,56+,Female,Asia,TV,Premium,17.99,215.88,Debit Card,2,Comedy,6.17,3.08,High,1,Active,0,Retained,0.0
6a973e51-c068-46f4-92f7-8eec5d2028cd,33,26-35,Female,Europe,Laptop,Premium,17.99,215.88,Debit Card,3,Action,14.93,1.87,High,7,Active,0,Retained,0.0
6c9531ae-10ec-45cf-99bc-971287abef2a,68,56+,Other,Europe,Mobile,Premium,17.99,215.88,Credit Card,4,Drama,25.21,0.49,Medium,50,At Risk,0,Retained,0.0
b6b5ba74-46cf-4df3-aeae-c16d3338d3e3,59,56+,Other,South America,Laptop,Premium,17.99,215.88,Debit Card,5,Action,2.45,0.05,Low,51,At Risk,1,Churned,17.99
04df6b31-22ff-4a64-b1f9-fde97eed25f8,37,36-45,Other,Africa,Desktop,Standard,13.99,167.88,Gift Card,3,Documentary,26.94,2.07,High,12,Active,0,Retained,0.0
aa9475e4-00e1-4e7c-9c1b-780632d33b3d,39,36-45,Male,Africa,Tablet,Basic,8.99,107.88,Credit Card,3,Comedy,7.67,0.27,Medium,27,At Risk,0,Retained,0.0
aa019cbc-24d5-4898-93ee-5b2f4b89ef68,47,46-55,Other,Africa,Mobile,Standard,13.99,167.88,Crypto,4,Comedy,2.11,0.08,Low,24,At Risk,1,Churned,13.99
f8b2fc02-c42f-48c0-a07b-56e4d8eb9d85,64,56+,Male,South America,Mobile,Basic,8.99,107.88,PayPal,2,Drama,22.69,0.52,High,43,At Risk,0,Retained,0.0
57e85db6-af70-499c-9d7d-c89dcc29a52d,55,46-55,Male,Asia,Mobile,Standard,13.99,167.88,Credit Card,5,Drama,0.53,0.02,Low,32,At Risk,1,Churned,13.99
86b5d63b-5dd5-4d9b-907e-ef44a55e3c9e,55,46-55,Other,Oceania,Desktop,Basic,8.99,107.88,PayPal,1,Comedy,12.26,6.13,High,1,Active,0,Retained,0.0
15e35649-01d8-4a27-849b-6aab102fce77,56,56+,Male,Asia,Mobile,Standard,13.99,167.88,Credit Card,5,Action,9.97,0.91,High,10,Active,0,Retained,0.0
5bf04dcf-b209-4833-a2b7-be6c11aa6a41,38,36-45,Female,Oceania,Laptop,Standard,13.99,167.88,Gift Card,5,Documentary,2.44,0.2,Medium,11,Active,1,Churned,13.99
3cf947ab-e2d5-43cf-8dee-e8b8566d5dee,56,56+,Other,North America,Mobile,Premium,17.99,215.88,PayPal,4,Drama,18.15,0.44,Medium,40,At Risk,0,Retained,0.0
3a5fcf0b-57a7-4e8d-8afd-7bcf84b8adc5,63,56+,Female,Europe,Desktop,Standard,13.99,167.88,Debit Card,3,Documentary,32.06,1.28,High,24,At Risk,0,Retained,0.0
61ae1e60-0d02-409b-b105-b64c3f2ecf90,38,36-45,Male,Europe,Desktop,Premium,17.99,215.88,Crypto,1,Romance,5.89,1.96,High,2,Active,0,Retained,0.0
884c5fad-a79e-457f-be31-813997b37cf6,34,26-35,Male,Europe,Tablet,Basic,8.99,107.88,Credit Card,5,Comedy,8.25,0.29,Medium,27,At Risk,0,Retained,0.0
3414e470-95a7-4043-b8ce-b7c876fa0969,33,26-35,Male,Asia,Mobile,Premium,17.99,215.88,Gift Card,3,Comedy,1.42,0.03,Low,50,At Risk,1,Churned,17.99
2a4f3f62-fb1c-4854-b2d0-8078586f0eff,43,36-45,Male,Africa,Tablet,Standard,13.99,167.88,Credit Card,5,Documentary,12.79,0.35,Medium,36,At Risk,0,Retained,0.0
6d118c34-ab50-4536-a2a2-b07a214e2343,43,36-45,Female,Oceania,Mobile,Standard,13.99,167.88,Credit Card,3,Drama,5.74,0.82,High,6,Active,0,Retained,0.0
147bda63-2552-4e10-a3d7-3ad43264b5e2,26,26-35,Female,Asia,TV,Premium,17.99,215.88,Debit Card,3,Action,2.99,0.05,Low,59,At Risk,1,Churned,17.99
43711252-d3df-41aa-98bf-b17bd33ad95e,23,18-25,Other,Asia,Tablet,Standard,13.99,167.88,Credit Card,3,Sci-Fi,39.63,1.89,High,20,Active,0,Retained,0.0
755df1c3-0358-4107-9e92-d5bcc92e25ff,39,36-45,Female,Oceania,Desktop,Standard,13.99,167.88,Gift Card,4,Sci-Fi,15.89,0.72,High,21,At Risk,0,Retained,0.0
a29dec9d-fc5a-4d29-9c63-5d4465de58c6,28,26-35,Male,Asia,Tablet,Basic,8.99,107.88,Crypto,4,Horror,11.24,0.3,Medium,37,At Risk,1,Churned,8.99
4e50ad61-f951-418f-88ca-cbdaf2b57e8d,63,56+,Female,South America,TV,Basic,8.99,107.88,Credit Card,4,Action,1.07,0.18,Medium,5,Active,1,Churned,8.99
cc3ba241-0ca3-40b2-a1f9-a8e88cb724e8,66,56+,Other,Europe,Mobile,Standard,13.99,167.88,Credit Card,3,Action,9.88,0.38,Medium,25,At Risk,0,Retained,0.0
a8eeb6ff-e4e6-4fa6-b4dd-2147d66e5234,62,56+,Other,Africa,Desktop,Premium,17.99,215.88,Debit Card,4,Comedy,3.8,0.06,Low,58,At Risk,1,Churned,17.99
81a4ab80-32bd-4d9a-9e23-6cecbebf2173,57,56+,Female,South America,Tablet,Standard,13.99,167.88,Crypto,4,Romance,3.47,0.09,Low,36,At Risk,1,Churned,13.99
9677ed5d-0bf2-4ccc-92ca-c176e3ed5ab2,49,46-55,Male,Europe,Laptop,Basic,8.99,107.88,PayPal,5,Drama,1.64,0.05,Low,32,At Risk,1,Churned,8.99
bc860dfd-b813-4828-a17c-0b55c994de44,30,26-35,Male,Africa,Mobile,Standard,13.99,167.88,Crypto,4,Sci-Fi,10.47,0.21,Medium,50,At Risk,1,Churned,13.99
a5f996c0-05a7-4654-b5ee-46b897cfbb83,23,18-25,Other,Asia,Tablet,Basic,8.99,107.88,Debit Card,4,Romance,18.23,0.38,Medium,47,At Risk,1,Churned,8.99
ac99a3e4-fbf6-4b32-82cc-76d8d2d528f1,57,56+,Other,Europe,Desktop,Premium,17.99,215.88,Crypto,1,Horror,16.09,0.52,High,30,At Risk,0,Retained,0.0
dc8a8278-a2ed-47b1-aa4f-c0693a216b8f,63,56+,Male,Europe,Laptop,Standard,13.99,167.88,Debit Card,1,Romance,11.89,0.22,Medium,52,At Risk,1,Churned,13.99
19f92e26-27ea-420a-803a-fffce53367a5,69,56+,Other,North America,Mobile,Basic,8.99,107.88,Crypto,1,Documentary,2.95,0.07,Low,40,At Risk,1,Churned,8.99
1ada8db6-b7b4-4bfc-ae3d-600e0fce87c6,42,36-45,Other,North America,Tablet,Premium,17.99,215.88,PayPal,3,Comedy,25.84,0.43,Medium,59,At Risk,0,Retained,0.0
9e87a156-02ad-45a1-b98f-e218859f3d38,64,56+,Male,South America,TV,Premium,17.99,215.88,Credit Card,2,Horror,14.53,0.48,Medium,29,At Risk,0,Retained,0.0
eb5b6e30-6cc5-4abf-a0e0-99faac5951e6,41,36-45,Male,South America,Mobile,Basic,8.99,107.88,PayPal,1,Documentary,9.42,0.47,Medium,19,Active,1,Churned,8.99
4abe31be-3910-4fe0-9b6b-17481304f2c6,23,18-25,Female,Asia,Laptop,Premium,17.99,215.88,Crypto,2,Comedy,5.81,0.13,Low,45,At Risk,1,Churned,17.99
99e90dad-2eaa-46e0-838a-ed38065dcef8,37,36-45,Female,Asia,Desktop,Basic,8.99,107.88,PayPal,3,Romance,4.76,0.11,Low,41,At Risk,1,Churned,8.99
012bcaff-f27c-444f-bba9-0e8d362980d6,20,18-25,Female,Europe,Laptop,Premium,17.99,215.88,Crypto,3,Sci-Fi,1.22,0.02,Low,50,At Risk,1,Churned,17.99
67370c23-ea2c-4fae-a662-bac10e67fb5d,40,36-45,Female,North America,Tablet,Premium,17.99,215.88,Debit Card,4,Documentary,3.93,0.13,Low,30,At Risk,0,Retained,0.0
d58c60e4-282f-48df-a284-f965335453a6,37,36-45,Other,Oceania,Desktop,Premium,17.99,215.88,Credit Card,5,Action,5.97,0.1,Low,57,At Risk,0,Retained,0.0
2a7592d1-a98b-47f9-9b78-1da8608e4ba2,49,46-55,Other,Europe,Laptop,Standard,13.99,167.88,Credit Card,3,Documentary,9.91,0.66,High,14,Active,0,Retained,0.0
fb89a317-d2a8-4415-b75b-923bc1f30e87,32,26-35,Male,Africa,Desktop,Basic,8.99,107.88,Gift Card,2,Horror,4.0,0.15,Low,26,At Risk,1,Churned,8.99
eae91e7a-6c46-4327-b6d4-a5ad5d813d39,43,36-45,Other,Europe,TV,Standard,13.99,167.88,PayPal,3,Comedy,12.39,0.39,Medium,31,At Risk,1,Churned,13.99
c2e7c00e-db9d-4789-89ad-76d415275d8d,18,18-25,Female,South America,Laptop,Basic,8.99,107.88,Debit Card,4,Action,3.68,0.06,Low,60,At Risk,1,Churned,8.99
95b33d84-4e8c-487c-80e1-3612c7911294,70,56+,Male,South America,Mobile,Standard,13.99,167.88,Debit Card,5,Horror,10.5,0.19,Medium,55,At Risk,0,Retained,0.0
9691b88b-4dcc-4c06-a61b-7703cc740491,60,56+,Other,Europe,Tablet,Basic,8.99,107.88,Debit Card,4,Action,28.75,0.72,High,39,At Risk,0,Retained,0.0
819a11d2-8939-4883-84fb-7983e1326cbb,26,26-35,Other,Africa,TV,Premium,17.99,215.88,Debit Card,5,Drama,6.46,0.23,Medium,27,At Risk,0,Retained,0.0
09cb6244-abf9-46b2-98fe-24e87b26170e,56,56+,Other,South America,Tablet,Standard,13.99,167.88,Debit Card,4,Action,4.44,0.15,Low,29,At Risk,0,Retained,0.0
eb9c8e47-3f0f-4851-95fc-9edd7ff39aa2,22,18-25,Other,Europe,Desktop,Standard,13.99,167.88,Crypto,2,Romance,3.31,0.09,Low,35,At Risk,1,Churned,13.99
d2947208-73ad-4e8c-9665-809f51d636fb,44,36-45,Female,North America,Mobile,Basic,8.99,107.88,Crypto,4,Horror,50.38,0.93,High,53,At Risk,0,Retained,0.0
cc7fca45-d81c-4971-8fd7-2a953250de71,44,36-45,Male,North America,Laptop,Standard,13.99,167.88,Crypto,2,Comedy,0.91,0.02,Low,39,At Risk,1,Churned,13.99
28da3fe8-e182-4b9e-874c-0ac4c7cdf9cd,56,56+,Male,Europe,Tablet,Basic,8.99,107.88,PayPal,4,Sci-Fi,10.45,0.27,Medium,38,At Risk,1,Churned,8.99
6ef6129f-8d85-4be9-a20a-bd1e67689ab7,32,26-35,Female,Asia,Tablet,Premium,17.99,215.88,Credit Card,3,Drama,8.77,0.17,Medium,50,At Risk,1,Churned,17.99
bead6a43-11a4-4f53-af77-0d537fe06928,32,26-35,Female,North America,TV,Premium,17.99,215.88,PayPal,3,Romance,9.11,0.22,Medium,40,At Risk,1,Churned,17.99
e2f70790-f0ed-4ad8-8985-bc89def534a9,29,26-35,Other,North America,Tablet,Basic,8.99,107.88,Debit Card,2,Sci-Fi,12.54,0.46,Medium,26,At Risk,0,Retained,0.0
8710f794-e3ec-4fd0-b4aa-f9feff298048,26,26-35,Other,Europe,Tablet,Standard,13.99,167.88,Credit Card,2,Romance,18.76,0.54,High,34,At Risk,0,Retained,0.0
35ccb42a-5b8f-4a56-b979-56ef4df94413,47,46-55,Male,Africa,Desktop,Standard,13.99,167.88,PayPal,4,Horror,0.18,0.0,Low,50,At Risk,1,Churned,13.99
3032fb1b-eee1-4e0b-8b51-30b6a52cd563,55,46-55,Other,Asia,Laptop,Premium,17.99,215.88,Debit Card,1,Romance,1.43,0.02,Low,60,At Risk,1,Churned,17.99
a47b3283-a619-43f4-8ae0-b649ee493a8e,68,56+,Female,Oceania,Mobile,Premium,17.99,215.88,Gift Card,5,Horror,5.94,0.25,Medium,23,At Risk,0,Retained,0.0
e27f7ce7-451e-43a1-921d-805411db2e25,57,56+,Other,North America,Desktop,Premium,17.99,215.88,Crypto,5,Sci-Fi,10.89,2.72,High,3,Active,0,Retained,0.0
985405ca-0c9a-41bb-b747-4c142f3e339a,46,46-55,Female,Asia,Tablet,Basic,8.99,107.88,Credit Card,1,Sci-Fi,35.85,0.9,High,39,At Risk,0,Retained,0.0
d8a243e7-f547-459a-929c-4105fd3f8b38,65,56+,Male,Africa,TV,Basic,8.99,107.88,PayPal,4,Sci-Fi,8.06,0.32,Medium,24,At Risk,0,Retained,0.0
ca6b3804-bb03-4b9b-b835-76b2fe647189,60,56+,Other,South America,Laptop,Premium,17.99,215.88,Crypto,1,Comedy,11.77,0.62,High,18,Active,0,Retained,0.0
1bbee03c-aa9a-43ba-a760-10d789b2bb68,47,46-55,Female,Europe,Mobile,Premium,17.99,215.88,Gift Card,2,Romance,2.25,0.04,Low,53,At Risk,1,Churned,17.99
b8c8c57b-903f-448b-88fc-0313c24694b7,24,18-25,Other,Asia,TV,Standard,13.99,167.88,Debit Card,3,Comedy,10.72,0.26,Medium,40,At Risk,1,Churned,13.99
39414f09-6fcd-4d7e-a1f0-f4345620df82,21,18-25,Other,Africa,TV,Standard,13.99,167.88,Gift Card,4,Horror,2.77,0.31,Medium,8,Active,1,Churned,13.99
b4aebd19-20bf-4d4e-a458-45038b95a910,54,46-55,Other,North America,Tablet,Standard,13.99,167.88,Gift Card,2,Action,13.19,1.2,High,10,Active,0,Retained,0.0
4ca1ccbe-5e66-4bdc-b1d4-282060b755ed,67,56+,Female,South America,Mobile,Premium,17.99,215.88,Credit Card,4,Documentary,2.34,0.04,Low,54,At Risk,1,Churned,17.99
c5bfe476-a505-42d5-8a63-9ec89b17d347,67,56+,Other,Europe,TV,Premium,17.99,215.88,Crypto,4,Romance,16.71,1.67,High,9,Active,0,Retained,0.0
2d9e4af8-9f66-4585-9e71-d42609937bb8,37,36-45,Male,Oceania,Mobile,Premium,17.99,215.88,PayPal,1,Drama,4.12,0.14,Low,28,At Risk,1,Churned,17.99
0bf9c06d-e909-461d-9505-147648fc9e80,46,46-55,Male,Africa,Mobile,Premium,17.99,215.88,PayPal,4,Documentary,3.84,0.24,Medium,15,Active,0,Retained,0.0
730c39fa-5f30-44a1-9ca8-0fb76e80cd16,37,36-45,Male,North America,Tablet,Basic,8.99,107.88,PayPal,3,Horror,17.29,0.35,Medium,49,At Risk,1,Churned,8.99
dd50e0b3-cece-4441-881f-09eee537b752,64,56+,Male,Asia,Laptop,Basic,8.99,107.88,PayPal,2,Sci-Fi,7.29,0.38,Medium,18,Active,0,Retained,0.0
7ebf8b63-c79a-41b3-b418-e06465b5d3ee,64,56+,Male,Asia,Desktop,Standard,13.99,167.88,Debit Card,3,Documentary,54.34,5.43,High,9,Active,0,Retained,0.0
95f04ac9-d1ae-4d72-874a-8e2927626532,50,46-55,Male,North America,TV,Basic,8.99,107.88,Debit Card,5,Action,2.05,0.03,Low,59,At Risk,1,Churned,8.99
a76291ab-bfb6-4bb9-8467-2c5c89ce0c01,31,26-35,Other,Europe,Desktop,Premium,17.99,215.88,PayPal,1,Horror,8.18,0.19,Medium,43,At Risk,1,Churned,17.99
3d0adeac-cb46-4796-8548-b37987c94581,44,36-45,Female,Africa,TV,Basic,8.99,107.88,Crypto,5,Drama,1.75,0.03,Low,52,At Risk,1,Churned,8.99
54b96af4-ca5c-4846-a42d-4d6f8698163d,64,56+,Male,Oceania,Laptop,Basic,8.99,107.88,Crypto,3,Sci-Fi,24.36,0.74,High,32,At Risk,0,Retained,0.0
e6a7df09-1068-494e-86b1-382393fc5ee9,54,46-55,Other,Asia,Tablet,Standard,13.99,167.88,Credit Card,5,Documentary,5.07,0.24,Medium,20,Active,0,Retained,0.0
b96e7dcf-5d14-4745-bb48-28c661562440,69,56+,Male,South America,Laptop,Standard,13.99,167.88,Crypto,2,Drama,17.01,0.35,Medium,47,At Risk,1,Churned,13.99
ad17bae3-ef4b-43ea-95f6-c26fd969493e,65,56+,Male,South America,Mobile,Basic,8.99,107.88,Gift Card,1,Drama,0.14,0.01,Low,16,Active,1,Churned,8.99
2cb5d01b-9a5a-4270-a03f-d487eb11ae88,58,56+,Other,North America,TV,Premium,17.99,215.88,Debit Card,1,Romance,23.9,0.61,High,38,At Risk,0,Retained,0.0
b832a589-8dc2-48a0-8a58-25d1035941ec,21,18-25,Female,North America,Laptop,Premium,17.99,215.88,Gift Card,2,Comedy,4.12,0.11,Low,35,At Risk,1,Churned,17.99
728a8191-97ca-408b-882e-f8f5ec540146,28,26-35,Female,North America,Desktop,Premium,17.99,215.88,Crypto,4,Drama,29.83,0.9,High,32,At Risk,0,Retained,0.0
10d74e3d-d297-4008-9a90-bd424fd2423e,70,56+,Female,Africa,Desktop,Premium,17.99,215.88,PayPal,5,Action,7.13,0.24,Medium,29,At Risk,0,Retained,0.0
8492a1da-4c16-458f-b27f-7f3127b402bb,69,56+,Other,Oceania,Desktop,Basic,8.99,107.88,Credit Card,3,Romance,9.77,0.75,High,12,Active,0,Retained,0.0
ac9e9c4b-a50e-4c0c-9f68-d0a2b3a657f5,28,26-35,Male,Oceania,TV,Basic,8.99,107.88,Credit Card,1,Comedy,13.44,0.64,High,20,Active,0,Retained,0.0
ccddfb15-797a-4e9e-b571-4675290b071d,42,36-45,Female,Asia,Laptop,Standard,13.99,167.88,Debit Card,5,Horror,4.16,0.09,Low,46,At Risk,1,Churned,13.99
414f08d4-5a4c-4113-b152-09813060f9a4,27,26-35,Male,Oceania,Tablet,Basic,8.99,107.88,Debit Card,5,Action,0.4,0.04,Low,9,Active,1,Churned,8.99
16bb271f-9990-42ef-a49e-5563fb1d11b9,30,26-35,Male,Africa,Mobile,Basic,8.99,107.88,Credit Card,2,Comedy,0.39,0.08,Low,4,Active,1,Churned,8.99
724493ea-fdfc-4cb1-914c-4f157f8803a8,41,36-45,Other,Asia,Tablet,Basic,8.99,107.88,Debit Card,4,Horror,1.06,0.03,Low,30,At Risk,1,Churned,8.99
525028b4-ea2d-463f-892f-86a839621ee9,27,26-35,Male,North America,Desktop,Basic,8.99,107.88,Gift Card,2,Romance,26.34,1.39,High,18,Active,0,Retained,0.0
ea3decc3-11cf-464e-8b9b-91e394e97d41,57,56+,Female,Asia,Desktop,Basic,8.99,107.88,Debit Card,1,Comedy,7.46,0.68,High,10,Active,0,Retained,0.0
ad8bfdb0-341b-4c9c-8e83-d96aed9203e5,69,56+,Male,Europe,Laptop,Basic,8.99,107.88,Gift Card,2,Romance,24.18,0.42,Medium,56,At Risk,1,Churned,8.99
b146adf9-cdfd-48d7-bc1c-0748cca548b2,38,36-45,Male,South America,TV,Basic,8.99,107.88,Debit Card,3,Documentary,15.01,1.25,High,11,Active,0,Retained,0.0
b488bac9-04c0-425b-a671-70598580c686,55,46-55,Female,North America,Laptop,Premium,17.99,215.88,Crypto,5,Action,3.72,0.07,Low,54,At Risk,1,Churned,17.99
d29365dc-c4e0-4b7e-a094-b3aee49a99f4,26,26-35,Female,South America,Laptop,Basic,8.99,107.88,Crypto,4,Sci-Fi,0.11,0.0,Low,55,At Risk,1,Churned,8.99
63f9d986-7068-49e3-b822-fab8e0a49bc1,31,26-35,Male,Africa,Desktop,Basic,8.99,107.88,Debit Card,2,Comedy,7.69,0.13,Low,57,At Risk,1,Churned,8.99
d2bbf3a7-d910-4d8b-b554-497251508886,36,36-45,Other,South America,TV,Standard,13.99,167.88,Crypto,3,Romance,3.89,0.1,Low,37,At Risk,1,Churned,13.99
0ceddb1d-533e-46bc-967f-823b87b432fa,70,56+,Other,South America,Mobile,Basic,8.99,107.88,PayPal,3,Romance,13.74,0.31,Medium,44,At Risk,1,Churned,8.99
9747ed12-6f16-46af-8c59-c54fcd947b73,49,46-55,Other,North America,TV,Premium,17.99,215.88,Crypto,3,Sci-Fi,18.55,0.36,Medium,50,At Risk,1,Churned,17.99
08dbcf43-5ce6-4326-a997-8da4cf6f731f,47,46-55,Female,Oceania,Laptop,Standard,13.99,167.88,Credit Card,3,Documentary,13.27,0.49,Medium,26,At Risk,0,Retained,0.0
3c78a99f-e9a5-4f6a-9bd4-9bea5f137515,31,26-35,Other,South America,Laptop,Standard,13.99,167.88,Crypto,3,Comedy,15.37,3.07,High,4,Active,0,Retained,0.0
99cbb3de-fe56-4704-82c1-ffa8dd5c7a36,40,36-45,Female,Oceania,Laptop,Basic,8.99,107.88,Debit Card,4,Drama,3.0,3.0,High,0,Active,0,Retained,0.0
ae2fd5ac-59e1-4433-b26b-3ac43b42a4bf,69,56+,Female,Europe,Desktop,Standard,13.99,167.88,Credit Card,3,Action,9.43,4.71,High,1,Active,0,Retained,0.0
0a82244e-e72e-46a5-9d96-76eedc5674c6,19,18-25,Other,Europe,TV,Basic,8.99,107.88,PayPal,4,Drama,5.62,0.4,Medium,13,Active,0,Retained,0.0
8316d994-9295-49d6-b608-7a27856fa6cf,30,26-35,Male,Europe,Laptop,Standard,13.99,167.88,PayPal,3,Action,4.62,0.1,Low,46,At Risk,1,Churned,13.99
e1b71893-1f20-45ab-b9e6-0edacceaf9d3,29,26-35,Male,Africa,Mobile,Basic,8.99,107.88,Debit Card,3,Romance,26.48,0.49,Medium,53,At Risk,1,Churned,8.99
00c85c4a-478b-411c-a06f-8d229eea4684,62,56+,Female,Africa,Desktop,Standard,13.99,167.88,Crypto,4,Horror,24.14,8.05,High,2,Active,0,Retained,0.0
77601669-57ba-4d83-822b-2c9d3fbee785,38,36-45,Female,Oceania,TV,Premium,17.99,215.88,Credit Card,1,Sci-Fi,12.49,0.32,Medium,38,At Risk,1,Churned,17.99
aa3d931e-f2c1-4a87-ac26-f4feed539178,47,46-55,Male,South America,Tablet,Premium,17.99,215.88,Crypto,5,Sci-Fi,37.49,0.66,High,56,At Risk,0,Retained,0.0
4abb2b16-b493-4d53-a738-9475abc94756,64,56+,Female,Europe,Mobile,Premium,17.99,215.88,PayPal,4,Comedy,31.88,1.88,High,16,Active,0,Retained,0.0
dbee2c1d-4003-4723-b0db-0cdd117d341d,21,18-25,Male,Asia,Mobile,Premium,17.99,215.88,Gift Card,4,Drama,3.13,0.06,Low,53,At Risk,1,Churned,17.99
06ad36eb-67ec-4eb4-93d7-fa5c1a4abded,22,18-25,Female,Africa,Tablet,Basic,8.99,107.88,Gift Card,4,Horror,11.2,0.75,High,14,Active,0,Retained,0.0
74296717-7313-49b7-a0ff-17281751b037,60,56+,Other,North America,Tablet,Premium,17.99,215.88,Debit Card,4,Sci-Fi,14.41,0.34,Medium,41,At Risk,0,Retained,0.0
10374c5a-0a9b-46c9-a19a-4b9acbfe6322,27,26-35,Male,South America,Desktop,Premium,17.99,215.88,Debit Card,5,Horror,7.92,0.79,High,9,Active,0,Retained,0.0
107f9e60-e4ce-4fe0-b90f-7f478b64e346,36,36-45,Female,Europe,Tablet,Basic,8.99,107.88,PayPal,2,Sci-Fi,9.02,0.27,Medium,32,At Risk,1,Churned,8.99
e6f5aad8-3d0d-482c-b377-0399c888f984,22,18-25,Female,South America,Desktop,Basic,8.99,107.88,Gift Card,3,Action,5.59,0.1,Low,57,At Risk,1,Churned,8.99
e88ae0bf-e5ca-4295-ab09-1ea14e389b70,43,36-45,Female,North America,Laptop,Basic,8.99,107.88,PayPal,4,Romance,3.17,0.1,Low,30,At Risk,1,Churned,8.99
3c748cc8-fab5-41d0-971e-eba32b247a66,50,46-55,Other,Africa,Mobile,Standard,13.99,167.88,Credit Card,5,Documentary,26.57,0.76,High,34,At Risk,0,Retained,0.0
bd3ee325-8a00-419a-b1a6-e976080197f5,67,56+,Male,Europe,TV,Basic,8.99,107.88,Crypto,4,Comedy,7.17,0.17,Medium,41,At Risk,1,Churned,8.99
ce5f31e7-101e-4709-ac71-b46dfd8c8c59,59,56+,Female,Europe,Mobile,Premium,17.99,215.88,Gift Card,3,Sci-Fi,19.86,0.52,High,37,At Risk,0,Retained,0.0
f9aae5f5-3f3b-4afe-ba24-4f313a94ec46,33,26-35,Other,Europe,Tablet,Basic,8.99,107.88,Crypto,5,Horror,40.05,0.83,High,47,At Risk,0,Retained,0.0
46942525-7197-40ab-a5d1-79e46f5e09f4,50,46-55,Male,Oceania,Desktop,Standard,13.99,167.88,Gift Card,3,Horror,8.9,0.21,Medium,42,At Risk,1,Churned,13.99
eca3b2cc-7fa6-4731-93c2-c2af38d448ad,55,46-55,Other,Oceania,Mobile,Basic,8.99,107.88,Credit Card,3,Action,22.18,0.74,High,29,At Risk,0,Retained,0.0
17f77859-2514-41c7-95be-cd3570d0025c,46,46-55,Female,North America,Tablet,Standard,13.99,167.88,Crypto,4,Romance,4.38,0.12,Low,37,At Risk,1,Churned,13.99
e0795841-bcb5-499e-86e6-cb0f87f9870f,51,46-55,Female,North America,Mobile,Basic,8.99,107.88,Debit Card,5,Horror,12.08,0.29,Medium,41,At Risk,1,Churned,8.99
c76969cd-336d-4838-a240-8002d91705f2,67,56+,Other,Africa,Mobile,Premium,17.99,215.88,Credit Card,5,Comedy,6.7,0.22,Medium,30,At Risk,0,Retained,0.0
74dcb7c7-74c6-43e6-9034-d1a72adad651,44,36-45,Female,Oceania,Desktop,Basic,8.99,107.88,Credit Card,2,Documentary,9.03,0.18,Medium,49,At Risk,1,Churned,8.99
9ee5c445-56ec-4208-b47c-759c3b7f01bb,58,56+,Other,Africa,TV,Standard,13.99,167.88,Crypto,1,Romance,4.69,0.09,Low,49,At Risk,1,Churned,13.99
999d8e4e-1e8e-46fa-818e-9657afcc0068,59,56+,Other,South America,Mobile,Basic,8.99,107.88,Gift Card,3,Horror,7.17,0.22,Medium,31,At Risk,1,Churned,8.99
a1743e4c-9e2c-4f48-a208-dba3b8df1c91,22,18-25,Other,Oceania,TV,Basic,8.99,107.88,Debit Card,5,Action,25.18,0.63,High,39,At Risk,0,Retained,0.0
32b42dc3-6e82-44bb-b5d0-f323244aba7c,44,36-45,Female,Oceania,Desktop,Basic,8.99,107.88,Credit Card,1,Horror,7.25,0.36,Medium,19,Active,1,Churned,8.99
1386123c-5f7c-459e-ae51-08ae5fbe47bb,63,56+,Male,Asia,TV,Premium,17.99,215.88,Gift Card,5,Comedy,1.43,0.02,Low,57,At Risk,1,Churned,17.99
b1298a61-b99b-4b75-a99a-ad94966f69f6,57,56+,Male,North America,Desktop,Standard,13.99,167.88,Debit Card,5,Sci-Fi,2.34,2.34,High,0,Active,0,Retained,0.0
71f9b5da-cd65-4d82-aadc-03be9f0d0822,43,36-45,Male,South America,TV,Premium,17.99,215.88,PayPal,3,Horror,14.21,1.18,High,11,Active,0,Retained,0.0
feb0dafb-ef3c-4cd8-a3e4-530babafb063,55,46-55,Female,Africa,Desktop,Standard,13.99,167.88,Debit Card,5,Horror,5.36,0.12,Low,42,At Risk,0,Retained,0.0
68fd098e-d088-47eb-b14f-bd5e306322a0,19,18-25,Female,North America,TV,Standard,13.99,167.88,Credit Card,1,Comedy,5.42,0.09,Low,60,At Risk,1,Churned,13.99
ad293cc0-f9c5-41cc-b98b-d30104acd571,64,56+,Other,Africa,Desktop,Premium,17.99,215.88,Debit Card,5,Drama,11.09,0.41,Medium,26,At Risk,0,Retained,0.0
2d709119-8028-4486-8e2c-d140c42a3e33,61,56+,Female,North America,TV,Premium,17.99,215.88,Debit Card,1,Romance,1.91,0.04,Low,52,At Risk,1,Churned,17.99
2619177e-ff09-4d89-b00b-f61e7dad8bf9,44,36-45,Male,Oceania,Tablet,Premium,17.99,215.88,Crypto,3,Horror,1.22,0.05,Low,24,At Risk,1,Churned,17.99
a2fa6fbd-35f8-4db0-aff2-2673727dc84c,40,36-45,Female,Europe,Desktop,Standard,13.99,167.88,PayPal,2,Action,3.21,0.05,Low,58,At Risk,1,Churned,13.99
dc3a0a45-0717-4baa-86f2-8d6573d5cd0c,33,26-35,Female,Oceania,Tablet,Standard,13.99,167.88,Debit Card,4,Comedy,13.21,0.6,High,21,At Risk,0,Retained,0.0
5fa5ca82-b81d-40df-a054-96e09acb28ea,47,46-55,Other,Europe,Mobile,Standard,13.99,167.88,Gift Card,4,Horror,8.01,0.67,High,11,Active,0,Retained,0.0
ce71d08b-80b9-4b6a-a055-d07ad964b74e,48,46-55,Other,Asia,Mobile,Premium,17.99,215.88,Gift Card,2,Documentary,6.53,0.12,Low,55,At Risk,1,Churned,17.99
3f0c299b-2856-4fcd-9da8-a1d19afa1365,69,56+,Female,South America,Tablet,Basic,8.99,107.88,Crypto,5,Romance,20.61,0.54,High,37,At Risk,0,Retained,0.0
c298405c-4f93-4e45-b8ce-de46bc13b51a,37,36-45,Other,Africa,Tablet,Basic,8.99,107.88,Debit Card,2,Drama,6.29,0.37,Medium,16,Active,0,Retained,0.0
107b7ac2-d69a-482e-ba42-0707d07983f5,36,36-45,Female,Africa,Laptop,Standard,13.99,167.88,Crypto,1,Romance,2.06,0.08,Low,24,At Risk,1,Churned,13.99
a9414457-2c36-4d97-8820-4dcc8349368e,25,18-25,Other,North America,Mobile,Premium,17.99,215.88,PayPal,4,Romance,0.57,0.01,Low,53,At Risk,1,Churned,17.99
db07d34d-d62e-4cee-a65b-00f8a336c73b,37,36-45,Male,Asia,Tablet,Basic,8.99,107.88,Crypto,3,Sci-Fi,9.34,0.21,Medium,43,At Risk,1,Churned,8.99
a1fa1e89-c730-4c7f-b615-5fc51f92abfc,54,46-55,Male,North America,Mobile,Standard,13.99,167.88,Credit Card,3,Drama,3.6,0.09,Low,39,At Risk,1,Churned,13.99
df2e5ee6-a486-4cd8-b452-959e63e397c6,67,56+,Male,Africa,TV,Premium,17.99,215.88,Crypto,2,Action,2.24,0.06,Low,34,At Risk,1,Churned,17.99
5dbd7687-5f99-4393-93cd-22ad811b4d22,63,56+,Other,North America,TV,Standard,13.99,167.88,Crypto,3,Action,3.8,0.07,Low,57,At Risk,1,Churned,13.99
3f8f748f-aae8-4ebd-8e6d-a88ed721f2fd,69,56+,Other,North America,Desktop,Basic,8.99,107.88,Credit Card,3,Action,32.42,0.74,High,43,At Risk,0,Retained,0.0
dfb72a40-99ce-419c-8bb8-a7e6d80f8d0f,45,36-45,Female,Asia,TV,Basic,8.99,107.88,Crypto,4,Documentary,42.32,1.37,High,30,At Risk,0,Retained,0.0
2c9893fa-7934-40a5-8ddb-85f934f5dbe0,68,56+,Other,South America,Tablet,Standard,13.99,167.88,Credit Card,3,Horror,3.68,0.07,Low,53,At Risk,1,Churned,13.99
45c38e06-d28c-46b6-b473-bd983b259d4c,20,18-25,Male,South America,TV,Standard,13.99,167.88,PayPal,2,Romance,2.97,0.08,Low,35,At Risk,1,Churned,13.99
64d85f24-42f8-48b1-8675-590db42d23e5,18,18-25,Male,Oceania,Desktop,Standard,13.99,167.88,Gift Card,5,Drama,28.66,28.66,High,0,Active,0,Retained,0.0
0aa018d1-6f8d-493a-bd1b-7d79b803fd22,26,26-35,Other,Africa,Desktop,Standard,13.99,167.88,PayPal,3,Documentary,2.0,0.17,Medium,11,Active,1,Churned,13.99
d50276ec-30c4-4e33-94b1-68cb83eaf5a7,59,56+,Other,Africa,Tablet,Basic,8.99,107.88,Debit Card,2,Comedy,5.65,0.15,Low,37,At Risk,1,Churned,8.99
76cc2999-f28b-46ee-b31d-a27407c1f421,36,36-45,Male,Asia,TV,Premium,17.99,215.88,Gift Card,3,Drama,22.32,0.4,Medium,55,At Risk,0,Retained,0.0
9ae4fd75-7402-4539-8d0d-a5d7d1ac9596,51,46-55,Other,Oceania,Laptop,Premium,17.99,215.88,Credit Card,2,Comedy,9.53,0.4,Medium,23,At Risk,0,Retained,0.0
1b9db6e9-6522-4731-9474-7b1f63da1fc9,44,36-45,Male,Asia,Tablet,Basic,8.99,107.88,Crypto,2,Documentary,21.72,21.72,High,0,Active,0,Retained,0.0
0c7a461a-e6f9-45c9-a1ba-b9745a6b3b17,57,56+,Female,Oceania,TV,Basic,8.99,107.88,Credit Card,5,Horror,1.22,0.14,Low,8,Active,1,Churned,8.99
37dd41be-f537-46b1-8e2e-905604a8cdad,24,18-25,Other,South America,Desktop,Premium,17.99,215.88,PayPal,4,Horror,6.21,0.24,Medium,25,At Risk,0,Retained,0.0
2fa9fc55-ecbd-428f-a0e6-7ce6f60e8975,54,46-55,Female,Europe,TV,Premium,17.99,215.88,PayPal,5,Sci-Fi,22.73,0.57,High,39,At Risk,0,Retained,0.0
76f5fba2-0349-4f73-84aa-475fa2f8c789,63,56+,Male,Europe,Laptop,Basic,8.99,107.88,Credit Card,5,Action,0.24,0.01,Low,21,At Risk,1,Churned,8.99
cf48d58a-217e-40c4-b6c5-72bbbe03fd56,20,18-25,Other,North America,Laptop,Standard,13.99,167.88,PayPal,1,Horror,11.07,0.46,Medium,23,At Risk,0,Retained,0.0
ac919ac2-e711-45b2-8d74-f2d164585c15,37,36-45,Female,Africa,Laptop,Standard,13.99,167.88,Debit Card,3,Comedy,11.8,0.49,Medium,23,At Risk,0,Retained,0.0
dbdab0cd-577e-49b5-b94e-4c5d8162c4f5,66,56+,Male,Asia,Desktop,Standard,13.99,167.88,Gift Card,2,Documentary,7.95,0.17,Medium,47,At Risk,1,Churned,13.99
d85e4916-857b-4008-b7a5-20ea8157e9af,36,36-45,Male,South America,Laptop,Standard,13.99,167.88,Debit Card,3,Romance,4.34,0.07,Low,57,At Risk,1,Churned,13.99
17ed341d-de04-4466-8b18-bda03f5e38fd,35,26-35,Female,Asia,Mobile,Premium,17.99,215.88,Debit Card,4,Horror,12.01,2.0,High,5,Active,0,Retained,0.0
274599c6-5a23-4d2e-a471-22fa0e76e24e,51,46-55,Male,South America,Laptop,Basic,8.99,107.88,Gift Card,5,Drama,89.83,1.66,High,53,At Risk,0,Retained,0.0
dc5b0984-88d3-4ff3-b093-f0cfdb80070d,22,18-25,Female,North America,Mobile,Premium,17.99,215.88,Crypto,4,Horror,0.79,0.04,Low,17,Active,1,Churned,17.99
ca23a8be-fef8-4b6c-afba-136af304b2d5,19,18-25,Female,Asia,Desktop,Standard,13.99,167.88,Crypto,3,Sci-Fi,13.89,0.45,Medium,30,At Risk,0,Retained,0.0
4099d31a-cc4b-4948-bcb8-d3270cf3a9f5,58,56+,Other,South America,Mobile,Basic,8.99,107.88,PayPal,2,Action,20.1,0.77,High,25,At Risk,0,Retained,0.0
37c521d5-e042-4dc6-a38a-be7eafeb9092,37,36-45,Other,Africa,TV,Standard,13.99,167.88,Gift Card,2,Horror,0.44,0.01,Low,35,At Risk,1,Churned,13.99
17ce1fd9-fa04-4c76-b7c0-f23519005371,34,26-35,Female,North America,Mobile,Basic,8.99,107.88,Debit Card,2,Romance,13.6,6.8,High,1,Active,0,Retained,0.0
c1660018-6e78-4bd4-88f0-3a1faa017c4c,47,46-55,Female,South America,Tablet,Basic,8.99,107.88,Gift Card,5,Sci-Fi,2.57,0.23,Medium,10,Active,1,Churned,8.99
86079cfc-0cd9-4487-ac31-0e38a2859cd2,26,26-35,Male,Asia,TV,Premium,17.99,215.88,Credit Card,2,Drama,16.34,2.72,High,5,Active,0,Retained,0.0
3e3cfb79-20ef-4690-a186-7f69adb9c1c6,35,26-35,Other,Asia,Mobile,Basic,8.99,107.88,Crypto,4,Sci-Fi,14.78,0.59,High,24,At Risk,0,Retained,0.0
c726aec5-29ec-4b62-b752-7d9f91d7ebd1,41,36-45,Other,North America,Desktop,Standard,13.99,167.88,Credit Card,1,Horror,2.14,0.04,Low,59,At Risk,1,Churned,13.99
7911e6e5-fad9-423b-b343-c74a045ad2ae,65,56+,Male,Oceania,Laptop,Basic,8.99,107.88,Crypto,3,Documentary,0.71,0.01,Low,54,At Risk,1,Churned,8.99
0a5ee218-5618-44fe-b90d-cae6da8f6859,63,56+,Male,South America,Desktop,Premium,17.99,215.88,Gift Card,1,Sci-Fi,45.68,0.86,High,52,At Risk,0,Retained,0.0
99b365a9-075d-4ed6-b3a4-539d4245cd22,54,46-55,Other,Europe,Laptop,Standard,13.99,167.88,Gift Card,5,Documentary,2.91,0.11,Low,26,At Risk,1,Churned,13.99
20b10142-39c2-4061-8573-a1e5f91ad019,26,26-35,Male,South America,TV,Standard,13.99,167.88,Crypto,4,Documentary,3.81,0.09,Low,41,At Risk,1,Churned,13.99
2b784338-d744-4800-b6f8-4508260255b7,69,56+,Male,Oceania,Tablet,Premium,17.99,215.88,Crypto,5,Comedy,11.8,0.22,Medium,53,At Risk,1,Churned,17.99
ac8576dd-8167-485c-9452-c8fc0e559ed8,45,36-45,Female,Asia,Laptop,Basic,8.99,107.88,Gift Card,2,Romance,9.77,0.57,High,16,Active,0,Retained,0.0
e95a32d7-dbb3-457d-b655-df5765b3ea84,18,18-25,Female,Oceania,Tablet,Basic,8.99,107.88,PayPal,3,Action,0.33,0.01,Low,28,At Risk,1,Churned,8.99
a22b2cef-2032-47d9-8fb4-36f3dcf93b94,30,26-35,Other,Europe,Tablet,Standard,13.99,167.88,Crypto,3,Horror,7.51,0.16,Low,45,At Risk,1,Churned,13.99
ba13ed63-7cc2-4a1e-9d77-d45bfe793cc5,58,56+,Female,North America,Mobile,Premium,17.99,215.88,PayPal,5,Horror,24.06,0.62,High,38,At Risk,0,Retained,0.0
8bdf4628-437d-4675-a5bd-c0e70adb590d,37,36-45,Other,North America,Laptop,Standard,13.99,167.88,PayPal,1,Horror,8.25,1.65,High,4,Active,0,Retained,0.0
e203e4ef-dc62-4e97-884d-77a46ddf3813,18,18-25,Female,Oceania,Desktop,Standard,13.99,167.88,Credit Card,1,Comedy,0.27,0.01,Low,20,Active,1,Churned,13.99
5b4c2040-0725-49cd-b8bb-0c1848fe1577,57,56+,Female,Africa,Laptop,Premium,17.99,215.88,Debit Card,2,Documentary,0.98,0.02,Low,59,At Risk,1,Churned,17.99
cdd7611f-d900-43cf-b218-71d45bca9a13,59,56+,Female,North America,Laptop,Premium,17.99,215.88,Crypto,1,Sci-Fi,0.1,0.0,Low,20,Active,1,Churned,17.99
11d562cc-a296-442c-8ad0-4c2a5f5f2e1f,29,26-35,Other,Oceania,TV,Premium,17.99,215.88,Credit Card,2,Sci-Fi,8.13,0.45,Medium,17,Active,0,Retained,0.0
1fb210c3-6369-4fb9-9abc-f56736df9f47,66,56+,Male,Oceania,Tablet,Standard,13.99,167.88,Crypto,4,Comedy,3.46,0.08,Low,44,At Risk,1,Churned,13.99
1aab7315-184d-4e18-8338-071aab257e63,55,46-55,Male,South America,Laptop,Basic,8.99,107.88,Credit Card,4,Documentary,2.74,0.06,Low,44,At Risk,1,Churned,8.99
33e54062-d5b6-400e-9f34-fe98abbe476c,39,36-45,Male,North America,Laptop,Premium,17.99,215.88,Gift Card,2,Drama,21.09,0.36,Medium,57,At Risk,0,Retained,0.0
5d0fd4a3-dc03-4a99-8cb0-087424513a52,51,46-55,Other,South America,Laptop,Premium,17.99,215.88,Gift Card,3,Horror,4.43,0.44,Medium,9,Active,1,Churned,17.99
d16fcf8a-89ce-4b6c-9083-bf9e43fbd8d7,57,56+,Female,Europe,Tablet,Standard,13.99,167.88,PayPal,5,Romance,1.41,0.12,Low,11,Active,0,Retained,0.0
609e1a47-614a-4c12-b0c7-50c6a27c83bb,48,46-55,Other,Europe,Mobile,Basic,8.99,107.88,Debit Card,2,Action,3.04,0.14,Low,20,Active,1,Churned,8.99
c3fc2a8b-b9e3-48b3-9c46-b3a64b62157d,26,26-35,Female,South America,Laptop,Premium,17.99,215.88,Debit Card,5,Documentary,4.66,0.12,Low,38,At Risk,1,Churned,17.99
6af2ef31-7637-45a5-8a64-201ec7cb3065,34,26-35,Female,Oceania,Laptop,Basic,8.99,107.88,Debit Card,1,Action,18.39,0.34,Medium,53,At Risk,1,Churned,8.99
a35b0e4d-c43a-48cb-8c56-e49d6879c391,18,18-25,Male,Oceania,Tablet,Standard,13.99,167.88,Gift Card,5,Action,3.03,0.13,Low,22,At Risk,1,Churned,13.99
1c904da9-0232-449d-a20e-43a3c0e409b7,51,46-55,Male,North America,TV,Basic,8.99,107.88,PayPal,4,Horror,6.65,2.22,High,2,Active,0,Retained,0.0
3f0b4a45-5ec6-4a10-a6f0-dfab7d32c292,55,46-55,Male,North America,Tablet,Basic,8.99,107.88,Gift Card,2,Romance,7.22,1.8,High,3,Active,0,Retained,0.0
696ead93-5262-4d00-a2ab-042f737bcb9c,20,18-25,Male,Africa,Mobile,Basic,8.99,107.88,Credit Card,3,Sci-Fi,1.81,1.81,High,0,Active,0,Retained,0.0
eacf58bf-9e97-4299-b176-75e028554818,21,18-25,Other,North America,Tablet,Premium,17.99,215.88,Gift Card,2,Documentary,27.46,0.62,High,43,At Risk,0,Retained,0.0
75c9cb84-d05c-4a42-8ab2-828d008f94ba,70,56+,Other,North America,Laptop,Basic,8.99,107.88,Gift Card,2,Horror,18.36,0.39,Medium,46,At Risk,1,Churned,8.99
dac932ff-cdf8-4b8d-a369-7a25f9bd7a0e,70,56+,Female,Africa,TV,Basic,8.99,107.88,Debit Card,5,Drama,1.26,0.06,Low,20,Active,1,Churned,8.99
39000a6b-840b-4387-8278-74242df72456,66,56+,Male,Oceania,Laptop,Standard,13.99,167.88,Gift Card,2,Action,0.29,0.1,Low,2,Active,1,Churned,13.99
0c1633dd-ffdf-4a8e-acf3-6b8726513703,55,46-55,Female,South America,Desktop,Premium,17.99,215.88,PayPal,3,Action,13.7,0.23,Medium,59,At Risk,1,Churned,17.99
4c9b0d0f-1fa8-439e-af1f-8282130cf0bf,28,26-35,Female,South America,Laptop,Standard,13.99,167.88,Crypto,3,Action,2.25,0.07,Low,30,At Risk,1,Churned,13.99
dbaf9169-5442-4b8c-b41d-b9f87f96e404,47,46-55,Other,Africa,Desktop,Premium,17.99,215.88,Debit Card,1,Documentary,7.74,0.3,Medium,25,At Risk,0,Retained,0.0
56eae98d-0f94-42e9-bc74-b87ee559adc0,38,36-45,Female,South America,Mobile,Basic,8.99,107.88,Credit Card,3,Comedy,7.99,0.29,Medium,27,At Risk,0,Retained,0.0
4234d7ee-c5d2-43be-ad24-1545623c4983,63,56+,Other,North America,Laptop,Premium,17.99,215.88,Gift Card,2,Horror,26.2,0.49,Medium,52,At Risk,0,Retained,0.0
a880a8d5-fd6c-4056-8fea-151329ac0bc0,29,26-35,Other,North America,TV,Standard,13.99,167.88,Crypto,2,Drama,8.15,0.58,High,13,Active,0,Retained,0.0
fe3fe07b-85b9-4f24-aef0-78a120ffca7d,39,36-45,Male,Africa,Laptop,Premium,17.99,215.88,Debit Card,2,Comedy,4.84,4.84,High,0,Active,0,Retained,0.0
da3695da-d79e-4240-be6f-e5252500e74c,23,18-25,Male,Oceania,Desktop,Basic,8.99,107.88,PayPal,3,Documentary,0.6,0.09,Low,6,Active,1,Churned,8.99
45556d1e-cca3-4681-91f0-c400a3523511,58,56+,Female,Oceania,Tablet,Basic,8.99,107.88,Debit Card,2,Documentary,10.42,1.49,High,6,Active,0,Retained,0.0
755ce452-4079-48bb-bc47-4ba2b2ecd942,26,26-35,Male,Oceania,Tablet,Standard,13.99,167.88,PayPal,5,Romance,2.35,0.09,Low,25,At Risk,0,Retained,0.0
fa010757-b01a-4f20-abed-bce22f5a810a,63,56+,Male,Oceania,Tablet,Premium,17.99,215.88,Gift Card,5,Comedy,3.17,0.21,Medium,14,Active,1,Churned,17.99
e2dfa569-35ea-412e-9a4e-2b194f5d62c8,37,36-45,Male,South America,TV,Premium,17.99,215.88,Crypto,2,Action,24.13,0.75,High,31,At Risk,0,Retained,0.0
003e8ce2-25ac-44b6-91db-fc2784528c36,48,46-55,Female,South America,Tablet,Standard,13.99,167.88,Crypto,1,Romance,3.84,0.16,Low,23,At Risk,1,Churned,13.99
e25b97a4-daab-4243-8698-14b71b085a13,32,26-35,Other,Europe,Desktop,Premium,17.99,215.88,Credit Card,5,Horror,14.31,0.33,Medium,43,At Risk,0,Retained,0.0
8acd78db-f4ed-4bc0-a385-0764a60e7b9f,64,56+,Female,North America,Tablet,Basic,8.99,107.88,Credit Card,5,Documentary,6.74,0.14,Low,46,At Risk,1,Churned,8.99
8a3af76b-7153-48c0-a775-3534fd49fe16,47,46-55,Female,Oceania,Mobile,Basic,8.99,107.88,Debit Card,5,Comedy,10.89,0.22,Medium,48,At Risk,1,Churned,8.99
8661f083-bf8b-497e-80af-74b5442aa691,48,46-55,Female,South America,Mobile,Standard,13.99,167.88,PayPal,5,Comedy,21.16,0.73,High,28,At Risk,0,Retained,0.0
e444d340-ba14-40bd-99f4-85f85f98cf78,44,36-45,Other,Asia,Tablet,Basic,8.99,107.88,Gift Card,5,Comedy,22.22,0.52,High,42,At Risk,0,Retained,0.0
e12dbde6-af94-4fed-8392-75efd9f8c1a8,44,36-45,Male,Asia,Desktop,Standard,13.99,167.88,Crypto,3,Horror,27.08,1.59,High,16,Active,0,Retained,0.0
095b2666-34f3-42ba-aaa6-f9512b8d30cc,49,46-55,Female,Africa,Mobile,Basic,8.99,107.88,Gift Card,1,Comedy,7.69,2.56,High,2,Active,0,Retained,0.0
d3c3d095-8b42-45d2-9c19-7e3fa96ca787,60,56+,Female,South America,Mobile,Basic,8.99,107.88,Crypto,1,Sci-Fi,15.01,0.71,High,20,Active,0,Retained,0.0
1aa16b12-fff7-48b4-9b72-fa22e08d058d,61,56+,Other,North America,TV,Premium,17.99,215.88,Crypto,5,Romance,12.59,1.05,High,11,Active,0,Retained,0.0
f8aa86e5-518a-4051-9727-74947064db92,68,56+,Female,Asia,Desktop,Basic,8.99,107.88,Crypto,3,Comedy,6.43,0.16,Low,38,At Risk,1,Churned,8.99
a92a788b-ae74-4716-9bea-7eb0b3cef793,55,46-55,Male,Europe,Mobile,Standard,13.99,167.88,PayPal,3,Horror,22.74,3.79,High,5,Active,0,Retained,0.0
17183448-1fc2-4e97-a5f2-36d1d5a9ca1e,54,46-55,Male,Europe,TV,Premium,17.99,215.88,Credit Card,5,Sci-Fi,10.36,0.2,Medium,50,At Risk,0,Retained,0.0
cdb0c59c-6086-4985-a133-bd141e1bb6ca,29,26-35,Female,Europe,Tablet,Basic,8.99,107.88,Crypto,3,Drama,0.65,0.05,Low,12,Active,1,Churned,8.99
dcb91836-142b-4bcd-b42c-f0b34c272121,56,56+,Other,Oceania,TV,Premium,17.99,215.88,Crypto,5,Sci-Fi,0.85,0.03,Low,29,At Risk,1,Churned,17.99
828e263c-a5a2-4390-8880-5851ba9395c1,18,18-25,Other,South America,Laptop,Premium,17.99,215.88,Gift Card,2,Horror,6.61,0.13,Low,50,At Risk,1,Churned,17.99
c54f6982-c7af-4460-b1ca-661c411ee091,26,26-35,Other,North America,Tablet,Standard,13.99,167.88,Debit Card,3,Romance,5.59,2.79,High,1,Active,0,Retained,0.0
e7c17a68-7cb0-445f-8d31-f2c1d07aab3d,24,18-25,Male,South America,TV,Standard,13.99,167.88,Credit Card,4,Drama,2.65,0.08,Low,32,At Risk,1,Churned,13.99
da5099cc-9057-4fcd-a133-8873336c7697,26,26-35,Male,South America,Mobile,Standard,13.99,167.88,Debit Card,5,Action,10.62,0.17,Medium,60,At Risk,0,Retained,0.0
2d6081cb-4964-472e-ad69-86ebf0dd7c1c,47,46-55,Male,South America,Mobile,Standard,13.99,167.88,Debit Card,3,Drama,4.22,0.32,Medium,12,Active,1,Churned,13.99
45edfde5-88c9-424d-8d71-709998c94939,59,56+,Male,Oceania,Mobile,Standard,13.99,167.88,PayPal,4,Documentary,7.33,0.33,Medium,21,At Risk,0,Retained,0.0
55e8d23c-b8a3-4bb1-9c03-3e14641639ac,25,18-25,Other,Europe,Tablet,Standard,13.99,167.88,Crypto,5,Horror,9.92,2.48,High,3,Active,0,Retained,0.0
def3e5b6-5ce0-4d69-b0b5-b39fad417a6d,35,26-35,Male,Oceania,Desktop,Premium,17.99,215.88,Gift Card,1,Horror,9.51,3.17,High,2,Active,0,Retained,0.0
b27e3290-ca39-4779-89db-6402ae280a3d,37,36-45,Other,Europe,Mobile,Basic,8.99,107.88,Crypto,2,Comedy,23.55,1.31,High,17,Active,0,Retained,0.0
3a23e4a5-22f8-4647-8717-8331fa5eba94,27,26-35,Female,Africa,Laptop,Standard,13.99,167.88,PayPal,1,Action,3.4,0.07,Low,46,At Risk,1,Churned,13.99
b945055d-449d-47e8-9f14-574ea7cea9a1,54,46-55,Other,Africa,Laptop,Standard,13.99,167.88,PayPal,5,Documentary,3.47,0.11,Low,31,At Risk,1,Churned,13.99
c5dc62ac-e177-461a-bc76-d7842de60ca8,66,56+,Female,Europe,Mobile,Standard,13.99,167.88,PayPal,2,Documentary,0.06,0.0,Low,58,At Risk,1,Churned,13.99
035988be-2cdb-4a69-a630-6d76bc1b97f6,64,56+,Female,Oceania,Laptop,Standard,13.99,167.88,Debit Card,3,Documentary,31.14,0.78,High,39,At Risk,0,Retained,0.0
8a0a4ccf-0708-43c7-8b95-12cf9b4fb001,38,36-45,Female,South America,Desktop,Basic,8.99,107.88,Gift Card,2,Drama,5.61,0.43,Medium,12,Active,1,Churned,8.99
f044c71b-3fed-4121-9cd6-b3a3d0be4cf6,53,46-55,Male,Africa,Laptop,Standard,13.99,167.88,Debit Card,3,Romance,3.74,0.17,Medium,21,At Risk,1,Churned,13.99
77a6c968-3ec1-4c82-ae01-a2e5b4db0931,51,46-55,Female,Africa,TV,Premium,17.99,215.88,PayPal,2,Drama,0.46,0.06,Low,7,Active,1,Churned,17.99
6a53dd10-b7e8-44f2-8f4a-56015f9a5c61,69,56+,Male,South America,Desktop,Basic,8.99,107.88,PayPal,1,Comedy,4.88,0.16,Low,29,At Risk,1,Churned,8.99
bbe577b2-0e7e-44de-aec5-8d54cbb0eed8,61,56+,Male,Africa,Tablet,Standard,13.99,167.88,Crypto,2,Comedy,8.85,0.63,High,13,Active,0,Retained,0.0
8b412cdc-c03a-456c-af50-3d045bc026ee,18,18-25,Male,Africa,Tablet,Basic,8.99,107.88,Gift Card,1,Romance,4.91,0.11,Low,44,At Risk,1,Churned,8.99
735190c8-4a3d-46a6-885f-795f3ecdad42,31,26-35,Female,North America,Desktop,Basic,8.99,107.88,Credit Card,2,Action,2.82,0.05,Low,51,At Risk,1,Churned,8.99
f60e85aa-2c80-4282-9a7e-885c5b1801fd,29,26-35,Other,North America,Tablet,Standard,13.99,167.88,Debit Card,4,Action,2.22,0.06,Low,34,At Risk,1,Churned,13.99
43316923-630e-4b9d-97af-cc263e0b56e3,45,36-45,Female,Europe,Laptop,Premium,17.99,215.88,Credit Card,2,Horror,9.28,0.27,Medium,34,At Risk,1,Churned,17.99
67ce86b7-0f74-4af8-acf1-5987206db796,41,36-45,Male,South America,Tablet,Premium,17.99,215.88,PayPal,5,Drama,10.7,0.21,Medium,50,At Risk,0,Retained,0.0
87d5811f-29bd-480a-b53e-8b2775331cfe,69,56+,Female,Africa,Laptop,Basic,8.99,107.88,Crypto,4,Documentary,9.95,0.28,Medium,34,At Risk,1,Churned,8.99
6d446445-a1b2-455d-bba9-d7f3077c0a10,33,26-35,Male,Asia,Tablet,Standard,13.99,167.88,Credit Card,1,Sci-Fi,2.31,0.05,Low,46,At Risk,1,Churned,13.99
dce7ccc8-e51c-4cb3-9aed-7f952220a2d1,55,46-55,Female,North America,Mobile,Premium,17.99,215.88,PayPal,5,Drama,2.59,0.14,Low,17,Active,0,Retained,0.0
688d52ac-3051-4780-b1f1-5436fdb4d51b,34,26-35,Female,North America,Tablet,Premium,17.99,215.88,Crypto,5,Drama,14.62,0.3,Medium,47,At Risk,1,Churned,17.99
efe57503-644e-4224-a159-a8d880e1676b,68,56+,Other,Oceania,Mobile,Basic,8.99,107.88,Credit Card,5,Sci-Fi,2.39,0.05,Low,47,At Risk,1,Churned,8.99
8a965066-832a-445b-a5d3-6935102c89a0,32,26-35,Male,Oceania,Laptop,Basic,8.99,107.88,Credit Card,2,Drama,26.07,0.69,High,37,At Risk,0,Retained,0.0
211cc3e6-2493-4cb5-a05d-648a8b62339e,64,56+,Male,Europe,Desktop,Basic,8.99,107.88,Credit Card,3,Romance,15.08,0.41,Medium,36,At Risk,1,Churned,8.99
827b839a-2a40-41e8-a668-3e84708aab8d,44,36-45,Female,North America,Desktop,Basic,8.99,107.88,Debit Card,5,Romance,47.4,4.74,High,9,Active,0,Retained,0.0
5a434596-ec80-4d47-a472-46587f20a98f,29,26-35,Other,Africa,Desktop,Standard,13.99,167.88,Debit Card,3,Action,0.53,0.04,Low,13,Active,1,Churned,13.99
6c297fda-c973-4435-ac49-c330b5e20030,40,36-45,Male,Oceania,Desktop,Basic,8.99,107.88,Debit Card,2,Drama,2.24,0.22,Medium,9,Active,1,Churned,8.99
e7336493-b9bd-47ee-9298-a74a91625ab9,57,56+,Other,North America,Desktop,Basic,8.99,107.88,Debit Card,1,Romance,6.73,0.13,Low,51,At Risk,1,Churned,8.99
14ef7d6f-0c7f-448e-8bb2-a718401cd8a9,47,46-55,Other,Africa,TV,Premium,17.99,215.88,Crypto,5,Sci-Fi,12.6,0.24,Medium,52,At Risk,1,Churned,17.99
3914fd90-24cd-4681-a26a-2ba4a2a159f9,31,26-35,Other,Africa,Laptop,Standard,13.99,167.88,Debit Card,1,Drama,0.21,0.01,Low,16,Active,1,Churned,13.99
5f056e77-b597-4372-81ec-74cfa153e832,66,56+,Female,Africa,Desktop,Premium,17.99,215.88,Credit Card,3,Documentary,19.19,0.47,Medium,40,At Risk,1,Churned,17.99
f1f834a6-23c4-405a-b5f2-dfd604ce318b,32,26-35,Other,Oceania,Desktop,Premium,17.99,215.88,Credit Card,5,Drama,5.09,0.13,Low,37,At Risk,0,Retained,0.0
2cf69775-8761-45e2-a44d-b4bd0669b757,55,46-55,Other,Africa,Tablet,Premium,17.99,215.88,Gift Card,1,Action,1.63,0.03,Low,52,At Risk,1,Churned,17.99
4f25b8c4-d5c9-4131-af78-55e3ffeed2dd,48,46-55,Female,South America,Tablet,Basic,8.99,107.88,Debit Card,1,Drama,4.59,0.08,Low,55,At Risk,1,Churned,8.99
c51b4715-3ce4-49e7-9102-508107212399,66,56+,Female,Europe,Desktop,Premium,17.99,215.88,Crypto,2,Romance,2.29,0.04,Low,52,At Risk,1,Churned,17.99
2430b31a-ab1d-4aeb-9d8f-5b5bb2427ff5,60,56+,Female,North America,Laptop,Premium,17.99,215.88,Gift Card,2,Comedy,2.09,0.14,Low,14,Active,1,Churned,17.99
a06f6ebb-cdf1-4d0a-ab74-c3c1b86d53ae,34,26-35,Male,Africa,TV,Premium,17.99,215.88,Crypto,4,Horror,27.92,0.78,High,35,At Risk,0,Retained,0.0
b160aa5f-532a-4e17-999d-5d17abb3926f,38,36-45,Other,Asia,Tablet,Standard,13.99,167.88,Gift Card,4,Documentary,32.69,4.09,High,7,Active,0,Retained,0.0
f7f78b0a-14a9-43c0-8ab4-dbae4364badc,22,18-25,Male,Africa,Desktop,Premium,17.99,215.88,Gift Card,4,Documentary,1.78,0.1,Low,17,Active,1,Churned,17.99
6516706c-08dd-4be3-9bcf-d8cc39b8e59b,24,18-25,Female,Africa,TV,Basic,8.99,107.88,Credit Card,3,Sci-Fi,8.27,0.55,High,14,Active,0,Retained,0.0
e518b0d5-b916-43a0-9f3e-23030ae34aa7,65,56+,Other,Oceania,Desktop,Standard,13.99,167.88,PayPal,4,Horror,10.38,0.94,High,10,Active,0,Retained,0.0
ca6e759e-e5b0-4f69-b548-2acfba9ef338,41,36-45,Male,South America,Tablet,Premium,17.99,215.88,Gift Card,3,Documentary,10.81,0.24,Medium,44,At Risk,1,Churned,17.99
b0d6c364-2083-42c5-9c6f-92fb5a21a71a,20,18-25,Other,Africa,Laptop,Premium,17.99,215.88,Credit Card,3,Romance,2.86,0.08,Low,34,At Risk,1,Churned,17.99
5d26a7bf-3240-4197-a94c-369861b65c37,50,46-55,Male,Oceania,Tablet,Premium,17.99,215.88,Gift Card,5,Horror,7.96,0.15,Low,51,At Risk,1,Churned,17.99
58ae61ba-c2a5-4ae2-b3ec-3a99c8ea6357,38,36-45,Other,North America,Tablet,Standard,13.99,167.88,Crypto,5,Drama,29.16,0.62,High,46,At Risk,0,Retained,0.0
f55fe025-31da-4f50-ab61-f691c3fc3631,30,26-35,Female,Oceania,TV,Basic,8.99,107.88,Gift Card,4,Romance,12.11,0.47,Medium,25,At Risk,0,Retained,0.0
b78b1bc6-d7d2-45a0-ba76-f10383ccc023,35,26-35,Female,South America,TV,Premium,17.99,215.88,Gift Card,2,Action,14.42,0.47,Medium,30,At Risk,0,Retained,0.0
7bb98f8f-da88-4641-9a18-990f20e1ec42,35,26-35,Male,Asia,Desktop,Standard,13.99,167.88,Debit Card,2,Drama,1.91,0.05,Low,38,At Risk,1,Churned,13.99
8639ee6f-b8d5-4f6a-949e-ede441e48612,59,56+,Male,Oceania,Desktop,Premium,17.99,215.88,Debit Card,2,Action,9.49,0.22,Medium,42,At Risk,1,Churned,17.99
4cac4adf-90cb-4cce-a753-7aee0a1c21ae,27,26-35,Male,Oceania,Tablet,Premium,17.99,215.88,Gift Card,2,Action,2.83,0.07,Low,37,At Risk,1,Churned,17.99
ed8ebb86-abad-4cd8-b5b9-c5a6fb6abac7,22,18-25,Other,Africa,Desktop,Standard,13.99,167.88,Gift Card,5,Horror,0.72,0.01,Low,49,At Risk,1,Churned,13.99
d9ebed4c-cdb4-468e-a1e1-9e2cf8ad491d,23,18-25,Female,Europe,Tablet,Premium,17.99,215.88,Debit Card,1,Drama,5.48,0.32,Medium,16,Active,0,Retained,0.0
ad1bd590-72fa-472e-9a02-22ec6cd82e5f,24,18-25,Other,South America,Tablet,Basic,8.99,107.88,Credit Card,4,Horror,5.28,0.09,Low,55,At Risk,1,Churned,8.99
e68fd0c3-ad0e-46be-b2c8-233662c68310,20,18-25,Other,Africa,Tablet,Standard,13.99,167.88,Gift Card,1,Comedy,8.96,0.26,Medium,34,At Risk,1,Churned,13.99
6b127fa4-cce8-4a17-8b7f-926b1d1edd42,19,18-25,Male,Asia,Mobile,Premium,17.99,215.88,Crypto,2,Action,14.47,0.52,High,27,At Risk,0,Retained,0.0
c8cfc65c-6035-46d5-8c9c-d7bb68bf9f20,27,26-35,Other,Asia,Laptop,Premium,17.99,215.88,Credit Card,1,Sci-Fi,1.44,0.03,Low,48,At Risk,1,Churned,17.99
c0670d76-1e6f-4c29-b07e-c28c5ce90b62,33,26-35,Other,Europe,Tablet,Standard,13.99,167.88,Gift Card,2,Sci-Fi,16.3,1.36,High,11,Active,0,Retained,0.0
dca23069-4f5f-4525-9277-eadd2bc97e9c,21,18-25,Male,South America,TV,Basic,8.99,107.88,Crypto,2,Sci-Fi,8.58,0.19,Medium,44,At Risk,1,Churned,8.99
8e164955-faf6-4390-8b3f-f65a067bdf27,61,56+,Female,South America,Tablet,Standard,13.99,167.88,Gift Card,1,Sci-Fi,6.67,0.95,High,6,Active,0,Retained,0.0
8f0aadba-150a-48c7-a659-16e5cee03b2e,67,56+,Female,South America,Desktop,Basic,8.99,107.88,Debit Card,4,Sci-Fi,35.37,1.26,High,27,At Risk,0,Retained,0.0
9836211a-c1be-4ccd-b56c-fe50e8f975fd,18,18-25,Male,Africa,Desktop,Standard,13.99,167.88,Debit Card,4,Horror,3.57,0.07,Low,50,At Risk,1,Churned,13.99
28f087f2-d7ca-4d0c-b8cc-17ac530ecd68,25,18-25,Female,Asia,Tablet,Premium,17.99,215.88,Crypto,2,Horror,33.04,0.87,High,37,At Risk,0,Retained,0.0
b392aeef-57c0-4bfd-95a8-0d91d61a7493,48,46-55,Male,Asia,Desktop,Basic,8.99,107.88,Crypto,5,Documentary,6.44,0.16,Low,40,At Risk,1,Churned,8.99
be65e2d8-f330-4919-af85-108de70426dd,60,56+,Other,North America,Mobile,Standard,13.99,167.88,Crypto,5,Romance,10.1,0.35,Medium,28,At Risk,0,Retained,0.0
2b853bf7-98c9-4980-8425-80cf8a0b472b,50,46-55,Other,South America,Mobile,Basic,8.99,107.88,Credit Card,3,Documentary,3.37,0.84,High,3,Active,0,Retained,0.0
48231d68-14ab-4cff-a17c-f9fb1022ba1a,43,36-45,Male,Africa,Laptop,Standard,13.99,167.88,Gift Card,4,Drama,16.44,0.27,Medium,60,At Risk,1,Churned,13.99
7501de45-fff5-4212-8179-1c1877baab45,26,26-35,Male,Asia,TV,Standard,13.99,167.88,Debit Card,4,Horror,11.12,3.71,High,2,Active,0,Retained,0.0
c8dd50f4-f755-486a-a904-024a1be2ba69,25,18-25,Female,Africa,Desktop,Premium,17.99,215.88,Gift Card,4,Sci-Fi,11.67,0.65,High,17,Active,0,Retained,0.0
f739acc1-b74a-4659-87ee-b634e946c9b5,26,26-35,Male,Oceania,TV,Basic,8.99,107.88,PayPal,1,Horror,10.54,0.38,Medium,27,At Risk,1,Churned,8.99
5095a93a-4007-4f71-b9c0-063e9a8f41e5,67,56+,Other,North America,Tablet,Standard,13.99,167.88,PayPal,4,Drama,17.13,0.4,Medium,42,At Risk,0,Retained,0.0
927b4844-c0e6-41ba-bb80-76019beb67c8,47,46-55,Other,Asia,Tablet,Premium,17.99,215.88,Debit Card,3,Drama,33.79,0.64,High,52,At Risk,0,Retained,0.0
a4d87de9-69bf-459a-b5e9-95b76b21badb,33,26-35,Male,Asia,TV,Premium,17.99,215.88,Debit Card,2,Comedy,32.7,0.68,High,47,At Risk,0,Retained,0.0
625dc945-cbd7-42b5-9199-2f64f2abd664,41,36-45,Other,Africa,Laptop,Standard,13.99,167.88,Gift Card,5,Comedy,3.59,0.09,Low,41,At Risk,1,Churned,13.99
72adca9f-6269-4e59-a56b-cb03c699549c,47,46-55,Male,Africa,TV,Premium,17.99,215.88,Gift Card,3,Comedy,22.31,3.19,High,6,Active,0,Retained,0.0
fce4863c-99e6-4058-ab31-561b8607bbe4,50,46-55,Female,Europe,Laptop,Basic,8.99,107.88,Gift Card,3,Sci-Fi,7.45,2.48,High,2,Active,0,Retained,0.0
f6652572-c33f-4cf6-ba8e-db6ce43bf4b9,56,56+,Other,Asia,Tablet,Premium,17.99,215.88,PayPal,4,Horror,3.41,0.06,Low,53,At Risk,1,Churned,17.99
b9380b2a-266e-4475-a158-19726cfc98f7,26,26-35,Female,North America,Mobile,Basic,8.99,107.88,Crypto,4,Action,14.85,0.55,High,26,At Risk,0,Retained,0.0
e9b2749d-d99a-4826-96f7-a9b971b69714,24,18-25,Other,Europe,Mobile,Basic,8.99,107.88,Credit Card,4,Romance,17.04,0.71,High,23,At Risk,0,Retained,0.0
c448fef8-33e2-4067-b717-ae7f77695a51,51,46-55,Male,Africa,TV,Premium,17.99,215.88,Debit Card,4,Romance,0.19,0.01,Low,20,Active,0,Retained,0.0
aed594ac-9218-427f-8d52-d137f7604c5f,50,46-55,Male,Asia,Tablet,Premium,17.99,215.88,Debit Card,4,Horror,13.05,0.41,Medium,31,At Risk,0,Retained,0.0
7370e647-9b05-42bd-8ede-b893eebcbafc,35,26-35,Other,North America,Tablet,Basic,8.99,107.88,Debit Card,5,Action,0.87,0.01,Low,58,At Risk,1,Churned,8.99
60d0282f-3849-479f-a487-9a3b59e0c727,53,46-55,Male,North America,Tablet,Premium,17.99,215.88,PayPal,3,Drama,1.83,0.11,Low,15,Active,1,Churned,17.99
3f92d3cc-76cc-4fc6-a6fb-cfea5a0292be,32,26-35,Female,Asia,Laptop,Standard,13.99,167.88,Gift Card,3,Sci-Fi,52.67,1.5,High,34,At Risk,0,Retained,0.0
c98b0d35-2af6-43a6-8589-e358859de87f,34,26-35,Female,Asia,TV,Basic,8.99,107.88,Credit Card,5,Action,37.61,0.74,High,50,At Risk,0,Retained,0.0
052e5ea6-7c77-4cc2-9437-1baf5694adb5,69,56+,Male,Oceania,TV,Standard,13.99,167.88,Debit Card,4,Documentary,11.83,1.48,High,7,Active,0,Retained,0.0
2452bd61-488e-4fa5-a947-3329c9d4aac3,31,26-35,Male,Oceania,Desktop,Premium,17.99,215.88,Crypto,4,Comedy,2.62,0.07,Low,34,At Risk,1,Churned,17.99
800c65d1-ea65-45d2-843e-b710461c44fd,58,56+,Female,Asia,Tablet,Premium,17.99,215.88,PayPal,1,Action,25.6,0.46,Medium,55,At Risk,0,Retained,0.0
00dda31e-daec-401f-af63-32a4bd2be0f9,42,36-45,Female,South America,Laptop,Basic,8.99,107.88,Crypto,5,Sci-Fi,9.75,0.2,Medium,48,At Risk,1,Churned,8.99
62d7e157-addd-463a-8fa3-07f8f309d8ca,35,26-35,Other,Asia,TV,Basic,8.99,107.88,PayPal,3,Horror,0.03,0.01,Low,5,Active,1,Churned,8.99
134fda45-9bd5-42dd-8192-f1b24ff87fc8,61,56+,Female,Europe,Mobile,Premium,17.99,215.88,Credit Card,2,Sci-Fi,16.44,0.71,High,22,At Risk,0,Retained,0.0
5df7e878-2b99-4215-813e-76ddff65867e,19,18-25,Female,Europe,Desktop,Standard,13.99,167.88,Crypto,3,Action,2.38,0.12,Low,19,Active,1,Churned,13.99
f6b53553-e1df-4c96-ab51-1b9f5d512011,65,56+,Male,Asia,Tablet,Standard,13.99,167.88,PayPal,2,Drama,19.08,0.36,Medium,52,At Risk,1,Churned,13.99
4bcc6a9a-9a97-477c-9fef-531b6bee4626,24,18-25,Male,Africa,Desktop,Standard,13.99,167.88,Crypto,5,Sci-Fi,19.5,0.43,Medium,44,At Risk,1,Churned,13.99
4b1239ba-6b62-4d21-a8a6-2b59b284a1b9,25,18-25,Other,Africa,Desktop,Premium,17.99,215.88,Credit Card,3,Comedy,11.65,0.61,High,18,Active,0,Retained,0.0
10180c1a-d001-46c9-910a-1a232602a1e2,20,18-25,Male,South America,Tablet,Basic,8.99,107.88,Gift Card,2,Drama,10.81,0.47,Medium,22,At Risk,1,Churned,8.99
91d28d6e-d797-43b0-918a-180131e67a89,37,36-45,Male,Oceania,Mobile,Standard,13.99,167.88,Debit Card,4,Drama,21.24,0.51,Medium,41,At Risk,0,Retained,0.0
0e25484d-2192-4933-af25-8c1ce66ddef1,30,26-35,Female,Asia,Mobile,Basic,8.99,107.88,PayPal,4,Romance,19.21,0.84,High,22,At Risk,0,Retained,0.0
b8109934-3350-4d7d-a4a2-4665cbbac2b0,44,36-45,Other,Africa,Laptop,Standard,13.99,167.88,Credit Card,4,Comedy,7.64,0.21,Medium,35,At Risk,0,Retained,0.0
37efe8d4-f30b-4839-8707-67cfb77cc1ff,62,56+,Female,South America,Mobile,Basic,8.99,107.88,Crypto,5,Drama,1.8,0.36,Medium,4,Active,1,Churned,8.99
3127338f-47d9-4aa7-b9f6-79107e057b80,46,46-55,Other,South America,TV,Basic,8.99,107.88,Debit Card,5,Comedy,8.48,0.24,Medium,34,At Risk,1,Churned,8.99
0a8aa6a2-ba3d-4042-b959-8cb224db42f2,63,56+,Other,South America,Mobile,Premium,17.99,215.88,PayPal,4,Documentary,20.27,0.35,Medium,57,At Risk,0,Retained,0.0
f267db4a-af7e-447d-b5b2-09798e3160a4,41,36-45,Male,North America,Tablet,Basic,8.99,107.88,PayPal,1,Drama,17.87,2.55,High,6,Active,0,Retained,0.0
7e3de2a4-1eda-4822-9414-edf630b56ca0,63,56+,Male,Oceania,Tablet,Standard,13.99,167.88,PayPal,4,Action,3.82,0.12,Low,31,At Risk,1,Churned,13.99
c08952b5-9e61-464b-8118-851535b2f0a0,52,46-55,Female,North America,Laptop,Basic,8.99,107.88,Gift Card,1,Sci-Fi,41.33,0.98,High,41,At Risk,1,Churned,8.99
e183f03b-e7ec-425a-b5be-b5c7ee8010b2,50,46-55,Male,Oceania,Tablet,Premium,17.99,215.88,PayPal,5,Drama,25.98,0.68,High,37,At Risk,0,Retained,0.0
fa9e2423-d295-4fb8-af3c-4197ee5b7435,30,26-35,Male,North America,Desktop,Standard,13.99,167.88,Debit Card,4,Sci-Fi,1.87,0.06,Low,28,At Risk,0,Retained,0.0
ed914a01-62e5-4b18-b4ad-1e9a28c3a68c,50,46-55,Other,Europe,Desktop,Basic,8.99,107.88,Debit Card,1,Drama,2.85,0.12,Low,22,At Risk,1,Churned,8.99
53c0345a-7d19-48bd-b659-70d4a6781dfb,61,56+,Female,North America,Desktop,Standard,13.99,167.88,PayPal,5,Horror,5.84,0.1,Low,58,At Risk,0,Retained,0.0
6d6a8d7b-f943-4279-ba4f-f2fcc8df2fc0,30,26-35,Male,Oceania,Tablet,Basic,8.99,107.88,Credit Card,3,Horror,1.07,0.03,Low,35,At Risk,1,Churned,8.99
783898c5-a397-44be-9556-e1fd61bf35e9,43,36-45,Female,Europe,TV,Basic,8.99,107.88,Credit Card,2,Horror,12.52,0.46,Medium,26,At Risk,0,Retained,0.0
82dee3af-9f17-421c-8d3e-2177420183e1,56,56+,Other,Oceania,TV,Premium,17.99,215.88,Debit Card,1,Romance,2.04,0.07,Low,27,At Risk,1,Churned,17.99
05aa98f7-b533-4184-9f57-bafe5be92e11,35,26-35,Female,Africa,Tablet,Basic,8.99,107.88,Gift Card,5,Documentary,7.06,0.47,Medium,14,Active,0,Retained,0.0
a16eabd8-7500-401f-a09f-c196e8084525,61,56+,Other,Europe,TV,Standard,13.99,167.88,Crypto,2,Romance,12.41,1.13,High,10,Active,0,Retained,0.0
125660b9-b996-4330-b1c1-c12ecf075f80,40,36-45,Other,Africa,Mobile,Basic,8.99,107.88,Credit Card,1,Comedy,75.99,7.6,High,9,Active,0,Retained,0.0
c214433b-2cd5-42bb-8b59-657928b311a6,57,56+,Other,North America,Tablet,Standard,13.99,167.88,Crypto,5,Romance,4.99,0.5,Medium,9,Active,0,Retained,0.0
ff769f45-e8c0-4224-8fef-763d9b9cf9b6,19,18-25,Other,South America,Desktop,Standard,13.99,167.88,Debit Card,4,Romance,12.97,0.35,Medium,36,At Risk,0,Retained,0.0
7aaf4a07-bbee-41cc-b800-8084935b8b7c,55,46-55,Female,Asia,Tablet,Premium,17.99,215.88,PayPal,2,Comedy,9.52,0.59,High,15,Active,0,Retained,0.0
7cd4a8f6-a14a-4c46-9c67-d52b2279855e,41,36-45,Other,Asia,Laptop,Basic,8.99,107.88,Crypto,3,Comedy,2.09,0.04,Low,52,At Risk,1,Churned,8.99
4231d1df-7cdf-491d-b0ca-794940a56bfd,22,18-25,Female,Asia,TV,Standard,13.99,167.88,Debit Card,1,Sci-Fi,19.19,0.64,High,29,At Risk,0,Retained,0.0
f1cfed63-b6f3-4af8-b406-dc92beac76ce,35,26-35,Female,Oceania,Laptop,Standard,13.99,167.88,Debit Card,5,Documentary,0.45,0.06,Low,7,Active,0,Retained,0.0
914a0ec2-9ccc-4c89-a18e-4a95f8f38049,35,26-35,Other,South America,TV,Premium,17.99,215.88,Debit Card,1,Comedy,5.39,0.1,Low,54,At Risk,1,Churned,17.99
c39ca4e9-d9f8-440e-a74b-56d91473dd2c,70,56+,Male,North America,Mobile,Premium,17.99,215.88,Crypto,3,Drama,15.73,0.28,Medium,56,At Risk,1,Churned,17.99
edfd175f-6d64-4ba5-9c17-5ed2312cfb32,32,26-35,Female,South America,Desktop,Premium,17.99,215.88,PayPal,2,Romance,14.36,14.36,High,0,Active,0,Retained,0.0
c251eb3b-1929-4c6a-a29e-7bb49e637a0a,25,18-25,Other,Asia,Laptop,Basic,8.99,107.88,Credit Card,4,Comedy,15.26,0.44,Medium,34,At Risk,1,Churned,8.99
4c80103d-ac0a-4e95-a494-7ba0f6388867,49,46-55,Female,North America,Tablet,Basic,8.99,107.88,Credit Card,4,Comedy,1.58,0.05,Low,29,At Risk,1,Churned,8.99
ae7ea312-9fa1-40ef-a563-25d4efa57399,49,46-55,Other,Europe,Mobile,Standard,13.99,167.88,Debit Card,4,Action,2.76,0.13,Low,20,Active,0,Retained,0.0
9eec0f0f-8898-49ab-bdd4-59839a8a1d9d,67,56+,Female,Africa,Laptop,Basic,8.99,107.88,Gift Card,4,Horror,6.88,0.15,Low,44,At Risk,1,Churned,8.99
0b97eae3-769e-4f45-bdc7-47173286870f,39,36-45,Male,Asia,Desktop,Premium,17.99,215.88,PayPal,2,Drama,4.22,0.12,Low,33,At Risk,1,Churned,17.99
97b3ebca-2895-42c0-8c95-d75f212b5efa,34,26-35,Other,Oceania,Laptop,Basic,8.99,107.88,Gift Card,2,Romance,4.43,0.13,Low,33,At Risk,1,Churned,8.99
72b5dad8-35cd-4e5b-b5f6-9fd189e46db5,27,26-35,Other,South America,Tablet,Premium,17.99,215.88,Crypto,5,Romance,5.05,0.11,Low,47,At Risk,1,Churned,17.99
bc0deac4-46d4-46a3-aa7f-7e4f7d0cd88c,53,46-55,Female,Asia,Mobile,Standard,13.99,167.88,Crypto,1,Horror,3.47,0.09,Low,38,At Risk,1,Churned,13.99
33ce32b1-a79b-4b4f-8e3f-a73a326be03a,31,26-35,Male,Asia,TV,Premium,17.99,215.88,Debit Card,4,Action,8.88,0.34,Medium,25,At Risk,0,Retained,0.0
0d5125bb-9a77-46fd-a008-e12965c68f6e,46,46-55,Other,Oceania,Desktop,Basic,8.99,107.88,Credit Card,1,Horror,19.72,0.41,Medium,47,At Risk,1,Churned,8.99
7c554923-0fc8-4af4-9482-48ddaa9af4ce,30,26-35,Female,Africa,TV,Standard,13.99,167.88,Credit Card,4,Documentary,28.52,0.98,High,28,At Risk,0,Retained,0.0
4aaa4b30-0995-42b2-86f8-acd420bd1f27,65,56+,Other,Asia,Desktop,Standard,13.99,167.88,PayPal,5,Action,3.26,0.08,Low,41,At Risk,1,Churned,13.99
0b4d9c35-a743-4c45-acac-1953cacbac29,64,56+,Male,Africa,Mobile,Standard,13.99,167.88,Credit Card,4,Sci-Fi,1.24,0.12,Low,9,Active,0,Retained,0.0
6f2eb696-241e-4d07-b0dd-f8fa78955fc7,38,36-45,Other,Asia,Mobile,Standard,13.99,167.88,Debit Card,5,Documentary,32.73,1.49,High,21,At Risk,0,Retained,0.0
37eab84e-f904-41ee-9fa0-9160d1a8ac85,56,56+,Female,North America,Tablet,Basic,8.99,107.88,Credit Card,4,Documentary,20.91,0.58,High,35,At Risk,0,Retained,0.0
07d39ac7-4f54-407c-9065-d2de9017092b,34,26-35,Male,South America,TV,Standard,13.99,167.88,Gift Card,3,Drama,8.59,0.48,Medium,17,Active,0,Retained,0.0
a816aad2-ddc6-4714-9013-8d76b4de89e5,35,26-35,Female,Asia,Tablet,Basic,8.99,107.88,PayPal,4,Horror,7.37,0.74,High,9,Active,0,Retained,0.0
4825a472-0710-4ab2-824d-2fdd30ed23ca,27,26-35,Male,Europe,Mobile,Premium,17.99,215.88,Credit Card,4,Action,18.7,0.62,High,29,At Risk,0,Retained,0.0
934908b3-41b9-4415-bbad-0f3032a18506,52,46-55,Other,Asia,Mobile,Basic,8.99,107.88,PayPal,5,Action,2.11,0.04,Low,46,At Risk,1,Churned,8.99
c52a8297-84ec-4e1f-8193-4ee88a0fc34e,46,46-55,Male,Africa,Tablet,Premium,17.99,215.88,Gift Card,4,Horror,21.11,0.43,Medium,48,At Risk,0,Retained,0.0
b2161461-eb4c-4473-a193-e167ba3c784c,56,56+,Other,Asia,Laptop,Basic,8.99,107.88,Credit Card,5,Documentary,2.19,0.06,Low,35,At Risk,1,Churned,8.99
c5fc233b-21e3-410c-85bf-742fca828d6a,44,36-45,Male,Asia,Mobile,Premium,17.99,215.88,Debit Card,5,Romance,30.04,0.53,High,56,At Risk,0,Retained,0.0
3ca556af-b4d6-4c39-bb53-f00960221cbf,36,36-45,Male,Asia,Laptop,Basic,8.99,107.88,Credit Card,4,Documentary,12.52,1.79,High,6,Active,0,Retained,0.0
5a11d8d0-cb62-456e-939d-ae4a8cbdde5c,62,56+,Male,Asia,Mobile,Standard,13.99,167.88,PayPal,2,Documentary,21.13,0.57,High,36,At Risk,0,Retained,0.0
b7fd931c-d59d-466c-b104-dc8819641e5d,60,56+,Other,Europe,Desktop,Standard,13.99,167.88,Debit Card,1,Documentary,13.86,1.54,High,8,Active,0,Retained,0.0
c175fd94-acfe-41f0-9c92-0f5e386499fe,21,18-25,Female,Africa,Laptop,Standard,13.99,167.88,Crypto,5,Horror,12.52,0.27,Medium,46,At Risk,1,Churned,13.99
0a762b77-7701-436c-a5e6-2b4a2cff7d03,53,46-55,Male,North America,Tablet,Premium,17.99,215.88,Crypto,4,Drama,2.27,0.06,Low,38,At Risk,1,Churned,17.99
ffdf0f37-5ab0-4b5d-b33d-1a4a11e02c70,70,56+,Male,Oceania,Tablet,Basic,8.99,107.88,Crypto,3,Sci-Fi,1.69,0.07,Low,23,At Risk,1,Churned,8.99
d4b6b1c5-e809-4a36-9126-c485c93c2099,32,26-35,Male,North America,Mobile,Premium,17.99,215.88,Crypto,3,Action,0.53,0.02,Low,23,At Risk,1,Churned,17.99
fac8f5fe-151e-4991-98a9-7906520b9967,39,36-45,Female,Asia,TV,Basic,8.99,107.88,PayPal,4,Romance,6.52,0.12,Low,54,At Risk,1,Churned,8.99
b794556e-1123-4c20-bc98-4ad400d68f76,35,26-35,Female,Oceania,Tablet,Standard,13.99,167.88,Gift Card,2,Comedy,2.19,0.04,Low,57,At Risk,1,Churned,13.99
abcdc4df-ade6-4dc0-a29f-26751510f091,26,26-35,Other,Asia,Laptop,Standard,13.99,167.88,PayPal,4,Horror,4.42,0.08,Low,55,At Risk,1,Churned,13.99
92a658bc-f2c1-4f19-ba0a-5f8627195a23,38,36-45,Female,Africa,Tablet,Standard,13.99,167.88,Crypto,3,Drama,3.79,0.11,Low,32,At Risk,1,Churned,13.99
9176aa47-8f35-4b61-aa0c-7f5e82ef4315,31,26-35,Female,Oceania,Tablet,Basic,8.99,107.88,Credit Card,3,Documentary,0.42,0.01,Low,43,At Risk,1,Churned,8.99
a74837e1-dc9c-4feb-a9f4-4091b15d15ea,43,36-45,Male,Europe,Tablet,Premium,17.99,215.88,Debit Card,4,Sci-Fi,0.05,0.0,Low,33,At Risk,1,Churned,17.99
9e6a25d6-4014-4c58-a23f-6016815d6f31,62,56+,Other,Oceania,Tablet,Basic,8.99,107.88,Debit Card,5,Romance,6.72,0.34,Medium,19,Active,0,Retained,0.0
c52e4d67-f98f-4f1e-83a0-ec401295cd65,28,26-35,Male,Europe,Laptop,Standard,13.99,167.88,PayPal,4,Action,1.05,0.04,Low,26,At Risk,0,Retained,0.0
6d40b2a3-6520-4f59-b076-276940e28dee,19,18-25,Female,Africa,Laptop,Premium,17.99,215.88,PayPal,3,Action,4.06,0.51,Medium,7,Active,0,Retained,0.0
65c8b6a9-0386-40de-b313-0ccfd413fda0,34,26-35,Other,Oceania,Mobile,Premium,17.99,215.88,Credit Card,1,Drama,9.67,1.21,High,7,Active,0,Retained,0.0
eab869fb-6318-4e76-ad3d-453d4fd7a219,59,56+,Male,North America,Mobile,Premium,17.99,215.88,Debit Card,3,Romance,6.27,0.48,Medium,12,Active,0,Retained,0.0
f30ef5c3-be17-4886-9bcf-a859532fbfef,27,26-35,Other,South America,Tablet,Basic,8.99,107.88,Debit Card,3,Romance,2.58,0.37,Medium,6,Active,1,Churned,8.99
086bac2e-0490-4c8b-8b1e-5b9813ef2e72,65,56+,Other,Africa,Mobile,Standard,13.99,167.88,Credit Card,1,Romance,10.07,0.48,Medium,20,Active,0,Retained,0.0
13169809-d529-496b-a4f8-1d470a744300,22,18-25,Other,Europe,Mobile,Standard,13.99,167.88,Gift Card,1,Action,2.12,0.04,Low,58,At Risk,1,Churned,13.99
0a7127ae-3d90-4b6d-8249-484df4905aec,51,46-55,Male,Asia,Laptop,Standard,13.99,167.88,Crypto,2,Romance,11.48,0.72,High,15,Active,0,Retained,0.0
d5dbc55b-8ef1-4988-a9b0-c45505ca2431,28,26-35,Other,North America,Desktop,Basic,8.99,107.88,Crypto,5,Drama,4.82,0.15,Low,31,At Risk,1,Churned,8.99
8afd45e9-d401-4a9b-b3c6-e20808c39073,27,26-35,Male,Oceania,TV,Basic,8.99,107.88,Crypto,4,Documentary,46.09,11.52,High,3,Active,0,Retained,0.0
7d40c105-0ae1-4235-aab9-f8ec0122145d,60,56+,Female,South America,Desktop,Premium,17.99,215.88,PayPal,3,Action,15.94,3.19,High,4,Active,0,Retained,0.0
4834dd77-26eb-49c2-9684-2ca5183ca4f0,47,46-55,Female,Asia,TV,Standard,13.99,167.88,Debit Card,3,Horror,20.83,0.35,Medium,58,At Risk,0,Retained,0.0
a2a1697f-7d68-4c9a-bd9f-82c6958a0222,40,36-45,Female,South America,Laptop,Premium,17.99,215.88,PayPal,1,Romance,2.66,0.05,Low,52,At Risk,1,Churned,17.99
a7a9bf50-f432-4336-b5ce-f5fc967c388d,45,36-45,Female,Asia,Tablet,Basic,8.99,107.88,Credit Card,5,Drama,31.15,1.35,High,22,At Risk,0,Retained,0.0
4aa4cb4e-bb15-429c-88ae-00274c3fcebf,64,56+,Female,Asia,TV,Standard,13.99,167.88,Debit Card,5,Romance,12.5,0.37,Medium,33,At Risk,0,Retained,0.0
938b3e5a-2269-45d3-9a05-b04df79d7719,22,18-25,Other,South America,Tablet,Premium,17.99,215.88,Debit Card,3,Drama,2.15,0.07,Low,30,At Risk,1,Churned,17.99
ea9ede30-ded4-475e-8bdb-6e6f74ef8557,55,46-55,Female,Europe,Tablet,Premium,17.99,215.88,Credit Card,3,Drama,17.76,0.36,Medium,49,At Risk,1,Churned,17.99
16cf6caf-bc65-4ec7-bf7b-ed1944ac741d,21,18-25,Male,Africa,Tablet,Standard,13.99,167.88,PayPal,2,Sci-Fi,12.34,2.06,High,5,Active,0,Retained,0.0
57b01680-4141-4474-a48b-e78a987b9d2f,37,36-45,Female,Europe,Tablet,Basic,8.99,107.88,PayPal,5,Comedy,18.86,0.44,Medium,42,At Risk,1,Churned,8.99
34c37623-852f-4ce4-92f1-f8c41322e3a3,21,18-25,Other,Oceania,Tablet,Premium,17.99,215.88,Credit Card,3,Horror,13.66,0.37,Medium,36,At Risk,1,Churned,17.99
1de748fc-27f6-4d04-95b1-43185506ff98,32,26-35,Male,North America,Tablet,Premium,17.99,215.88,Crypto,2,Action,13.09,0.25,Medium,51,At Risk,1,Churned,17.99
f5463712-8752-4fb0-ae3f-30137078f44b,37,36-45,Other,Oceania,Mobile,Standard,13.99,167.88,Gift Card,5,Documentary,10.87,5.43,High,1,Active,0,Retained,0.0
c1d63ea1-39ef-402c-aaac-6086bd3e3368,42,36-45,Female,Europe,Desktop,Standard,13.99,167.88,Debit Card,2,Action,33.48,1.97,High,16,Active,0,Retained,0.0
c3892ced-e6d1-4218-aa88-6ed1d835de10,46,46-55,Male,Africa,Desktop,Basic,8.99,107.88,Debit Card,1,Comedy,5.07,5.07,High,0,Active,0,Retained,0.0
d7cbf38b-95b2-46b7-8ac3-50f4b316878c,59,56+,Female,Oceania,Laptop,Premium,17.99,215.88,Crypto,3,Sci-Fi,26.54,0.78,High,33,At Risk,0,Retained,0.0
7ae851ab-037f-41f3-b58a-a54190149ed0,24,18-25,Female,Oceania,Tablet,Basic,8.99,107.88,Crypto,3,Romance,0.19,0.0,Low,49,At Risk,1,Churned,8.99
692b797c-2e2c-4907-a81a-24f394f25810,30,26-35,Female,Oceania,Desktop,Basic,8.99,107.88,Debit Card,4,Drama,4.21,0.3,Medium,13,Active,1,Churned,8.99
b3d7df66-3750-4afa-afd1-d217ac259eff,63,56+,Other,Asia,Tablet,Standard,13.99,167.88,Crypto,1,Horror,5.11,0.27,Medium,18,Active,0,Retained,0.0
0ac9f17d-3658-4d74-9054-0f96a5460c54,51,46-55,Male,Asia,Desktop,Premium,17.99,215.88,Gift Card,2,Comedy,3.41,0.07,Low,46,At Risk,1,Churned,17.99
32c2a5bc-7e17-4fe3-85f0-b00105dde7dc,47,46-55,Male,Africa,Tablet,Premium,17.99,215.88,Crypto,4,Horror,7.42,0.15,Low,47,At Risk,1,Churned,17.99
91898a2b-07f0-43d5-aecb-7933052c3f77,32,26-35,Female,Asia,TV,Standard,13.99,167.88,Credit Card,1,Action,2.74,0.3,Medium,8,Active,1,Churned,13.99
d11573bf-f68b-4134-89ff-659630bb63f3,60,56+,Other,Asia,Mobile,Premium,17.99,215.88,Crypto,2,Sci-Fi,2.56,0.11,Low,22,At Risk,1,Churned,17.99
aeca46b3-2f4a-4f8a-941a-bcc7c536f372,40,36-45,Other,Africa,Laptop,Premium,17.99,215.88,Gift Card,2,Action,2.28,0.06,Low,37,At Risk,1,Churned,17.99
c8117a2e-0ad2-4702-98d4-a91b9e29247c,46,46-55,Other,Europe,Desktop,Basic,8.99,107.88,Gift Card,4,Sci-Fi,6.46,0.18,Medium,35,At Risk,1,Churned,8.99
12be3d4b-67ef-4665-a7bb-f889989afe1a,33,26-35,Female,North America,Tablet,Premium,17.99,215.88,Gift Card,1,Drama,11.3,1.41,High,7,Active,0,Retained,0.0
d14be48f-b54b-4b14-90b7-153e6c90a1ed,31,26-35,Female,North America,Mobile,Premium,17.99,215.88,Debit Card,5,Documentary,3.13,0.39,Medium,7,Active,0,Retained,0.0
89f7d229-8ad2-4553-8582-066a2af2ebed,39,36-45,Other,Africa,Mobile,Basic,8.99,107.88,Gift Card,4,Documentary,9.89,0.22,Medium,45,At Risk,1,Churned,8.99
f4eaec8d-554b-40c5-9761-c74633a253b5,19,18-25,Female,Oceania,Mobile,Premium,17.99,215.88,Gift Card,1,Sci-Fi,0.6,0.02,Low,26,At Risk,1,Churned,17.99
1d72e7f2-4e93-471d-8d46-772c2d538fdd,25,18-25,Male,Oceania,Tablet,Premium,17.99,215.88,PayPal,1,Drama,44.46,1.31,High,33,At Risk,0,Retained,0.0
e408ee62-5313-4e04-bcec-e23b5202a7ab,49,46-55,Male,Europe,Mobile,Basic,8.99,107.88,Credit Card,1,Horror,9.67,0.17,Medium,57,At Risk,1,Churned,8.99
f1c83b47-42f3-43d3-8e18-4ea89c57773c,67,56+,Other,North America,Tablet,Basic,8.99,107.88,Gift Card,2,Action,10.17,0.54,High,18,Active,0,Retained,0.0
610d956e-f1f5-4b11-9d7c-441a37b21a17,55,46-55,Male,Europe,Tablet,Standard,13.99,167.88,PayPal,4,Action,1.88,0.04,Low,44,At Risk,1,Churned,13.99
f0c87ced-93a5-4494-a348-fcfcecb24541,19,18-25,Male,Oceania,Desktop,Premium,17.99,215.88,Credit Card,1,Comedy,0.36,0.01,Low,28,At Risk,1,Churned,17.99
a32eee4c-69e9-41ee-a91d-f328cb381b15,59,56+,Female,Africa,Tablet,Premium,17.99,215.88,Debit Card,5,Documentary,0.61,0.03,Low,17,Active,0,Retained,0.0
a5e64288-3362-4735-be6e-a09c1c044761,26,26-35,Other,North America,Mobile,Basic,8.99,107.88,Gift Card,1,Action,23.33,0.83,High,27,At Risk,0,Retained,0.0
2fe53083-6764-4dc3-bbaa-a88e030e71e2,58,56+,Female,Europe,Mobile,Standard,13.99,167.88,Crypto,5,Sci-Fi,76.29,12.72,High,5,Active,0,Retained,0.0
44f7004f-4f0c-4ff0-848b-97da9a781eb0,18,18-25,Male,Oceania,Mobile,Premium,17.99,215.88,Credit Card,2,Documentary,10.08,0.3,Medium,33,At Risk,1,Churned,17.99
50ebca29-2130-4894-9f3c-63f3f938f819,59,56+,Other,North America,TV,Basic,8.99,107.88,Crypto,1,Drama,8.48,0.34,Medium,24,At Risk,1,Churned,8.99
48486230-b6dd-4d6c-8d2a-0c8a2b7f2f39,41,36-45,Male,Asia,Desktop,Premium,17.99,215.88,Debit Card,4,Horror,16.13,0.36,Medium,44,At Risk,0,Retained,0.0
47ea998f-01f4-4e7e-8c55-0fa01baecd11,28,26-35,Male,South America,TV,Basic,8.99,107.88,Credit Card,3,Drama,0.43,0.06,Low,6,Active,1,Churned,8.99
5af2d5bd-47aa-435f-8ea9-f18bba61da3f,35,26-35,Male,South America,TV,Basic,8.99,107.88,Gift Card,4,Action,43.84,1.75,High,24,At Risk,0,Retained,0.0
39218d93-3485-4f1a-b7db-f501deb29f04,56,56+,Other,Asia,TV,Standard,13.99,167.88,Crypto,1,Horror,3.62,0.16,Low,22,At Risk,1,Churned,13.99
d763fc11-4943-4f8b-80c2-4de5ba439245,34,26-35,Female,Africa,Tablet,Premium,17.99,215.88,Credit Card,1,Comedy,1.67,0.06,Low,29,At Risk,1,Churned,17.99
aacd3fe3-fdd1-415f-bdaf-a0d23aeb3c37,41,36-45,Female,Asia,Desktop,Standard,13.99,167.88,PayPal,4,Romance,7.91,0.19,Medium,41,At Risk,0,Retained,0.0
26f6d31c-6d28-43f9-a56e-760eef8da91e,43,36-45,Other,North America,Desktop,Premium,17.99,215.88,Crypto,5,Sci-Fi,7.18,1.2,High,5,Active,0,Retained,0.0
1fc5bc15-e2ed-47e0-a8c3-78632ffeae19,56,56+,Female,Africa,Mobile,Standard,13.99,167.88,Gift Card,1,Horror,30.05,2.0,High,14,Active,0,Retained,0.0
d9930885-add6-474c-91bd-a2f9d0d2629d,31,26-35,Female,Oceania,Mobile,Premium,17.99,215.88,Crypto,3,Action,0.57,0.01,Low,60,At Risk,1,Churned,17.99
b0204082-d07f-4b31-858a-7ece1b76fb30,46,46-55,Other,Africa,Laptop,Standard,13.99,167.88,PayPal,1,Comedy,28.66,0.75,High,37,At Risk,0,Retained,0.0
f10c6464-abf4-4120-a49d-2b80657f5324,45,36-45,Male,Asia,Tablet,Premium,17.99,215.88,Gift Card,1,Romance,18.07,3.61,High,4,Active,0,Retained,0.0
23c526da-c76e-4a8c-82ea-838a7736f832,68,56+,Female,Oceania,Mobile,Standard,13.99,167.88,Gift Card,3,Sci-Fi,36.44,0.73,High,49,At Risk,0,Retained,0.0
bf9a7e56-2737-4931-a68d-e0b9696b65d7,29,26-35,Male,Europe,TV,Standard,13.99,167.88,Credit Card,2,Sci-Fi,4.09,0.07,Low,59,At Risk,1,Churned,13.99
a88f8e6a-cf81-47eb-b982-5f73f413cf84,45,36-45,Other,Europe,Laptop,Premium,17.99,215.88,Credit Card,3,Sci-Fi,8.95,0.53,High,16,Active,0,Retained,0.0
ee612990-fd6f-4b96-95c5-4c3d64a961a7,64,56+,Male,Oceania,Tablet,Basic,8.99,107.88,Credit Card,4,Sci-Fi,1.84,0.06,Low,30,At Risk,1,Churned,8.99
70ef21fb-2720-408f-8d98-7070d307971b,57,56+,Other,South America,Laptop,Standard,13.99,167.88,PayPal,5,Drama,2.93,0.08,Low,35,At Risk,1,Churned,13.99
44e03489-87f8-4024-8ad0-24eb139168fe,27,26-35,Male,Asia,Mobile,Basic,8.99,107.88,PayPal,3,Romance,3.36,0.15,Low,22,At Risk,1,Churned,8.99
72556cf5-71a1-404b-bb96-e1d49e112ed3,30,26-35,Male,Oceania,Tablet,Premium,17.99,215.88,PayPal,2,Action,1.84,0.61,High,2,Active,0,Retained,0.0
94940860-8fc0-4fe9-a813-136e736dc785,69,56+,Female,South America,Laptop,Standard,13.99,167.88,Crypto,1,Horror,5.7,0.2,Medium,27,At Risk,0,Retained,0.0
5d4f942c-5e0c-4e72-b7e5-c03cc4dc020c,33,26-35,Other,Asia,Mobile,Basic,8.99,107.88,Crypto,1,Horror,4.44,0.15,Low,28,At Risk,1,Churned,8.99
6a1cf920-fbb2-4b70-881c-358c007bc43c,66,56+,Female,Africa,Tablet,Standard,13.99,167.88,Credit Card,1,Romance,32.75,0.78,High,41,At Risk,0,Retained,0.0
8e64c096-6cc3-468e-b5bc-63c64e8ea64a,24,18-25,Female,Europe,TV,Premium,17.99,215.88,Crypto,1,Romance,15.52,0.46,Medium,33,At Risk,1,Churned,17.99
c38f1921-4fc2-4350-a1e1-c0aaeedf1654,45,36-45,Male,Oceania,Tablet,Basic,8.99,107.88,Debit Card,2,Documentary,0.29,0.01,Low,45,At Risk,1,Churned,8.99
dcc0039c-307a-4d72-a67e-a69688d676db,19,18-25,Other,Africa,Tablet,Premium,17.99,215.88,PayPal,4,Horror,1.68,0.09,Low,18,Active,0,Retained,0.0
6c89b2aa-65db-477b-8a60-5d8da393950f,33,26-35,Male,Europe,Tablet,Premium,17.99,215.88,Debit Card,3,Drama,22.26,0.62,High,35,At Risk,0,Retained,0.0
91c178ba-d603-4aa5-8a9f-f872b9e9ee38,43,36-45,Male,Africa,TV,Standard,13.99,167.88,Credit Card,3,Comedy,26.79,3.83,High,6,Active,0,Retained,0.0
2a2087f5-d137-4320-a395-2352acab3eef,19,18-25,Female,Europe,TV,Basic,8.99,107.88,Debit Card,4,Action,48.49,6.06,High,7,Active,0,Retained,0.0
e874713c-7349-4582-806f-1fb0d743ab6c,64,56+,Other,Africa,Tablet,Premium,17.99,215.88,PayPal,1,Romance,1.83,1.83,High,0,Active,0,Retained,0.0
75bb1697-a008-4d94-9307-8652f6b88827,42,36-45,Other,Asia,Mobile,Standard,13.99,167.88,Gift Card,4,Drama,6.91,0.31,Medium,21,At Risk,0,Retained,0.0
f5edc841-bc01-4908-ae59-2051c2757a7b,63,56+,Male,Europe,TV,Premium,17.99,215.88,Crypto,5,Romance,50.34,2.96,High,16,Active,0,Retained,0.0
95da76ce-dc72-4192-b15d-57b576909335,37,36-45,Other,North America,Tablet,Basic,8.99,107.88,PayPal,2,Documentary,11.16,0.47,Medium,23,At Risk,0,Retained,0.0
5152898c-b43a-4087-93bc-4ec283f379b2,60,56+,Male,Asia,TV,Basic,8.99,107.88,Credit Card,2,Drama,5.34,0.28,Medium,18,Active,0,Retained,0.0
eee51db1-409b-4642-becb-311ad53094a2,64,56+,Male,Europe,Tablet,Basic,8.99,107.88,Credit Card,4,Documentary,19.1,0.62,High,30,At Risk,0,Retained,0.0
c8363c4a-8478-4498-b1fb-f6c33222e11d,18,18-25,Female,South America,TV,Basic,8.99,107.88,Crypto,2,Action,1.97,0.04,Low,46,At Risk,1,Churned,8.99
8ba829fb-fe7c-47f4-89db-241934a74db6,61,56+,Female,South America,TV,Standard,13.99,167.88,Gift Card,3,Drama,2.54,0.05,Low,49,At Risk,1,Churned,13.99
6bf1d15a-7ede-4fa1-8ac3-ca10566780ea,70,56+,Other,Asia,Tablet,Basic,8.99,107.88,Debit Card,2,Comedy,13.09,0.93,High,13,Active,0,Retained,0.0
c3f2e7fd-8b89-48a5-8327-6db568e73a64,43,36-45,Female,Asia,Mobile,Standard,13.99,167.88,PayPal,2,Sci-Fi,3.16,0.4,Medium,7,Active,1,Churned,13.99
ad7ef66f-b1ff-4e88-a13a-3a031501a8cb,20,18-25,Male,Europe,TV,Basic,8.99,107.88,Credit Card,5,Romance,3.38,0.1,Low,34,At Risk,1,Churned,8.99
12ddaf98-d735-4343-954a-5269936b4d85,49,46-55,Other,South America,Laptop,Basic,8.99,107.88,Debit Card,1,Romance,1.17,0.02,Low,46,At Risk,1,Churned,8.99
28028f3f-af46-4e13-b3cd-d32ab1279c48,40,36-45,Male,North America,Tablet,Basic,8.99,107.88,Credit Card,5,Documentary,4.92,0.16,Low,30,At Risk,1,Churned,8.99
ab76d3cc-b330-42c9-ad6b-28b5e707a64d,63,56+,Male,Africa,Mobile,Basic,8.99,107.88,Credit Card,4,Drama,2.24,0.08,Low,27,At Risk,1,Churned,8.99
1adad285-b2b1-4090-84b5-21d9aa4d1922,30,26-35,Other,Europe,Mobile,Premium,17.99,215.88,Gift Card,4,Action,4.45,0.1,Low,43,At Risk,1,Churned,17.99
76ee5c7f-f3c8-49ae-b448-a2510b0bd954,53,46-55,Male,South America,Tablet,Premium,17.99,215.88,PayPal,4,Comedy,11.18,0.56,High,19,Active,0,Retained,0.0
23cfb542-2422-44ab-9acf-48096caccd3c,18,18-25,Other,Oceania,Desktop,Premium,17.99,215.88,Gift Card,2,Drama,9.52,1.59,High,5,Active,0,Retained,0.0
c32bafe7-6744-4901-bf9a-fa83bda82088,39,36-45,Other,Africa,Laptop,Standard,13.99,167.88,Crypto,4,Romance,0.75,0.03,Low,27,At Risk,1,Churned,13.99
c18a0290-a6c6-4d07-9641-5255c31da967,70,56+,Male,North America,Laptop,Standard,13.99,167.88,Crypto,1,Action,13.92,0.24,Medium,57,At Risk,1,Churned,13.99
3ad7f42c-02c6-469e-915c-cc1d57bba996,19,18-25,Male,Europe,Tablet,Premium,17.99,215.88,Credit Card,3,Documentary,5.34,5.34,High,0,Active,0,Retained,0.0
ce97c787-6a6c-4162-aeda-19b2f014d2ff,48,46-55,Other,Oceania,Mobile,Basic,8.99,107.88,Crypto,2,Horror,10.9,0.4,Medium,26,At Risk,1,Churned,8.99
4f064243-4e60-4a9b-ab4e-b4b262969f53,26,26-35,Male,South America,Laptop,Premium,17.99,215.88,Credit Card,4,Sci-Fi,8.13,0.63,High,12,Active,0,Retained,0.0
87badf81-7a2d-4bbe-a869-321a3ca58275,48,46-55,Female,Europe,TV,Standard,13.99,167.88,Debit Card,5,Action,17.03,0.29,Medium,57,At Risk,0,Retained,0.0
3cd1c05f-5575-4a10-ac1f-b67337a7acaf,19,18-25,Female,Asia,Tablet,Premium,17.99,215.88,Crypto,2,Drama,4.73,0.11,Low,41,At Risk,1,Churned,17.99
336a2ae7-f0bc-4aa5-8fc8-540c138b7d3c,70,56+,Male,Africa,Desktop,Basic,8.99,107.88,PayPal,5,Horror,110.4,3.25,High,33,At Risk,0,Retained,0.0
7e9ddb87-4b17-40c9-aa12-a070f3720693,18,18-25,Female,Asia,Desktop,Standard,13.99,167.88,Gift Card,3,Sci-Fi,5.32,0.28,Medium,18,Active,0,Retained,0.0
c1d1ae44-0bc9-49ee-b2ae-e2d6fb2bf599,58,56+,Female,North America,Desktop,Standard,13.99,167.88,PayPal,5,Drama,2.51,0.08,Low,31,At Risk,1,Churned,13.99
b819383f-8219-47be-a119-7c9225b5436c,57,56+,Male,Oceania,Tablet,Premium,17.99,215.88,Credit Card,5,Comedy,44.65,0.84,High,52,At Risk,0,Retained,0.0
7c1dfa22-78a1-4be1-a9c9-929801f14b1c,47,46-55,Other,Oceania,Mobile,Standard,13.99,167.88,Gift Card,1,Comedy,1.59,0.05,Low,34,At Risk,1,Churned,13.99
a7ffdf22-b673-4b5a-aed8-8c53ed42814d,22,18-25,Other,Africa,TV,Premium,17.99,215.88,Gift Card,2,Romance,32.25,1.04,High,30,At Risk,0,Retained,0.0
958219d9-6c45-4863-ae79-e0580f7936a0,52,46-55,Other,North America,Tablet,Premium,17.99,215.88,PayPal,5,Horror,1.42,0.03,Low,45,At Risk,1,Churned,17.99
cdcea36d-e4be-42ff-8df1-f792147643fc,53,46-55,Other,Oceania,Tablet,Standard,13.99,167.88,PayPal,1,Documentary,3.68,0.07,Low,55,At Risk,1,Churned,13.99
71243054-81b6-43a9-bea5-0bb0a0b2cf11,34,26-35,Other,South America,TV,Premium,17.99,215.88,Credit Card,4,Action,1.41,0.07,Low,20,Active,0,Retained,0.0
f10cd6c5-f3ec-43e7-a296-ccfa7f15942e,46,46-55,Male,North America,Desktop,Basic,8.99,107.88,Crypto,3,Drama,1.6,0.05,Low,31,At Risk,1,Churned,8.99
cde28795-9a83-4b21-85a4-2fdd628430a5,33,26-35,Male,Africa,Laptop,Premium,17.99,215.88,Debit Card,3,Comedy,12.0,0.63,High,18,Active,0,Retained,0.0
0d2e7cf3-53e8-4ff5-8385-3d2047301d5a,59,56+,Other,Asia,TV,Basic,8.99,107.88,Debit Card,1,Romance,10.68,0.76,High,13,Active,0,Retained,0.0
5816a80b-d30e-4f74-b896-66982b245ac2,51,46-55,Other,Europe,Tablet,Standard,13.99,167.88,Credit Card,4,Comedy,1.23,0.25,Medium,4,Active,0,Retained,0.0
8b321e79-2eea-4412-8d82-1d3178d5bf05,36,36-45,Male,Oceania,Laptop,Basic,8.99,107.88,Crypto,2,Comedy,0.38,0.01,Low,44,At Risk,1,Churned,8.99
dfcfa9b7-1cf2-4fc2-a671-12b758a6d6fd,31,26-35,Female,Africa,TV,Basic,8.99,107.88,Crypto,1,Horror,9.38,0.94,High,9,Active,0,Retained,0.0
e502bbd1-d79d-4705-b2f8-51d3d0da534a,22,18-25,Other,Africa,TV,Premium,17.99,215.88,Gift Card,2,Drama,10.69,1.34,High,7,Active,0,Retained,0.0
126bb497-94e7-4c3e-b7e4-58f87b347217,27,26-35,Other,Asia,TV,Basic,8.99,107.88,Debit Card,2,Action,8.88,0.19,Medium,46,At Risk,1,Churned,8.99
783256b2-4209-4768-8239-6c32fd358074,26,26-35,Male,Europe,Mobile,Basic,8.99,107.88,PayPal,5,Comedy,2.18,0.06,Low,37,At Risk,1,Churned,8.99
399c1cff-c016-45b4-b2b0-984443300064,54,46-55,Male,Asia,Tablet,Basic,8.99,107.88,Credit Card,4,Drama,30.0,3.0,High,9,Active,0,Retained,0.0
728cb69b-4920-4d86-83ce-8c89da725583,45,36-45,Male,Africa,TV,Premium,17.99,215.88,PayPal,4,Horror,17.57,0.46,Medium,37,At Risk,0,Retained,0.0
9347980b-009d-4c3f-99d8-e7c509a64747,44,36-45,Female,Europe,Laptop,Basic,8.99,107.88,Crypto,4,Horror,6.0,0.13,Low,44,At Risk,1,Churned,8.99
1b8d684d-619c-41b0-9e21-ae96bf84dcf7,24,18-25,Other,South America,TV,Standard,13.99,167.88,Crypto,2,Romance,0.72,0.01,Low,56,At Risk,1,Churned,13.99
8f4a47f4-7b2a-4afc-b520-7b99b5ab2b37,64,56+,Male,North America,Desktop,Premium,17.99,215.88,Credit Card,2,Romance,2.66,0.05,Low,57,At Risk,1,Churned,17.99
96ff8ebe-a6e9-4cdc-ba8f-cd8ab503887e,41,36-45,Female,Asia,TV,Standard,13.99,167.88,PayPal,3,Horror,4.13,0.15,Low,26,At Risk,1,Churned,13.99
6e4404fd-2f42-4a86-8d30-769a4f940474,42,36-45,Other,South America,Tablet,Premium,17.99,215.88,Debit Card,4,Sci-Fi,0.15,0.02,Low,5,Active,0,Retained,0.0
aaddbc84-7ee8-4c0f-8e0c-16ca63dd7881,30,26-35,Female,Oceania,Tablet,Premium,17.99,215.88,Gift Card,3,Sci-Fi,6.24,0.21,Medium,29,At Risk,0,Retained,0.0
8dc81534-c8a1-4a55-8f4c-5e34ba2ae7bc,28,26-35,Male,Asia,Laptop,Standard,13.99,167.88,Crypto,3,Comedy,10.69,0.21,Medium,51,At Risk,1,Churned,13.99
ba083146-d48c-4d1f-aca2-ca4bc5d6178a,24,18-25,Female,Asia,Laptop,Basic,8.99,107.88,Credit Card,2,Sci-Fi,26.07,0.93,High,27,At Risk,0,Retained,0.0
f6f6624a-b2d0-4655-a972-f9bec17a6ee4,23,18-25,Other,Europe,Mobile,Premium,17.99,215.88,Crypto,4,Documentary,12.51,1.04,High,11,Active,0,Retained,0.0
458dc247-15ed-4e76-aa27-d2f194e47d2a,30,26-35,Female,Europe,Desktop,Basic,8.99,107.88,Debit Card,2,Horror,1.6,0.03,Low,56,At Risk,1,Churned,8.99
c889501d-97d7-4383-9fcf-9c87840e4a43,35,26-35,Female,North America,Laptop,Basic,8.99,107.88,PayPal,2,Horror,1.1,0.04,Low,25,At Risk,1,Churned,8.99
18fdd87e-1221-4b90-a8ac-c80d74f6511f,22,18-25,Other,South America,TV,Premium,17.99,215.88,PayPal,2,Romance,17.85,0.38,Medium,46,At Risk,1,Churned,17.99
74e8480b-6d93-4e54-8298-026036832022,35,26-35,Female,Africa,TV,Basic,8.99,107.88,PayPal,2,Sci-Fi,1.1,0.03,Low,35,At Risk,1,Churned,8.99
5f0daf72-991e-4edc-a8c2-c1a330351e9a,35,26-35,Female,Africa,Desktop,Basic,8.99,107.88,Crypto,4,Romance,37.93,2.53,High,14,Active,0,Retained,0.0
ca75f885-2393-40f3-bd87-28f761ef8487,22,18-25,Female,Oceania,TV,Basic,8.99,107.88,Debit Card,1,Action,0.68,0.03,Low,21,At Risk,1,Churned,8.99
2bcf8e3c-c68d-4343-9d6f-8a0d4406a4cb,43,36-45,Male,Europe,Desktop,Premium,17.99,215.88,Gift Card,4,Documentary,13.49,1.5,High,8,Active,0,Retained,0.0
984019b7-1f52-407c-a36f-8288f6a141a0,33,26-35,Male,Asia,Tablet,Premium,17.99,215.88,Crypto,4,Documentary,0.69,0.05,Low,13,Active,1,Churned,17.99
6f60718e-5a94-4ed6-9350-982f44c4166c,48,46-55,Female,Europe,Mobile,Premium,17.99,215.88,Credit Card,1,Sci-Fi,10.54,0.53,High,19,Active,0,Retained,0.0
5d21578a-b614-4939-9ce3-0c2e84aed9a4,68,56+,Female,Europe,Tablet,Premium,17.99,215.88,Gift Card,5,Romance,1.85,0.46,Medium,3,Active,0,Retained,0.0
9731c4f5-6e17-4efb-8757-47e7b6491b02,58,56+,Other,Oceania,Mobile,Standard,13.99,167.88,PayPal,2,Documentary,1.32,0.04,Low,29,At Risk,1,Churned,13.99
0601af52-dab0-4113-9231-3a750db99347,49,46-55,Other,Africa,Laptop,Basic,8.99,107.88,Debit Card,5,Documentary,10.47,0.24,Medium,43,At Risk,1,Churned,8.99
bf7c20e7-a641-4744-b5f5-77726be8761b,24,18-25,Other,North America,Mobile,Basic,8.99,107.88,Gift Card,3,Horror,2.59,0.1,Low,24,At Risk,1,Churned,8.99
b1f58e6d-869a-4bcc-b8ef-85c692608b44,66,56+,Other,Africa,Desktop,Standard,13.99,167.88,Gift Card,1,Documentary,26.89,1.49,High,17,Active,0,Retained,0.0
615bf370-1547-4522-bd9a-095ea804c262,26,26-35,Male,South America,TV,Premium,17.99,215.88,Crypto,3,Comedy,1.87,0.07,Low,26,At Risk,1,Churned,17.99
6b9ea7e4-5a75-4ad1-8e49-8b47731862a2,32,26-35,Female,Africa,Mobile,Basic,8.99,107.88,Credit Card,5,Comedy,6.82,0.16,Low,42,At Risk,1,Churned,8.99
28e352ce-75b6-4fe3-8f57-ea1b0757ae28,54,46-55,Female,Asia,Tablet,Basic,8.99,107.88,PayPal,5,Drama,6.76,0.13,Low,52,At Risk,1,Churned,8.99
ca30626a-76d6-4200-a884-9883377bfbc5,45,36-45,Female,Asia,TV,Premium,17.99,215.88,Crypto,5,Sci-Fi,1.85,0.08,Low,23,At Risk,1,Churned,17.99
5bf1d96e-c284-4dae-851a-3b2cc3922dc9,59,56+,Other,South America,Mobile,Premium,17.99,215.88,Debit Card,1,Romance,8.88,0.52,High,16,Active,0,Retained,0.0
2dd034c1-08b9-4b8a-9121-5ee5b4ff187e,67,56+,Other,South America,TV,Basic,8.99,107.88,Credit Card,5,Drama,17.08,0.5,Medium,33,At Risk,0,Retained,0.0
13b141f5-ad9b-49ea-9c0b-1fbbe042f285,61,56+,Female,Africa,TV,Basic,8.99,107.88,PayPal,3,Romance,12.55,1.39,High,8,Active,0,Retained,0.0
411b6bce-947c-4e94-a92c-f9709d42f9ea,22,18-25,Female,South America,Desktop,Standard,13.99,167.88,Crypto,4,Documentary,3.05,0.06,Low,48,At Risk,1,Churned,13.99
7d2e8c99-eba5-41d7-8a5a-6f5d58fecaca,23,18-25,Other,Africa,Tablet,Basic,8.99,107.88,Crypto,2,Romance,14.42,4.81,High,2,Active,0,Retained,0.0
c9a12c20-e602-4d0f-b036-4877d4e55e9a,61,56+,Female,South America,Mobile,Standard,13.99,167.88,PayPal,5,Romance,16.83,0.36,Medium,46,At Risk,0,Retained,0.0
df086863-9f4b-48ba-968b-0286614e5bd5,66,56+,Male,Africa,TV,Standard,13.99,167.88,PayPal,2,Romance,1.65,0.04,Low,44,At Risk,1,Churned,13.99
c9246e8b-545b-4719-88f1-ee69be75e652,39,36-45,Female,South America,Mobile,Standard,13.99,167.88,PayPal,3,Documentary,2.76,1.38,High,1,Active,0,Retained,0.0
1b5a59a3-7bd7-460a-8978-0a0d192fe774,68,56+,Other,Asia,Mobile,Premium,17.99,215.88,Crypto,5,Horror,1.23,0.09,Low,12,Active,1,Churned,17.99
f6cbd08c-12fa-4eba-b860-da3b6c21eb39,52,46-55,Other,Europe,Tablet,Premium,17.99,215.88,Credit Card,3,Documentary,3.1,0.44,Medium,6,Active,0,Retained,0.0
8443f57d-34f9-495c-9471-eb212212192e,21,18-25,Female,Europe,Mobile,Premium,17.99,215.88,Gift Card,1,Comedy,34.18,0.71,High,47,At Risk,0,Retained,0.0
d2a932ab-697b-4647-8f2c-dbc66caef165,53,46-55,Male,North America,Tablet,Standard,13.99,167.88,Gift Card,4,Action,16.06,0.28,Medium,57,At Risk,1,Churned,13.99
e6c7d246-1773-48c1-ac58-689c3e68ac6b,68,56+,Male,Asia,Desktop,Basic,8.99,107.88,Gift Card,1,Action,5.26,0.11,Low,45,At Risk,1,Churned,8.99
7a5a1c2d-4ddf-4ced-8b06-9fe87d4e0d77,46,46-55,Female,Europe,Desktop,Standard,13.99,167.88,PayPal,5,Romance,4.76,0.11,Low,43,At Risk,1,Churned,13.99
eb1715dc-8db7-4781-a6fd-027e5f6bb5ac,20,18-25,Other,Asia,Desktop,Premium,17.99,215.88,Credit Card,5,Action,1.78,0.05,Low,34,At Risk,1,Churned,17.99
c2e9b503-386d-42dc-bac7-6a297a98e82c,34,26-35,Male,Europe,Desktop,Basic,8.99,107.88,Crypto,5,Romance,10.48,0.17,Medium,60,At Risk,1,Churned,8.99
3589dd2e-c79a-4239-99fb-f35c8b19f77c,31,26-35,Male,North America,Tablet,Basic,8.99,107.88,Gift Card,2,Sci-Fi,1.61,0.04,Low,41,At Risk,1,Churned,8.99
d487b07d-0a2d-49c5-81f9-0ca3d4a25069,31,26-35,Male,South America,Mobile,Premium,17.99,215.88,Debit Card,5,Comedy,4.0,0.36,Medium,10,Active,0,Retained,0.0
e1844a6b-1068-4951-83f9-eb207e5b60d3,24,18-25,Female,Europe,Desktop,Basic,8.99,107.88,Crypto,2,Romance,6.65,0.16,Low,41,At Risk,1,Churned,8.99
181fd400-afb0-4208-9315-759de2eb87d9,66,56+,Other,North America,Tablet,Basic,8.99,107.88,Credit Card,1,Sci-Fi,12.76,12.76,High,0,Active,0,Retained,0.0
996b6673-00fa-4bf0-b45d-74d98888f537,26,26-35,Female,North America,Tablet,Basic,8.99,107.88,Credit Card,1,Documentary,7.83,3.92,High,1,Active,0,Retained,0.0
47610273-6edd-4a7b-a38e-8299b453981e,53,46-55,Female,Asia,Desktop,Standard,13.99,167.88,PayPal,1,Romance,2.34,0.05,Low,46,At Risk,1,Churned,13.99
01adeb52-273b-42eb-979a-3fb1a4440a75,32,26-35,Other,Oceania,Desktop,Basic,8.99,107.88,Debit Card,4,Sci-Fi,8.18,0.48,Medium,16,Active,0,Retained,0.0
1a3f4483-772d-43ea-a48a-605e0ebe7079,33,26-35,Other,South America,Laptop,Premium,17.99,215.88,Gift Card,2,Drama,9.1,0.34,Medium,26,At Risk,0,Retained,0.0
e473c69f-6859-4428-844e-93814aaf0186,49,46-55,Female,Africa,Tablet,Premium,17.99,215.88,PayPal,4,Horror,15.64,7.82,High,1,Active,0,Retained,0.0
5ee0ae54-f871-4dd1-9614-e4ca9f74659f,46,46-55,Male,Europe,Desktop,Standard,13.99,167.88,Debit Card,5,Documentary,8.72,0.97,High,8,Active,0,Retained,0.0
a03ee82d-6ef9-4c38-976a-d121e6b7dea0,29,26-35,Male,South America,Tablet,Basic,8.99,107.88,Crypto,1,Romance,3.75,0.07,Low,49,At Risk,1,Churned,8.99
082c7632-daca-4f82-ba6e-dc1e7dca5624,69,56+,Other,South America,Laptop,Basic,8.99,107.88,Gift Card,4,Action,2.86,1.43,High,1,Active,0,Retained,0.0
da9c8b84-7d45-457f-9038-dfe4a87751a1,54,46-55,Male,Europe,Laptop,Basic,8.99,107.88,Credit Card,4,Sci-Fi,1.29,0.03,Low,49,At Risk,1,Churned,8.99
1e2cf6c0-3fb4-49d5-8aeb-af2a4c886d64,59,56+,Male,South America,Desktop,Standard,13.99,167.88,Crypto,5,Horror,4.14,0.07,Low,55,At Risk,1,Churned,13.99
b8004935-690f-401b-b365-33b40b1d5d4e,18,18-25,Male,Asia,Mobile,Premium,17.99,215.88,Debit Card,3,Sci-Fi,2.53,0.06,Low,38,At Risk,1,Churned,17.99
2de72af7-0363-4ede-bf96-c0003a896f72,42,36-45,Male,Asia,Desktop,Premium,17.99,215.88,PayPal,2,Sci-Fi,22.19,3.17,High,6,Active,0,Retained,0.0
023674fd-9b81-45e5-8f9d-f8733d7d65d8,47,46-55,Other,South America,Mobile,Standard,13.99,167.88,Debit Card,5,Drama,2.92,0.05,Low,56,At Risk,1,Churned,13.99
77a52f9c-7768-491c-9b1d-723ead182bdf,23,18-25,Other,North America,Mobile,Basic,8.99,107.88,Gift Card,4,Comedy,10.62,0.2,Medium,52,At Risk,1,Churned,8.99
454fec46-8e0d-4393-8447-cd6a9e571728,51,46-55,Male,South America,Desktop,Standard,13.99,167.88,Debit Card,4,Romance,18.0,0.3,Medium,60,At Risk,0,Retained,0.0
5cc8a992-4c30-43be-a159-973c513b4dd6,30,26-35,Female,Asia,Laptop,Basic,8.99,107.88,Gift Card,4,Action,8.52,0.71,High,11,Active,0,Retained,0.0
1a0e524e-c388-4abf-af21-46baf2798e0a,65,56+,Other,North America,Laptop,Basic,8.99,107.88,Crypto,5,Comedy,9.95,1.11,High,8,Active,0,Retained,0.0
2e4826ea-64a8-4eae-84f2-4e5e2c104656,70,56+,Female,South America,Tablet,Premium,17.99,215.88,PayPal,5,Documentary,9.25,1.03,High,8,Active,0,Retained,0.0
f4c54bfe-7854-4c8c-ad84-b9710932a4af,49,46-55,Female,Asia,Laptop,Basic,8.99,107.88,Crypto,3,Romance,9.65,1.07,High,8,Active,0,Retained,0.0
7108b055-a04f-4eb1-b937-acf3b9eacbfc,37,36-45,Male,Europe,Desktop,Premium,17.99,215.88,Gift Card,5,Comedy,0.64,0.06,Low,10,Active,1,Churned,17.99
72836765-0277-45c6-8517-86670c85cc1c,70,56+,Other,Asia,TV,Standard,13.99,167.88,Debit Card,1,Documentary,1.34,1.34,High,0,Active,0,Retained,0.0
fa628a8c-2284-4cd4-b893-92f7667cd544,26,26-35,Male,South America,TV,Premium,17.99,215.88,Credit Card,3,Horror,10.65,0.28,Medium,37,At Risk,1,Churned,17.99
bfc31455-3690-4b1c-8b1d-7c920788dacd,64,56+,Male,North America,Tablet,Premium,17.99,215.88,PayPal,3,Drama,3.74,0.11,Low,32,At Risk,1,Churned,17.99
838a0849-d3c0-459d-be8a-3062f5c3c0f4,43,36-45,Female,Oceania,TV,Premium,17.99,215.88,Credit Card,1,Action,12.51,0.26,Medium,47,At Risk,1,Churned,17.99
9adb0b11-3199-438c-9b3c-59dee22c6b27,59,56+,Other,North America,Laptop,Premium,17.99,215.88,Debit Card,3,Sci-Fi,32.81,32.81,High,0,Active,0,Retained,0.0
817458bd-a260-4430-b45e-f81d607fb449,60,56+,Male,North America,Tablet,Premium,17.99,215.88,Debit Card,1,Action,6.91,0.15,Low,46,At Risk,1,Churned,17.99
219a55d5-2799-4e22-9e75-ef4fe26ed9cd,60,56+,Female,Europe,Laptop,Basic,8.99,107.88,Gift Card,5,Action,4.46,0.41,Medium,10,Active,1,Churned,8.99
6d10f486-9b5f-4cd3-b85b-fc27a5a5595d,69,56+,Other,Europe,Tablet,Basic,8.99,107.88,Crypto,2,Action,2.16,0.04,Low,57,At Risk,1,Churned,8.99
082fd087-4859-4b03-9ec1-f51050cd285b,42,36-45,Other,Asia,TV,Premium,17.99,215.88,Gift Card,1,Documentary,6.34,0.22,Medium,28,At Risk,0,Retained,0.0
c31a20bb-1b05-4448-801c-a8193f1b4f74,47,46-55,Other,Africa,Mobile,Premium,17.99,215.88,Credit Card,1,Drama,12.5,0.66,High,18,Active,0,Retained,0.0
cbdd092b-08f0-4234-8418-feceb1f990d9,54,46-55,Other,Oceania,Desktop,Premium,17.99,215.88,Crypto,4,Romance,5.37,0.15,Low,35,At Risk,1,Churned,17.99
74bab484-aac9-4a5c-8e3d-d2a4504a1eff,35,26-35,Male,Oceania,TV,Standard,13.99,167.88,Gift Card,4,Romance,32.86,1.26,High,25,At Risk,0,Retained,0.0
c3614ddf-ee73-496a-b1ea-3e27f6a5288a,50,46-55,Other,Asia,Tablet,Premium,17.99,215.88,Credit Card,5,Action,12.5,0.22,Medium,56,At Risk,0,Retained,0.0
26024fd4-7715-4460-ae23-4e78f477a652,69,56+,Female,Oceania,Mobile,Premium,17.99,215.88,PayPal,5,Romance,1.75,0.25,Medium,6,Active,0,Retained,0.0
c7cf1b97-cdd3-47cf-a147-a8ab731a5f19,25,18-25,Other,Africa,Mobile,Basic,8.99,107.88,PayPal,2,Documentary,19.31,3.22,High,5,Active,0,Retained,0.0
6004fb8d-885f-4bdc-bcef-d671742ba6f6,51,46-55,Female,Asia,Laptop,Basic,8.99,107.88,Debit Card,4,Comedy,17.62,0.31,Medium,55,At Risk,1,Churned,8.99
19fc98f0-ad10-4ad2-9526-28254dca93e5,23,18-25,Female,Africa,Mobile,Standard,13.99,167.88,PayPal,3,Drama,3.7,0.53,High,6,Active,0,Retained,0.0
80b1fe1e-8ef5-42af-ada7-af43d8993352,39,36-45,Other,Asia,Mobile,Premium,17.99,215.88,PayPal,3,Drama,7.99,0.16,Low,50,At Risk,1,Churned,17.99
c65be27e-f93b-4423-a704-e981640e344e,22,18-25,Other,Oceania,Desktop,Premium,17.99,215.88,Gift Card,2,Horror,8.18,0.27,Medium,29,At Risk,0,Retained,0.0
e2bcc0cf-556c-4c71-93b4-f4e99a0e9520,51,46-55,Other,Asia,Laptop,Premium,17.99,215.88,Gift Card,3,Romance,12.41,0.23,Medium,53,At Risk,1,Churned,17.99
693dbaee-4cc2-4978-ab24-f5588acfe591,52,46-55,Other,Europe,Laptop,Basic,8.99,107.88,Debit Card,2,Action,28.04,2.34,High,11,Active,0,Retained,0.0
cc439399-1ef2-4143-8924-b9e36668bdea,51,46-55,Male,North America,Tablet,Standard,13.99,167.88,Gift Card,3,Action,5.05,0.2,Medium,24,At Risk,0,Retained,0.0
4b051c08-de8a-4d4e-a445-efb30be01528,68,56+,Male,North America,Desktop,Premium,17.99,215.88,Crypto,4,Horror,10.0,0.16,Low,60,At Risk,1,Churned,17.99
d1be299e-4ffd-47bf-9976-93a9c9456ba0,46,46-55,Other,North America,Mobile,Basic,8.99,107.88,Gift Card,4,Action,2.04,0.08,Low,26,At Risk,1,Churned,8.99
2f01c18c-8ac5-4b63-873e-fe10605673e3,55,46-55,Other,Africa,TV,Premium,17.99,215.88,Debit Card,2,Sci-Fi,2.69,0.07,Low,37,At Risk,1,Churned,17.99
ab672cb5-ca3c-4c41-8f60-05033fd5a24f,70,56+,Male,North America,Mobile,Standard,13.99,167.88,Gift Card,2,Drama,17.8,0.36,Medium,48,At Risk,1,Churned,13.99
5a322090-313f-4308-ab38-8fdf937cc37e,56,56+,Other,Europe,Mobile,Premium,17.99,215.88,Gift Card,5,Sci-Fi,36.2,9.05,High,3,Active,0,Retained,0.0
2b48ac28-5439-47a6-b935-4438f01794ee,24,18-25,Male,Oceania,Laptop,Standard,13.99,167.88,Debit Card,2,Romance,0.49,0.16,Low,2,Active,0,Retained,0.0
612e9485-7864-4dcb-83be-bc58c403719e,68,56+,Male,Europe,Laptop,Standard,13.99,167.88,Credit Card,3,Documentary,0.88,0.03,Low,32,At Risk,1,Churned,13.99
f140d0f2-16e8-44d1-b48c-2d1cc316939e,59,56+,Other,North America,Mobile,Basic,8.99,107.88,Crypto,2,Action,12.02,2.4,High,4,Active,0,Retained,0.0
1575ab22-bbac-4dc1-be66-e03431a9fc07,28,26-35,Female,Oceania,Tablet,Standard,13.99,167.88,Crypto,2,Comedy,11.94,5.97,High,1,Active,0,Retained,0.0
3a68905f-037f-48eb-97b0-7e8c5a6f9c5a,36,36-45,Male,South America,Tablet,Premium,17.99,215.88,PayPal,3,Horror,3.28,0.2,Medium,15,Active,1,Churned,17.99
6ed1be2a-984e-4fe7-becc-351b913eb571,31,26-35,Other,Oceania,Mobile,Basic,8.99,107.88,Credit Card,2,Action,7.46,0.16,Low,45,At Risk,1,Churned,8.99
79a31ced-93d3-4f11-a961-7ce4256ab073,18,18-25,Female,North America,TV,Standard,13.99,167.88,PayPal,1,Horror,25.19,2.1,High,11,Active,0,Retained,0.0
1e0c89ad-a44c-479e-b2b5-eb8e35cc0f41,30,26-35,Female,Europe,Laptop,Basic,8.99,107.88,Credit Card,4,Horror,2.99,0.06,Low,51,At Risk,1,Churned,8.99
f4223a44-e729-4eb9-afca-28680c9cdb21,58,56+,Male,Europe,TV,Basic,8.99,107.88,Crypto,2,Horror,14.69,0.47,Medium,30,At Risk,1,Churned,8.99
96ba87e6-324e-4976-96e1-5359f74975f6,24,18-25,Male,Asia,TV,Basic,8.99,107.88,PayPal,4,Sci-Fi,9.34,0.52,High,17,Active,0,Retained,0.0
4a019852-cd31-4f1a-ab65-fce6b1b4fa01,62,56+,Female,Oceania,TV,Premium,17.99,215.88,Debit Card,2,Horror,6.03,0.12,Low,49,At Risk,1,Churned,17.99
31832db0-5f36-4c75-9226-07c279e0f707,35,26-35,Other,Africa,Laptop,Premium,17.99,215.88,Credit Card,2,Documentary,1.45,0.11,Low,12,Active,1,Churned,17.99
9d3b9aa9-6ef6-40c3-990a-0b71d4e1cd32,54,46-55,Other,Asia,Tablet,Basic,8.99,107.88,Gift Card,2,Romance,29.19,1.01,High,28,At Risk,0,Retained,0.0
d62d3551-4902-442d-8c64-0d6877a35934,42,36-45,Other,South America,Laptop,Basic,8.99,107.88,Gift Card,2,Horror,8.18,0.51,Medium,15,Active,0,Retained,0.0
84e03006-c72a-4d1f-bd72-d59d7854660a,36,36-45,Female,North America,Tablet,Standard,13.99,167.88,Debit Card,4,Sci-Fi,7.28,2.43,High,2,Active,0,Retained,0.0
0ea4c14c-52be-4987-a6b8-396c00b47ee1,47,46-55,Other,Oceania,Tablet,Premium,17.99,215.88,Debit Card,3,Horror,5.41,0.49,Medium,10,Active,0,Retained,0.0
d736a739-cc2b-4884-ae4b-72c68825f391,45,36-45,Other,South America,Tablet,Standard,13.99,167.88,Debit Card,2,Comedy,4.13,0.83,High,4,Active,0,Retained,0.0
7fde535c-b503-4287-a277-ee12295cf580,36,36-45,Other,Europe,Laptop,Premium,17.99,215.88,Debit Card,4,Documentary,5.09,0.19,Medium,26,At Risk,0,Retained,0.0
4ad47677-3633-4836-a9df-c0f173e50006,23,18-25,Male,South America,Laptop,Standard,13.99,167.88,Debit Card,3,Action,22.05,0.41,Medium,53,At Risk,0,Retained,0.0
8ad33487-24c0-448e-a75a-35ec18a47e30,58,56+,Other,North America,TV,Standard,13.99,167.88,Debit Card,3,Action,14.37,7.18,High,1,Active,0,Retained,0.0
ac50dc85-d01d-4066-b80f-ef5f2d2af804,27,26-35,Female,South America,Desktop,Standard,13.99,167.88,Crypto,4,Action,2.62,0.24,Medium,10,Active,1,Churned,13.99
d25fa337-92ae-40f9-a2ab-8c6bc5cdf6ae,40,36-45,Other,North America,Laptop,Premium,17.99,215.88,PayPal,2,Drama,2.78,0.21,Medium,12,Active,1,Churned,17.99
ca46ce36-fc9e-44f2-8389-482a3140e392,47,46-55,Other,Europe,Tablet,Standard,13.99,167.88,Debit Card,5,Horror,3.3,0.06,Low,51,At Risk,1,Churned,13.99
1646d3ef-e240-4ca8-8594-d79116550b71,57,56+,Other,South America,Desktop,Premium,17.99,215.88,Credit Card,1,Sci-Fi,13.72,0.46,Medium,29,At Risk,0,Retained,0.0
0d95ff72-e987-4197-b250-afc7e62d2dee,52,46-55,Other,South America,Mobile,Standard,13.99,167.88,Gift Card,4,Comedy,12.96,0.32,Medium,40,At Risk,1,Churned,13.99
62b61c40-b80a-416a-9ccb-fe3c9e6d0a06,25,18-25,Other,Oceania,TV,Standard,13.99,167.88,PayPal,3,Drama,1.7,0.08,Low,21,At Risk,1,Churned,13.99
4ef6fb81-a622-445f-8f85-597ecf5567be,32,26-35,Male,South America,Mobile,Premium,17.99,215.88,Debit Card,3,Documentary,30.07,1.2,High,24,At Risk,0,Retained,0.0
056fe4f4-e919-4cfe-ba2f-fdec0661500d,32,26-35,Other,Oceania,Tablet,Basic,8.99,107.88,Crypto,3,Drama,8.94,0.36,Medium,24,At Risk,1,Churned,8.99
ee07ca21-c2c4-44e6-9df9-1c15ec176c3a,44,36-45,Other,Africa,Mobile,Standard,13.99,167.88,Gift Card,1,Documentary,5.3,0.18,Medium,29,At Risk,0,Retained,0.0
6531fb78-bb8a-4beb-ab13-c3e8b856e3f6,20,18-25,Female,Asia,Tablet,Basic,8.99,107.88,Crypto,1,Sci-Fi,1.98,0.66,High,2,Active,1,Churned,8.99
266c6b86-79e8-4fa9-a41c-be3d23ef2475,51,46-55,Male,Europe,Laptop,Standard,13.99,167.88,Debit Card,4,Comedy,20.53,10.27,High,1,Active,0,Retained,0.0
4115cbbb-3de8-46ef-a43f-b338d350ad79,64,56+,Other,Africa,Tablet,Basic,8.99,107.88,Credit Card,2,Action,0.95,0.02,Low,50,At Risk,1,Churned,8.99
5381612f-764a-40ee-9b78-d63104e51f5f,47,46-55,Other,North America,Desktop,Premium,17.99,215.88,Crypto,4,Action,3.3,0.13,Low,24,At Risk,1,Churned,17.99
3988c64c-4754-489c-bf86-146be943c7b8,25,18-25,Other,North America,Tablet,Basic,8.99,107.88,Gift Card,4,Romance,2.2,0.04,Low,55,At Risk,1,Churned,8.99
83d9f3d1-27b2-46d3-b2c5-6803bb220f4d,56,56+,Other,Oceania,Desktop,Standard,13.99,167.88,Debit Card,4,Drama,34.8,11.6,High,2,Active,0,Retained,0.0
31fa49f8-825a-4ea0-8ac6-ea7101ad0bda,59,56+,Other,South America,Laptop,Premium,17.99,215.88,Debit Card,3,Action,10.17,0.68,High,14,Active,0,Retained,0.0
b0494b53-2f3c-46cc-b907-265ed1f3d345,45,36-45,Male,North America,Desktop,Standard,13.99,167.88,Gift Card,5,Drama,43.5,5.44,High,7,Active,0,Retained,0.0
a9815df5-69e5-4cb7-9cdd-e7e47b879875,68,56+,Other,Oceania,TV,Premium,17.99,215.88,Gift Card,4,Comedy,13.82,0.31,Medium,44,At Risk,1,Churned,17.99
8d1288c4-b29c-4cba-8c59-4bbf0db22487,50,46-55,Other,South America,Desktop,Premium,17.99,215.88,Crypto,2,Romance,13.02,0.25,Medium,51,At Risk,1,Churned,17.99
3a1bf4c6-39ee-430e-bdf0-74fd5f9615c2,20,18-25,Other,Europe,Tablet,Standard,13.99,167.88,Credit Card,2,Action,2.0,0.08,Low,24,At Risk,1,Churned,13.99
ee78b050-dae3-4b93-ba7c-cc046f2e7003,23,18-25,Female,Africa,Laptop,Basic,8.99,107.88,Debit Card,3,Drama,3.03,0.07,Low,45,At Risk,1,Churned,8.99
1d8fdb2f-7a27-4d1f-9dcf-fc324a029558,45,36-45,Other,North America,Tablet,Basic,8.99,107.88,PayPal,1,Sci-Fi,11.67,0.69,High,16,Active,0,Retained,0.0
a58a4b83-c549-420b-acf2-e746ed63477a,19,18-25,Other,Oceania,TV,Premium,17.99,215.88,Debit Card,3,Documentary,3.81,0.08,Low,45,At Risk,1,Churned,17.99
7769cf6c-0c7c-4f5b-8807-03a2ccb516a7,34,26-35,Other,Asia,TV,Standard,13.99,167.88,Credit Card,4,Drama,12.44,0.21,Medium,59,At Risk,0,Retained,0.0
32fb3202-3001-457c-b218-60b3e3bfe26b,54,46-55,Male,Europe,Desktop,Basic,8.99,107.88,Debit Card,1,Horror,14.95,0.33,Medium,44,At Risk,1,Churned,8.99
622065af-078b-407b-ac57-754272d9b7df,47,46-55,Female,Asia,TV,Standard,13.99,167.88,Crypto,1,Documentary,1.23,0.02,Low,54,At Risk,1,Churned,13.99
0c18ab75-e044-4805-ac68-9828f50f3193,32,26-35,Male,Africa,Laptop,Basic,8.99,107.88,PayPal,3,Romance,24.51,0.48,Medium,50,At Risk,1,Churned,8.99
6c602423-7b4c-4b86-8505-32b042557344,30,26-35,Male,Europe,Mobile,Premium,17.99,215.88,PayPal,1,Action,5.12,0.09,Low,59,At Risk,1,Churned,17.99
351a509c-28ab-4e97-8ac2-d8addfe48e93,59,56+,Other,Oceania,Desktop,Standard,13.99,167.88,Crypto,2,Horror,19.18,0.91,High,20,Active,0,Retained,0.0
d9ac3ade-6c21-4bae-89bd-c2ad880d31f0,54,46-55,Other,Asia,Mobile,Standard,13.99,167.88,Credit Card,3,Drama,25.32,0.44,Medium,57,At Risk,0,Retained,0.0
5c3ffb03-1eb8-4441-853f-e6aca2fdbc2b,44,36-45,Male,Europe,Laptop,Basic,8.99,107.88,Credit Card,3,Drama,4.99,0.09,Low,57,At Risk,1,Churned,8.99
c836e596-7e8e-4be9-8413-4d75f8151709,35,26-35,Male,Europe,TV,Standard,13.99,167.88,PayPal,1,Romance,1.75,0.04,Low,41,At Risk,1,Churned,13.99
79aa6450-52e2-4c0e-9efe-969afaa8c252,56,56+,Male,Europe,TV,Premium,17.99,215.88,PayPal,3,Action,42.86,1.02,High,41,At Risk,0,Retained,0.0
5913a03e-ba87-408c-b4fd-b0713609ab9f,18,18-25,Other,Europe,Mobile,Premium,17.99,215.88,Debit Card,3,Romance,4.12,0.09,Low,47,At Risk,1,Churned,17.99
c004d46a-3676-4c1f-bd2a-b3ca2c55389d,63,56+,Other,Oceania,Desktop,Standard,13.99,167.88,Gift Card,4,Sci-Fi,1.38,1.38,High,0,Active,0,Retained,0.0
4a3d750d-4fc6-43ce-9354-c086e2372d3e,38,36-45,Other,Europe,Desktop,Premium,17.99,215.88,PayPal,1,Drama,7.13,0.12,Low,60,At Risk,1,Churned,17.99
81703340-2d76-4363-953e-56bed0c5b93c,39,36-45,Other,Asia,Mobile,Standard,13.99,167.88,Crypto,1,Drama,7.27,0.23,Medium,31,At Risk,1,Churned,13.99
feff7dcc-8b4d-4121-9638-e39edad5c67f,52,46-55,Other,North America,Desktop,Premium,17.99,215.88,Credit Card,3,Horror,34.96,0.69,High,50,At Risk,0,Retained,0.0
56ba0529-b5aa-48e2-ba5b-154e594ce824,57,56+,Other,Oceania,Tablet,Premium,17.99,215.88,PayPal,3,Romance,7.31,0.14,Low,53,At Risk,1,Churned,17.99
7f9e1a97-c9be-4712-a61b-aed1bbbf858e,37,36-45,Male,Africa,Tablet,Standard,13.99,167.88,PayPal,1,Sci-Fi,3.66,0.61,High,5,Active,0,Retained,0.0
dc9be9a8-e518-4f3c-a023-bdbaeeb17b3c,53,46-55,Other,South America,Mobile,Standard,13.99,167.88,Debit Card,5,Horror,0.51,0.02,Low,30,At Risk,0,Retained,0.0
633ce2e6-3297-4e35-83ac-1eb8ebb10331,58,56+,Female,North America,Mobile,Basic,8.99,107.88,PayPal,2,Sci-Fi,31.06,0.8,High,38,At Risk,0,Retained,0.0
03d585d7-1c33-4d36-a7b1-f75db2ebff42,31,26-35,Other,South America,TV,Standard,13.99,167.88,Gift Card,5,Drama,0.68,0.01,Low,58,At Risk,1,Churned,13.99
181b6713-b90e-4211-a3c5-0f763e890d58,38,36-45,Other,South America,Mobile,Premium,17.99,215.88,Debit Card,4,Drama,8.93,0.15,Low,57,At Risk,0,Retained,0.0
fff878e7-afef-4b0f-9934-6f5b2819e20d,58,56+,Female,Oceania,Tablet,Basic,8.99,107.88,Gift Card,2,Sci-Fi,3.41,0.1,Low,34,At Risk,1,Churned,8.99
e1a73fc5-3f78-481b-bc83-3e2938ba4129,20,18-25,Male,North America,Mobile,Basic,8.99,107.88,Debit Card,4,Documentary,24.77,0.44,Medium,55,At Risk,0,Retained,0.0
3d98a1f8-5893-42da-b18d-59e48283ec63,69,56+,Female,Oceania,Tablet,Basic,8.99,107.88,Debit Card,1,Action,16.43,1.49,High,10,Active,0,Retained,0.0
6d950e48-0e13-4e8f-a6d7-2c30b2ec6529,55,46-55,Other,Asia,Laptop,Basic,8.99,107.88,Crypto,4,Romance,11.13,0.45,Medium,24,At Risk,0,Retained,0.0
887801e2-9db1-4956-a541-c39601fb5c06,21,18-25,Other,Asia,TV,Basic,8.99,107.88,Credit Card,2,Sci-Fi,0.54,0.01,Low,36,At Risk,1,Churned,8.99
f967ac11-3d04-4c44-a518-5e6f432cd0c0,60,56+,Female,Oceania,Tablet,Standard,13.99,167.88,Crypto,3,Horror,5.02,0.19,Medium,26,At Risk,0,Retained,0.0
88ff87a0-d3a1-4609-9960-d505e81d2507,34,26-35,Other,Africa,Desktop,Standard,13.99,167.88,Crypto,3,Documentary,1.34,0.05,Low,28,At Risk,1,Churned,13.99
4ab6dc88-5117-45e9-8a50-d7ce2f48cc66,27,26-35,Other,Asia,Desktop,Premium,17.99,215.88,Gift Card,3,Action,5.07,0.15,Low,33,At Risk,1,Churned,17.99
b084d328-0b3a-49bd-a03f-06d53bf89686,44,36-45,Female,North America,Tablet,Basic,8.99,107.88,PayPal,2,Drama,5.7,0.3,Medium,18,Active,0,Retained,0.0
cbe73b6f-edfd-43a2-95aa-8821c564389e,36,36-45,Female,Europe,Tablet,Premium,17.99,215.88,Credit Card,2,Documentary,12.97,0.68,High,18,Active,0,Retained,0.0
be92bfd0-a5a6-431a-b376-dd8207dd32d2,63,56+,Male,South America,Laptop,Standard,13.99,167.88,PayPal,1,Action,15.51,1.55,High,9,Active,0,Retained,0.0
1b5358fa-03c3-4163-8dd5-c30b2460ca97,36,36-45,Female,North America,Laptop,Standard,13.99,167.88,PayPal,1,Drama,48.9,2.04,High,23,At Risk,0,Retained,0.0
83662cbb-68d7-4d0a-bed6-73c0b4fb0206,34,26-35,Male,Oceania,Mobile,Standard,13.99,167.88,PayPal,2,Romance,6.79,2.26,High,2,Active,0,Retained,0.0
5a10ba14-49e9-4305-84c4-39690a5750e2,43,36-45,Other,Asia,TV,Standard,13.99,167.88,Debit Card,3,Action,2.08,0.05,Low,45,At Risk,1,Churned,13.99
6d3f8263-b314-4d76-b2bf-0329597d963e,42,36-45,Female,Asia,Mobile,Basic,8.99,107.88,Debit Card,3,Horror,5.67,1.89,High,2,Active,0,Retained,0.0
a34e8ef9-faa1-42a4-8db2-d0402e6f09ee,46,46-55,Male,South America,Desktop,Premium,17.99,215.88,Credit Card,4,Sci-Fi,36.23,2.13,High,16,Active,0,Retained,0.0
b33d87e2-8e21-405e-95e0-b357f02a0af5,37,36-45,Female,North America,Tablet,Basic,8.99,107.88,Gift Card,2,Drama,5.35,1.78,High,2,Active,0,Retained,0.0
651e01c7-45b6-44ef-a851-16dd82b0d92f,58,56+,Female,Asia,Tablet,Basic,8.99,107.88,PayPal,3,Documentary,11.9,0.32,Medium,36,At Risk,1,Churned,8.99
eb9340bf-76e0-4abc-a037-897ab16a9321,19,18-25,Other,Asia,TV,Basic,8.99,107.88,Crypto,3,Comedy,8.23,0.24,Medium,34,At Risk,1,Churned,8.99
13d9a2c4-6246-4b31-9c92-2dd0a8ab193b,53,46-55,Female,Oceania,Tablet,Standard,13.99,167.88,Credit Card,5,Documentary,21.38,0.4,Medium,53,At Risk,0,Retained,0.0
ea772153-fc26-4ae7-9a01-f0c441d77bac,61,56+,Female,South America,TV,Standard,13.99,167.88,Crypto,2,Comedy,4.19,0.14,Low,30,At Risk,1,Churned,13.99
a856148d-f351-4167-97b3-f542c4b0055b,37,36-45,Male,Africa,Desktop,Premium,17.99,215.88,Crypto,3,Romance,10.86,0.23,Medium,47,At Risk,1,Churned,17.99
41c3b640-f804-4274-8b9b-10c9ad380348,56,56+,Female,Africa,Desktop,Standard,13.99,167.88,Credit Card,2,Romance,3.8,0.14,Low,26,At Risk,1,Churned,13.99
470957a2-9765-4376-bd45-7b0c8ae3fdac,65,56+,Female,South America,Laptop,Standard,13.99,167.88,Credit Card,3,Sci-Fi,50.15,3.58,High,13,Active,0,Retained,0.0
01bf79df-d2f3-4bf8-b63c-1e8031b22ac3,33,26-35,Other,Asia,Desktop,Premium,17.99,215.88,Gift Card,3,Action,7.79,0.43,Medium,17,Active,0,Retained,0.0
c2a427a1-f7a0-4e27-aa4b-00a947a019fb,36,36-45,Female,North America,Tablet,Standard,13.99,167.88,Crypto,4,Drama,15.28,0.28,Medium,54,At Risk,1,Churned,13.99
dc9c76a8-0447-4ba5-ae03-cf1babba783b,65,56+,Other,Europe,Laptop,Standard,13.99,167.88,Gift Card,4,Horror,9.15,0.3,Medium,30,At Risk,0,Retained,0.0
e75da4f2-0792-4146-9a51-f4a49af1275b,44,36-45,Other,South America,Laptop,Standard,13.99,167.88,Crypto,1,Comedy,14.25,0.55,High,25,At Risk,0,Retained,0.0
611b8c45-f9dd-4635-a726-f2fab2ab0c7e,36,36-45,Male,North America,Tablet,Standard,13.99,167.88,Debit Card,2,Drama,9.1,3.03,High,2,Active,0,Retained,0.0
6f8f6066-8b9d-4d86-9706-fd94c6d87f8c,38,36-45,Female,South America,Tablet,Basic,8.99,107.88,Debit Card,3,Comedy,0.32,0.02,Low,16,Active,1,Churned,8.99
0ef46415-fdcc-428b-8f0d-068a9412db6a,44,36-45,Female,Asia,Tablet,Basic,8.99,107.88,Gift Card,3,Drama,1.03,0.06,Low,15,Active,1,Churned,8.99
79ffa97f-3b33-4795-9d8b-98cb819d9a5c,20,18-25,Female,Asia,Laptop,Premium,17.99,215.88,Debit Card,3,Sci-Fi,60.37,6.71,High,8,Active,0,Retained,0.0
e3c31b2e-94eb-419b-8212-3536e2385d2c,31,26-35,Other,Asia,Mobile,Basic,8.99,107.88,Gift Card,5,Documentary,7.32,0.3,Medium,23,At Risk,0,Retained,0.0
d8a1b0e1-30c5-404c-aaef-ee2f91090379,33,26-35,Other,Oceania,Mobile,Premium,17.99,215.88,Crypto,2,Sci-Fi,3.8,0.1,Low,38,At Risk,1,Churned,17.99
3305c5ff-0c1d-4454-a4d1-dea0e3978975,50,46-55,Female,Africa,Tablet,Premium,17.99,215.88,Gift Card,5,Documentary,18.62,0.72,High,25,At Risk,0,Retained,0.0
13869085-2e02-4a17-add2-47d51472d671,64,56+,Male,Asia,Tablet,Premium,17.99,215.88,Credit Card,5,Documentary,16.62,0.28,Medium,58,At Risk,0,Retained,0.0
e4103b71-a2ba-4c11-82f8-9bff9aba5a4b,40,36-45,Female,Asia,TV,Premium,17.99,215.88,Crypto,5,Action,25.5,1.02,High,24,At Risk,0,Retained,0.0
e160466a-f14f-4ad4-b190-ab9ffd5c2a27,67,56+,Other,North America,Mobile,Basic,8.99,107.88,Crypto,5,Horror,4.62,0.14,Low,33,At Risk,1,Churned,8.99
f6c82890-a67e-4c6c-bc25-c0942e667b1a,61,56+,Other,Africa,Desktop,Standard,13.99,167.88,Crypto,1,Romance,4.12,4.12,High,0,Active,0,Retained,0.0
c8c6df6c-920d-4f3c-80b1-8607d13c62dd,67,56+,Male,North America,Mobile,Standard,13.99,167.88,Gift Card,2,Drama,0.08,0.0,Low,20,Active,1,Churned,13.99
45b3fb12-d487-41cf-a511-6bb224c2848d,53,46-55,Other,South America,Tablet,Basic,8.99,107.88,Credit Card,1,Drama,5.96,0.13,Low,46,At Risk,1,Churned,8.99
284b8e48-b6ef-4947-a69b-4934f8509b51,32,26-35,Male,Asia,Laptop,Premium,17.99,215.88,PayPal,4,Horror,3.32,0.26,Medium,12,Active,0,Retained,0.0
02cc8f8c-5d42-4c4b-bacb-177a896e51b7,31,26-35,Female,Europe,TV,Standard,13.99,167.88,Gift Card,2,Romance,6.08,0.23,Medium,25,At Risk,0,Retained,0.0
84057a35-72ad-4922-8c79-4bdd241b83c3,69,56+,Female,North America,Laptop,Premium,17.99,215.88,Gift Card,5,Action,5.48,0.1,Low,54,At Risk,1,Churned,17.99
36562aee-2f47-41c0-8455-e0ad53858c3c,55,46-55,Other,Africa,TV,Basic,8.99,107.88,Credit Card,1,Action,28.25,1.18,High,23,At Risk,0,Retained,0.0
ad57c204-f497-4f4b-88fb-03a6ed249a42,70,56+,Male,Europe,Desktop,Premium,17.99,215.88,Credit Card,3,Comedy,5.62,0.22,Medium,25,At Risk,0,Retained,0.0
37e9a389-655c-4b71-a5f8-ceb53a4b0728,70,56+,Male,Africa,Mobile,Standard,13.99,167.88,Gift Card,5,Drama,15.52,1.19,High,12,Active,0,Retained,0.0
f812b295-fffc-4248-9068-a94a1f30bba7,70,56+,Female,North America,TV,Standard,13.99,167.88,Credit Card,4,Comedy,3.06,0.05,Low,57,At Risk,1,Churned,13.99
ed9483f7-d1bb-43ea-b042-737f411148e0,27,26-35,Female,South America,Laptop,Basic,8.99,107.88,Credit Card,4,Sci-Fi,17.34,1.02,High,16,Active,0,Retained,0.0
a6a03d8a-8c9b-4f3b-910d-4ee276cd1b8b,19,18-25,Male,South America,Laptop,Basic,8.99,107.88,Credit Card,3,Romance,9.09,0.16,Low,56,At Risk,1,Churned,8.99
ac2992f2-0f0b-410e-acc3-cd2df1cc164d,63,56+,Other,Europe,Mobile,Basic,8.99,107.88,Credit Card,4,Drama,36.14,0.67,High,53,At Risk,0,Retained,0.0
a885f06b-975d-4dc1-b097-fbeeb8a5ae05,47,46-55,Male,Oceania,Tablet,Basic,8.99,107.88,PayPal,5,Drama,3.92,0.1,Low,40,At Risk,1,Churned,8.99
7fba5ae9-1913-4021-9975-c3b8982a0c16,27,26-35,Male,Europe,Laptop,Premium,17.99,215.88,Crypto,2,Comedy,17.29,1.44,High,11,Active,0,Retained,0.0
6631dbbb-dba7-4e36-98e1-ecd5867db158,33,26-35,Female,Europe,TV,Basic,8.99,107.88,Debit Card,5,Documentary,11.53,2.88,High,3,Active,0,Retained,0.0
2cc8e207-22d5-4fb0-a161-45d411d07da6,58,56+,Female,Oceania,Laptop,Premium,17.99,215.88,PayPal,4,Horror,8.53,0.17,Medium,48,At Risk,0,Retained,0.0
7d760c06-d947-48e0-8db5-f5329387d1ef,66,56+,Other,Europe,Mobile,Premium,17.99,215.88,Gift Card,5,Comedy,1.02,0.06,Low,15,Active,1,Churned,17.99
ecdc67bf-2219-48d4-ad54-61842802c67c,55,46-55,Female,Oceania,TV,Standard,13.99,167.88,Gift Card,1,Sci-Fi,3.81,1.27,High,2,Active,0,Retained,0.0
7b1a55cd-297f-4b7e-b881-1b5fd6f5ec61,30,26-35,Male,South America,Tablet,Standard,13.99,167.88,Debit Card,3,Horror,9.58,0.27,Medium,35,At Risk,1,Churned,13.99
bd92a3f0-63ff-4e60-8ebd-7789d7318af9,70,56+,Other,North America,TV,Standard,13.99,167.88,Debit Card,2,Horror,4.66,0.11,Low,43,At Risk,1,Churned,13.99
7cdf9e69-0b07-42dc-8aa9-225c8cdf6904,70,56+,Male,North America,TV,Premium,17.99,215.88,Credit Card,4,Documentary,18.46,2.05,High,8,Active,0,Retained,0.0
36d2ad86-3674-4aa9-86e0-b523c81990b6,33,26-35,Female,Oceania,Tablet,Premium,17.99,215.88,Debit Card,4,Sci-Fi,11.79,0.74,High,15,Active,0,Retained,0.0
10e56352-8dce-4ba9-a452-87405310c972,57,56+,Other,North America,Mobile,Standard,13.99,167.88,Debit Card,4,Documentary,9.9,0.22,Medium,45,At Risk,0,Retained,0.0
fe446b20-d84d-4ee7-9de6-6bf726b339b4,54,46-55,Other,North America,Tablet,Premium,17.99,215.88,Crypto,4,Romance,9.8,0.17,Medium,56,At Risk,1,Churned,17.99
8974f6aa-5a7b-4cef-9f38-b56ac2869ef4,30,26-35,Female,Africa,TV,Standard,13.99,167.88,Credit Card,3,Horror,4.72,0.31,Medium,14,Active,1,Churned,13.99
4c950183-7b4d-433d-94f0-7f415e89c36e,31,26-35,Male,Europe,Tablet,Standard,13.99,167.88,PayPal,4,Documentary,9.41,0.24,Medium,39,At Risk,0,Retained,0.0
ef0c40a9-94e9-43d8-b0f5-0123e35c851c,18,18-25,Female,South America,TV,Premium,17.99,215.88,Credit Card,1,Drama,0.24,0.02,Low,9,Active,1,Churned,17.99
727a2bec-50ec-47ee-9905-3caf8cb2a987,52,46-55,Male,South America,TV,Premium,17.99,215.88,PayPal,1,Comedy,3.12,0.31,Medium,9,Active,1,Churned,17.99
1f958ee1-08d0-46d2-8375-88bb42ff738a,36,36-45,Female,Asia,Desktop,Premium,17.99,215.88,Crypto,2,Sci-Fi,19.03,9.52,High,1,Active,0,Retained,0.0
1d5bbdf1-b8eb-49c8-8502-6925c92285d6,49,46-55,Female,Oceania,TV,Standard,13.99,167.88,Gift Card,1,Comedy,8.43,2.81,High,2,Active,0,Retained,0.0
ee8faa7f-a7e8-4a8b-8441-695a894635ec,49,46-55,Female,South America,Mobile,Basic,8.99,107.88,Gift Card,3,Drama,7.02,0.13,Low,55,At Risk,1,Churned,8.99
33287cc9-f41f-40ae-ac5c-71754484e635,40,36-45,Other,Asia,Desktop,Basic,8.99,107.88,PayPal,1,Drama,6.58,1.65,High,3,Active,0,Retained,0.0
e3a08f87-a693-47d8-a47e-cf071d5c1d71,58,56+,Female,Asia,Desktop,Premium,17.99,215.88,PayPal,1,Horror,14.52,0.34,Medium,42,At Risk,1,Churned,17.99
0b4eb218-348c-4c68-a3a5-08e7993b303a,56,56+,Female,Asia,Desktop,Standard,13.99,167.88,Crypto,4,Sci-Fi,35.01,11.67,High,2,Active,0,Retained,0.0
2146a842-093c-446d-a78d-86b66080475f,20,18-25,Other,Europe,Laptop,Standard,13.99,167.88,Crypto,2,Documentary,5.85,0.37,Medium,15,Active,0,Retained,0.0
e6dd515f-7399-4451-8a24-6e0ffda79f66,67,56+,Other,South America,Laptop,Standard,13.99,167.88,Crypto,4,Horror,9.09,0.24,Medium,37,At Risk,1,Churned,13.99
cc2d1c2c-57dd-420b-8937-6004c639af1d,18,18-25,Female,North America,Laptop,Basic,8.99,107.88,Crypto,2,Action,7.7,0.23,Medium,33,At Risk,1,Churned,8.99
a54a7593-d55e-4f30-b27b-56c9b17b6bb6,68,56+,Male,Oceania,Desktop,Standard,13.99,167.88,Debit Card,4,Romance,7.02,0.12,Low,58,At Risk,0,Retained,0.0
7fe742a0-9a13-4740-93f2-7de97369def0,57,56+,Female,Oceania,Desktop,Premium,17.99,215.88,Credit Card,4,Comedy,4.83,1.21,High,3,Active,0,Retained,0.0
7948427b-e1c2-40c2-8447-04791699eeb9,23,18-25,Female,Africa,Tablet,Basic,8.99,107.88,PayPal,2,Documentary,17.3,0.75,High,22,At Risk,0,Retained,0.0
c4694ef0-b6af-47a9-b7ae-f24ad7ecdb29,29,26-35,Male,Africa,Laptop,Premium,17.99,215.88,Credit Card,1,Drama,6.93,0.49,Medium,13,Active,0,Retained,0.0
ed0d8d2e-659d-4a88-ba88-b42846c0e9c8,41,36-45,Female,Oceania,Tablet,Standard,13.99,167.88,Crypto,3,Horror,3.35,0.06,Low,57,At Risk,1,Churned,13.99
45e9c6d3-4c02-4437-9a89-b1e425b3809c,37,36-45,Female,Oceania,Mobile,Standard,13.99,167.88,Debit Card,2,Comedy,3.94,1.31,High,2,Active,0,Retained,0.0
7e2e2ab8-ef15-4a1d-ab31-70439070dcb2,45,36-45,Female,Europe,TV,Premium,17.99,215.88,Debit Card,5,Documentary,0.12,0.01,Low,14,Active,0,Retained,0.0
ac363bfb-8031-4077-a271-465e28b18e97,47,46-55,Male,Africa,Desktop,Premium,17.99,215.88,Crypto,2,Romance,0.64,0.01,Low,43,At Risk,1,Churned,17.99
e8a364a4-feae-43f7-805e-eca0a2ba8b9c,55,46-55,Other,Oceania,TV,Premium,17.99,215.88,Crypto,2,Horror,7.53,0.84,High,8,Active,0,Retained,0.0
1d57d21e-088d-4e30-9d26-a22f243d2cfd,70,56+,Other,Asia,TV,Basic,8.99,107.88,PayPal,4,Romance,11.44,2.86,High,3,Active,0,Retained,0.0
fddebef1-3eb1-4164-b39e-58708ccec633,42,36-45,Other,South America,Tablet,Basic,8.99,107.88,Credit Card,5,Documentary,3.47,0.09,Low,36,At Risk,1,Churned,8.99
9b096c41-88cb-47f7-821a-51088e67fd01,33,26-35,Male,Asia,Mobile,Standard,13.99,167.88,Gift Card,4,Sci-Fi,17.89,0.54,High,32,At Risk,0,Retained,0.0
586bee8a-9719-4537-ab4a-5ce2b2a584fa,57,56+,Male,North America,Mobile,Basic,8.99,107.88,Credit Card,1,Comedy,28.44,0.68,High,41,At Risk,0,Retained,0.0
1d2a4f65-52e7-4608-8b68-eb5bd4cdffe7,64,56+,Female,North America,Mobile,Standard,13.99,167.88,Crypto,2,Horror,12.66,0.34,Medium,36,At Risk,1,Churned,13.99
2dae5422-290c-43f5-86a0-1b32d4ac035b,69,56+,Other,Europe,TV,Premium,17.99,215.88,PayPal,4,Comedy,3.05,0.05,Low,57,At Risk,1,Churned,17.99
4524dbd8-5791-42d4-b071-f52c41ee1c6e,27,26-35,Female,Africa,Mobile,Basic,8.99,107.88,Debit Card,3,Drama,0.03,0.01,Low,2,Active,1,Churned,8.99
05c92d11-017e-4bc6-bb81-936a2547ed8a,39,36-45,Male,Oceania,Desktop,Premium,17.99,215.88,PayPal,1,Action,7.64,0.19,Medium,40,At Risk,1,Churned,17.99
44b4f479-0f54-4647-b5fc-eca9657724ce,65,56+,Male,Africa,Laptop,Premium,17.99,215.88,Crypto,3,Comedy,5.02,0.1,Low,51,At Risk,1,Churned,17.99
1b04627d-b81d-4bad-8343-ae22bd145828,39,36-45,Other,South America,TV,Basic,8.99,107.88,Credit Card,5,Sci-Fi,12.17,0.64,High,18,Active,0,Retained,0.0
b281af12-1392-4e70-9dc8-b394fe8de6a8,52,46-55,Female,Africa,Desktop,Standard,13.99,167.88,Crypto,1,Horror,8.93,0.23,Medium,38,At Risk,1,Churned,13.99
08b88a8c-5cf1-4443-8735-cb68e6ec3769,62,56+,Other,Oceania,Tablet,Basic,8.99,107.88,Debit Card,2,Drama,30.35,1.01,High,29,At Risk,0,Retained,0.0
aac86e6a-dd8e-4a52-9ab0-b6f14fd2911f,52,46-55,Other,Europe,Desktop,Basic,8.99,107.88,Debit Card,1,Romance,0.4,0.01,Low,54,At Risk,1,Churned,8.99
3e53a4a8-4033-4454-8c95-0b6be106de8d,43,36-45,Male,Europe,Mobile,Standard,13.99,167.88,Gift Card,3,Romance,0.24,0.06,Low,3,Active,1,Churned,13.99
48b92021-3236-486c-8c47-9e0c6e6e6c4b,32,26-35,Other,Asia,Desktop,Standard,13.99,167.88,Credit Card,5,Comedy,0.38,0.03,Low,10,Active,0,Retained,0.0
2d323e83-1795-4c77-91fa-cbc75c603296,18,18-25,Female,South America,Laptop,Premium,17.99,215.88,Debit Card,4,Sci-Fi,9.88,0.82,High,11,Active,0,Retained,0.0
adc7f84c-3aab-48f5-af7e-27358f82ac21,45,36-45,Female,North America,Tablet,Basic,8.99,107.88,PayPal,3,Comedy,25.86,0.7,High,36,At Risk,0,Retained,0.0
5c43c29c-5301-4c78-bde7-d3f55324e38e,21,18-25,Male,Asia,Laptop,Basic,8.99,107.88,Gift Card,5,Documentary,28.27,1.05,High,26,At Risk,0,Retained,0.0
3b324e22-6303-4712-b779-d62414ac4ecc,63,56+,Male,Asia,Tablet,Basic,8.99,107.88,Credit Card,1,Comedy,6.79,0.14,Low,46,At Risk,1,Churned,8.99
8bfa387d-bfd3-411f-ab70-4754993bc947,57,56+,Male,Africa,Desktop,Premium,17.99,215.88,Crypto,5,Sci-Fi,14.69,1.13,High,12,Active,0,Retained,0.0
3937c4f3-e061-412e-881c-4abc32f985e0,24,18-25,Male,Europe,Laptop,Standard,13.99,167.88,Crypto,5,Action,7.75,0.3,Medium,25,At Risk,0,Retained,0.0
f2bd18f7-ed02-4f34-980e-1c7dba261108,56,56+,Female,Europe,Tablet,Premium,17.99,215.88,Debit Card,1,Documentary,8.83,0.8,High,10,Active,0,Retained,0.0
2224d120-e062-49d2-bd41-26419d703ce9,39,36-45,Other,Asia,Laptop,Premium,17.99,215.88,Gift Card,3,Comedy,18.98,0.5,Medium,37,At Risk,0,Retained,0.0
fedb3f81-a21c-43fe-839b-fcb7c0252e68,66,56+,Other,Africa,Mobile,Basic,8.99,107.88,Debit Card,4,Horror,31.95,2.46,High,12,Active,0,Retained,0.0
74e01e40-d5a7-4efb-90fe-f1300408cb29,38,36-45,Female,Africa,Desktop,Premium,17.99,215.88,Debit Card,5,Sci-Fi,15.01,0.47,Medium,31,At Risk,0,Retained,0.0
048c60bd-5233-445a-83d5-f33e8e5ad0f1,49,46-55,Other,North America,Tablet,Basic,8.99,107.88,Credit Card,3,Documentary,15.49,0.82,High,18,Active,0,Retained,0.0
b4ebf013-bb7d-4033-b06d-cd08a2026791,25,18-25,Female,Oceania,TV,Basic,8.99,107.88,Debit Card,1,Drama,2.78,2.78,High,0,Active,1,Churned,8.99
886e8d80-2dd5-42ef-82ce-513b690759b0,64,56+,Male,South America,Mobile,Standard,13.99,167.88,PayPal,4,Documentary,28.71,1.79,High,15,Active,0,Retained,0.0
81882b96-2263-47c0-be9a-895d4c8983d3,70,56+,Other,Oceania,Laptop,Premium,17.99,215.88,Gift Card,5,Comedy,12.08,0.71,High,16,Active,0,Retained,0.0
acbfff21-46ea-4d22-9320-980af367bdc2,46,46-55,Male,Africa,Tablet,Standard,13.99,167.88,PayPal,3,Documentary,12.26,0.27,Medium,45,At Risk,1,Churned,13.99
ce4f1f9b-06d3-4ed6-a75c-bc1d13e5cbec,62,56+,Other,Europe,Desktop,Basic,8.99,107.88,Gift Card,4,Comedy,0.98,0.03,Low,36,At Risk,1,Churned,8.99
6e006abe-2672-4309-9303-6ca60ffd2e60,56,56+,Female,South America,Desktop,Basic,8.99,107.88,Gift Card,4,Sci-Fi,2.98,0.08,Low,37,At Risk,1,Churned,8.99
3cf2407f-5d20-4c4c-aa54-7f5ca07e0183,66,56+,Male,Africa,TV,Basic,8.99,107.88,Gift Card,4,Drama,16.19,0.62,High,25,At Risk,0,Retained,0.0
ab212213-fe29-41ff-9baf-98537678d60c,25,18-25,Male,Europe,Laptop,Basic,8.99,107.88,Gift Card,3,Horror,4.02,0.2,Medium,19,Active,1,Churned,8.99
f8d78376-febd-4540-8d6a-81bbab8f3b57,45,36-45,Other,Oceania,Laptop,Basic,8.99,107.88,PayPal,5,Romance,39.96,0.95,High,41,At Risk,0,Retained,0.0
3878e4e3-2960-4b36-b25c-f90ddd01b5d8,29,26-35,Female,South America,Mobile,Standard,13.99,167.88,Debit Card,2,Sci-Fi,54.53,27.27,High,1,Active,0,Retained,0.0
47c7ceb4-e638-4732-abbf-708c055d13f5,68,56+,Other,Africa,Tablet,Premium,17.99,215.88,Credit Card,3,Horror,3.15,1.57,High,1,Active,0,Retained,0.0
8511ae79-b03f-432b-bac6-1933649f2b24,56,56+,Male,Europe,Laptop,Premium,17.99,215.88,PayPal,3,Romance,24.37,0.9,High,26,At Risk,0,Retained,0.0
18c6f3b7-bdb7-4860-b12f-d614adedd94e,35,26-35,Female,Africa,TV,Premium,17.99,215.88,Debit Card,5,Drama,9.97,0.71,High,13,Active,0,Retained,0.0
3396e8c6-d124-466a-976a-2282eb070659,51,46-55,Female,Africa,TV,Premium,17.99,215.88,PayPal,4,Documentary,8.68,0.96,High,8,Active,0,Retained,0.0
2c7e4d20-2f73-49a5-82d4-3eea433b1dee,24,18-25,Male,North America,TV,Premium,17.99,215.88,PayPal,1,Comedy,77.9,5.99,High,12,Active,0,Retained,0.0
8ce3c8fd-8d0a-42cd-9ace-c79d8847f482,32,26-35,Male,North America,Tablet,Premium,17.99,215.88,Credit Card,4,Romance,28.61,1.24,High,22,At Risk,0,Retained,0.0
180983f8-9d3c-440f-b4cd-32012522ca03,38,36-45,Male,South America,Tablet,Basic,8.99,107.88,Credit Card,5,Documentary,6.95,0.39,Medium,17,Active,0,Retained,0.0
49fa3709-598c-42ec-9f7f-3fe2952a7a9d,27,26-35,Female,South America,Tablet,Standard,13.99,167.88,Crypto,3,Romance,1.04,0.02,Low,54,At Risk,1,Churned,13.99
11b11026-73bb-42af-8a0f-092fac0012ee,49,46-55,Male,Asia,TV,Standard,13.99,167.88,PayPal,3,Drama,10.66,0.27,Medium,38,At Risk,1,Churned,13.99
ab2a775f-9e55-4246-a6f8-6f9b9b933da5,47,46-55,Male,Oceania,Desktop,Premium,17.99,215.88,Credit Card,1,Romance,20.61,0.36,Medium,56,At Risk,0,Retained,0.0
9204fff6-14fd-45be-ab46-1cd5efe61aff,59,56+,Male,Oceania,Tablet,Premium,17.99,215.88,Credit Card,2,Action,12.39,0.41,Medium,29,At Risk,0,Retained,0.0
95718011-6fd5-45fc-a8f1-4edcd8cadcbf,64,56+,Female,Africa,Tablet,Basic,8.99,107.88,Debit Card,4,Documentary,2.11,0.07,Low,31,At Risk,1,Churned,8.99
080276bb-8ca9-4584-bd17-e42062a10a56,56,56+,Male,Asia,TV,Premium,17.99,215.88,PayPal,4,Drama,3.93,0.14,Low,27,At Risk,0,Retained,0.0
362cc198-e99a-4e0f-91b3-f0442b7d0177,41,36-45,Male,Europe,Laptop,Premium,17.99,215.88,PayPal,2,Action,1.34,0.27,Medium,4,Active,0,Retained,0.0
26b02b3c-52b1-4c5e-b5d7-62e599a4e310,65,56+,Male,Africa,Laptop,Basic,8.99,107.88,Crypto,4,Romance,4.85,0.11,Low,45,At Risk,1,Churned,8.99
75019d85-6f3c-4332-a407-7ff4f9a5da92,59,56+,Other,Asia,Mobile,Premium,17.99,215.88,Gift Card,4,Drama,7.26,0.23,Medium,30,At Risk,0,Retained,0.0
038a3b7a-2156-496b-95dc-1a141efbf296,64,56+,Male,Oceania,Mobile,Premium,17.99,215.88,Credit Card,5,Romance,31.16,0.65,High,47,At Risk,0,Retained,0.0
bcf1e773-449b-4e76-878a-9e9620465707,55,46-55,Female,Europe,Desktop,Premium,17.99,215.88,Gift Card,2,Drama,9.76,0.26,Medium,37,At Risk,1,Churned,17.99
f621bd06-0cdf-4010-b39e-3ad5d697ba92,51,46-55,Male,South America,Desktop,Standard,13.99,167.88,Debit Card,2,Horror,24.3,0.62,High,38,At Risk,0,Retained,0.0
dfd041ff-d855-4c8e-81c1-57155d28c48f,54,46-55,Male,Oceania,Tablet,Premium,17.99,215.88,Gift Card,1,Horror,2.1,0.04,Low,50,At Risk,1,Churned,17.99
b656e72d-28cd-4aec-bc48-4fd49b5fc7c8,21,18-25,Female,Oceania,Mobile,Standard,13.99,167.88,Debit Card,5,Action,6.2,1.24,High,4,Active,0,Retained,0.0
e758dc19-126c-439f-bc98-4302726912cd,22,18-25,Female,North America,Laptop,Basic,8.99,107.88,PayPal,4,Romance,5.12,0.18,Medium,27,At Risk,0,Retained,0.0
f73da12b-b911-40cf-910e-202e6419d7e9,21,18-25,Female,South America,Tablet,Premium,17.99,215.88,Crypto,2,Horror,27.5,1.02,High,26,At Risk,0,Retained,0.0
de0bbcd6-c19d-4e30-9cf2-b66bf2dc5ceb,49,46-55,Female,Europe,Mobile,Standard,13.99,167.88,Gift Card,3,Sci-Fi,10.34,0.49,Medium,20,Active,0,Retained,0.0
a8df1927-7706-42ec-9dd9-99d18857cb02,53,46-55,Female,Europe,Tablet,Premium,17.99,215.88,PayPal,3,Comedy,4.37,0.09,Low,48,At Risk,1,Churned,17.99
5253e4fd-15d7-42e6-b83c-4cffe2678758,33,26-35,Other,North America,Laptop,Standard,13.99,167.88,Credit Card,1,Horror,10.71,0.41,Medium,25,At Risk,0,Retained,0.0
e2204612-d947-4f10-8e02-a7e9aa6e4ee8,58,56+,Other,Africa,Mobile,Basic,8.99,107.88,Credit Card,4,Drama,1.03,0.02,Low,50,At Risk,1,Churned,8.99
da651aa7-4e06-40d7-88dd-bc98395aaade,43,36-45,Other,Africa,Desktop,Premium,17.99,215.88,PayPal,5,Sci-Fi,5.78,0.48,Medium,11,Active,0,Retained,0.0
b72187e9-7572-4cc6-b79c-5b07cea9e128,52,46-55,Female,South America,TV,Basic,8.99,107.88,PayPal,3,Horror,5.2,0.25,Medium,20,Active,0,Retained,0.0
c079ea83-bb00-4217-86b6-cbb230f0e14f,33,26-35,Other,North America,TV,Standard,13.99,167.88,Debit Card,5,Comedy,3.76,0.22,Medium,16,Active,0,Retained,0.0
f566b553-8b4f-48d7-90f0-0b21c62cfc5b,70,56+,Other,South America,Laptop,Premium,17.99,215.88,Credit Card,5,Drama,7.61,3.81,High,1,Active,0,Retained,0.0
19841454-1c0f-4a76-bc4a-223be392e712,33,26-35,Male,Asia,TV,Standard,13.99,167.88,Debit Card,3,Comedy,2.53,0.08,Low,30,At Risk,1,Churned,13.99
2b231ddf-e204-4577-ae91-f0da4cb5f261,52,46-55,Female,North America,Tablet,Basic,8.99,107.88,Debit Card,3,Action,4.47,0.56,High,7,Active,1,Churned,8.99
dfa1b990-66dd-4237-afee-721ed2e9aab6,49,46-55,Other,Europe,Laptop,Standard,13.99,167.88,PayPal,3,Action,9.01,0.28,Medium,31,At Risk,1,Churned,13.99
6008bb17-f444-46ae-a8c5-b1890e810ca4,55,46-55,Male,Asia,Laptop,Basic,8.99,107.88,PayPal,1,Horror,12.56,0.27,Medium,46,At Risk,1,Churned,8.99
b3fe4f32-1641-4053-b26c-b5000c1d2a58,54,46-55,Male,Oceania,Laptop,Basic,8.99,107.88,PayPal,2,Romance,8.46,0.2,Medium,41,At Risk,1,Churned,8.99
bd8e834a-51cf-4e23-8487-bf5892bce69b,60,56+,Female,Europe,TV,Basic,8.99,107.88,Debit Card,3,Documentary,49.16,4.1,High,11,Active,0,Retained,0.0
44a3736f-eb54-4b27-afb8-6f07d6c9c25b,47,46-55,Other,Africa,Mobile,Basic,8.99,107.88,Debit Card,4,Horror,0.29,0.03,Low,10,Active,1,Churned,8.99
18c7ffea-f407-4e12-a8ca-f4cf9bb2e4ab,26,26-35,Male,Africa,Desktop,Standard,13.99,167.88,PayPal,3,Drama,2.87,0.06,Low,50,At Risk,1,Churned,13.99
945a5f93-9c3b-4b1e-893a-bb486805d851,50,46-55,Female,North America,Mobile,Basic,8.99,107.88,Gift Card,1,Sci-Fi,18.3,0.7,High,25,At Risk,0,Retained,0.0
5862858f-d37e-4231-aaef-31db7463d60d,44,36-45,Other,Asia,Tablet,Basic,8.99,107.88,PayPal,1,Action,5.85,0.97,High,5,Active,0,Retained,0.0
1f8f36b8-2b12-423c-8d89-7b6421897c37,60,56+,Male,Europe,TV,Standard,13.99,167.88,Crypto,2,Romance,15.15,0.4,Medium,37,At Risk,1,Churned,13.99
5caa5ca3-c54d-4b59-838f-e008e0cdc129,41,36-45,Other,Europe,TV,Premium,17.99,215.88,Crypto,2,Action,2.49,0.09,Low,26,At Risk,1,Churned,17.99
4efc58fd-c544-473c-8e01-cb331aa88456,40,36-45,Male,Europe,TV,Basic,8.99,107.88,Credit Card,1,Sci-Fi,14.79,0.92,High,15,Active,0,Retained,0.0
3cf735c4-c340-44e5-9fe5-b5aee7b4d3d9,42,36-45,Other,Oceania,TV,Basic,8.99,107.88,Gift Card,2,Documentary,0.33,0.01,Low,43,At Risk,1,Churned,8.99
97a423c0-e104-4e03-8ba2-4083cba8d28a,34,26-35,Female,North America,Tablet,Premium,17.99,215.88,PayPal,3,Horror,1.56,0.17,Medium,8,Active,1,Churned,17.99
82f9b433-0df6-4474-97b9-c478f3d5d7c8,24,18-25,Other,Africa,Tablet,Basic,8.99,107.88,PayPal,3,Horror,2.42,0.1,Low,24,At Risk,1,Churned,8.99
e7e1eef2-2f92-487c-a5f3-d1cf791e3167,24,18-25,Male,Europe,Mobile,Premium,17.99,215.88,Crypto,4,Horror,6.65,0.83,High,7,Active,0,Retained,0.0
3d0767c0-fa70-434f-ac4c-57f6ffa24e4c,70,56+,Other,Oceania,Mobile,Standard,13.99,167.88,Debit Card,4,Action,18.5,0.34,Medium,54,At Risk,0,Retained,0.0
3bc53390-2e23-40a3-9ebd-f4eeb7367575,52,46-55,Male,North America,Desktop,Basic,8.99,107.88,Crypto,5,Horror,2.61,0.05,Low,51,At Risk,1,Churned,8.99
be1de62d-9b6f-4c09-9316-1212c248b4c6,36,36-45,Female,South America,Mobile,Premium,17.99,215.88,Crypto,4,Drama,17.33,0.79,High,21,At Risk,0,Retained,0.0
1b68c20d-bee2-4f66-8701-67809addd9aa,25,18-25,Female,Africa,Tablet,Basic,8.99,107.88,Debit Card,1,Action,0.05,0.0,Low,52,At Risk,1,Churned,8.99
72a2c300-cc3d-4e71-81e6-85e4e309c680,38,36-45,Female,Africa,Laptop,Basic,8.99,107.88,Crypto,5,Romance,76.2,5.86,High,12,Active,0,Retained,0.0
322eef98-5dfd-41d1-b4f6-41f20f253632,58,56+,Female,Europe,Laptop,Premium,17.99,215.88,Credit Card,1,Documentary,17.93,2.24,High,7,Active,0,Retained,0.0
3cd2ff2c-063e-4384-a092-1f812a51a456,19,18-25,Female,Europe,TV,Premium,17.99,215.88,Credit Card,1,Sci-Fi,17.12,1.43,High,11,Active,0,Retained,0.0
439b60cc-9888-424f-98f0-d2ed345b5dd5,54,46-55,Other,South America,TV,Basic,8.99,107.88,Gift Card,1,Comedy,11.19,0.4,Medium,27,At Risk,1,Churned,8.99
261ddbef-9b7a-4226-a1b6-631ae8dbf332,26,26-35,Other,Oceania,Desktop,Standard,13.99,167.88,Crypto,4,Horror,9.6,0.51,Medium,18,Active,0,Retained,0.0
0451999d-c51d-4453-8015-9dc317341a30,23,18-25,Other,South America,Desktop,Premium,17.99,215.88,Gift Card,1,Sci-Fi,30.22,1.08,High,27,At Risk,0,Retained,0.0
6ed5f317-ba85-4aac-8f7b-0324686982f6,25,18-25,Male,Europe,Mobile,Basic,8.99,107.88,Credit Card,3,Sci-Fi,12.69,0.32,Medium,39,At Risk,1,Churned,8.99
0b811eb1-b4b7-4873-ab45-437e74f75a6c,18,18-25,Male,Asia,Laptop,Basic,8.99,107.88,Crypto,1,Sci-Fi,29.27,0.64,High,45,At Risk,1,Churned,8.99
d85b071c-30c4-4396-9b9d-14e3e60e724f,44,36-45,Female,South America,Desktop,Basic,8.99,107.88,Gift Card,1,Documentary,40.75,4.08,High,9,Active,0,Retained,0.0
11c1de99-a041-4f28-9158-033c5e09ef50,56,56+,Male,North America,TV,Basic,8.99,107.88,Gift Card,2,Documentary,15.94,1.23,High,12,Active,0,Retained,0.0
125db7ff-b7e9-44a4-b29c-80b0cd45ea2e,63,56+,Male,Asia,Desktop,Basic,8.99,107.88,Debit Card,4,Romance,27.89,0.9,High,30,At Risk,0,Retained,0.0
f418494c-d6e3-4fca-bdb8-d08fb3b83a85,70,56+,Male,North America,Laptop,Standard,13.99,167.88,Gift Card,1,Sci-Fi,24.78,1.24,High,19,Active,0,Retained,0.0
886da80b-6c19-47ba-b070-c7630c5b4241,53,46-55,Male,Africa,Desktop,Premium,17.99,215.88,Crypto,1,Documentary,27.97,0.78,High,35,At Risk,0,Retained,0.0
922bce16-2ceb-44a4-96f4-fc49fb0e0ac2,61,56+,Female,Asia,Desktop,Premium,17.99,215.88,Gift Card,5,Action,16.07,0.49,Medium,32,At Risk,1,Churned,17.99
080dac1d-54e2-4664-af52-56eb42281c72,59,56+,Female,Africa,Mobile,Standard,13.99,167.88,Debit Card,4,Horror,0.32,0.01,Low,29,At Risk,0,Retained,0.0
c185f0f8-0410-4e1c-bc87-40f90824bf1d,31,26-35,Male,Oceania,Mobile,Basic,8.99,107.88,Debit Card,5,Horror,2.85,0.48,Medium,5,Active,1,Churned,8.99
90695f65-6429-4f63-903f-843160038baa,44,36-45,Other,Africa,Laptop,Premium,17.99,215.88,PayPal,5,Action,6.78,0.97,High,6,Active,0,Retained,0.0
4ce50867-9e68-4f77-857c-45d1b57260f3,18,18-25,Female,North America,TV,Premium,17.99,215.88,Gift Card,4,Romance,12.95,0.32,Medium,39,At Risk,1,Churned,17.99
2dd53c77-3646-42b0-825e-69f598e0dc00,64,56+,Female,Europe,Laptop,Basic,8.99,107.88,Debit Card,5,Action,1.74,0.08,Low,20,Active,1,Churned,8.99
c090572e-263a-422d-9829-d167bf0e98fa,59,56+,Other,North America,Tablet,Basic,8.99,107.88,Gift Card,1,Sci-Fi,1.36,0.02,Low,57,At Risk,1,Churned,8.99
aca733c9-cee7-40e5-acc5-0c0627834828,27,26-35,Female,Europe,Laptop,Standard,13.99,167.88,Gift Card,5,Comedy,3.46,0.08,Low,42,At Risk,1,Churned,13.99
352b88dc-f431-41cc-ab32-20829a4e4e37,36,36-45,Female,North America,Mobile,Standard,13.99,167.88,Crypto,4,Documentary,16.29,0.33,Medium,48,At Risk,1,Churned,13.99
24798db7-c1a2-4e80-9275-ae9b143dace7,28,26-35,Other,Europe,Mobile,Basic,8.99,107.88,PayPal,3,Comedy,12.94,0.32,Medium,40,At Risk,1,Churned,8.99
1531f56b-7a98-43de-9ee2-ca215bec697b,66,56+,Female,South America,Mobile,Basic,8.99,107.88,Credit Card,5,Documentary,5.27,0.75,High,6,Active,0,Retained,0.0
ad498abb-6c86-4ece-81b7-9588a0ff3eda,24,18-25,Female,South America,Tablet,Premium,17.99,215.88,Gift Card,2,Romance,16.17,0.48,Medium,33,At Risk,1,Churned,17.99
c5703e60-bad8-4b18-880d-7ed85d00462b,66,56+,Male,North America,Laptop,Premium,17.99,215.88,Credit Card,5,Comedy,10.41,5.21,High,1,Active,0,Retained,0.0
ee43f918-a9d2-4a68-8b2a-5f4a25dee1f2,60,56+,Female,Asia,Laptop,Basic,8.99,107.88,Credit Card,4,Action,20.76,2.31,High,8,Active,0,Retained,0.0
12a181f8-58ca-45ab-968b-af28ef28b37b,45,36-45,Male,Asia,Mobile,Premium,17.99,215.88,Debit Card,3,Comedy,0.45,0.01,Low,44,At Risk,1,Churned,17.99
0d13d747-9091-4ad1-af2f-752b753b78d5,54,46-55,Female,South America,Desktop,Basic,8.99,107.88,PayPal,5,Horror,11.9,0.24,Medium,49,At Risk,1,Churned,8.99
a985f355-5ac2-4b10-a656-ab62e4e279f3,33,26-35,Male,South America,TV,Basic,8.99,107.88,Gift Card,1,Documentary,43.55,8.71,High,4,Active,0,Retained,0.0
4bcdf3d2-c743-46f8-9656-911dc92e6213,69,56+,Male,Africa,TV,Premium,17.99,215.88,Crypto,3,Sci-Fi,5.4,0.36,Medium,14,Active,0,Retained,0.0
aaafd476-ccb4-457e-a984-24abae7f34c8,44,36-45,Other,North America,Laptop,Standard,13.99,167.88,Crypto,3,Action,12.56,0.23,Medium,53,At Risk,1,Churned,13.99
2d08c15f-c97d-4cf0-84fc-9127dcf6e9cb,39,36-45,Male,Europe,Mobile,Basic,8.99,107.88,Debit Card,1,Comedy,34.56,0.86,High,39,At Risk,0,Retained,0.0
ee8b1fc7-9123-4e95-9df9-8bcb4c58bbb8,53,46-55,Female,Oceania,Laptop,Premium,17.99,215.88,Debit Card,1,Romance,3.41,0.07,Low,50,At Risk,1,Churned,17.99
7829169d-75d6-4f04-bef9-7ae2fc256e33,33,26-35,Male,Europe,Desktop,Standard,13.99,167.88,Gift Card,5,Comedy,5.76,0.14,Low,40,At Risk,1,Churned,13.99
177ad6c2-46ed-4fbb-a3f8-1dc137c45417,36,36-45,Other,Oceania,TV,Basic,8.99,107.88,Credit Card,1,Documentary,1.11,0.03,Low,39,At Risk,1,Churned,8.99
cba44e85-c06e-4bbc-8c94-6ab64421e817,65,56+,Other,Oceania,Desktop,Basic,8.99,107.88,Credit Card,3,Comedy,3.84,0.96,High,3,Active,0,Retained,0.0
e1d31d7f-2cff-40bb-8a77-3da93095d5d4,23,18-25,Other,Asia,Tablet,Premium,17.99,215.88,PayPal,1,Drama,15.27,0.55,High,27,At Risk,0,Retained,0.0
3ca8ae59-19ce-4566-8ad0-922c03c652b2,22,18-25,Female,North America,Desktop,Premium,17.99,215.88,Debit Card,5,Sci-Fi,7.28,0.17,Medium,43,At Risk,0,Retained,0.0
e0f75dc5-79d3-466c-af2c-6cddc2518204,51,46-55,Other,North America,Laptop,Standard,13.99,167.88,Crypto,5,Documentary,0.73,0.02,Low,46,At Risk,1,Churned,13.99
161b7568-fcb1-49a4-ab7e-97cc7be6a554,69,56+,Male,Europe,Mobile,Premium,17.99,215.88,Gift Card,5,Comedy,21.64,0.77,High,27,At Risk,0,Retained,0.0
e8f79144-74d8-4255-845a-4080948838c8,57,56+,Female,South America,TV,Basic,8.99,107.88,Debit Card,1,Sci-Fi,4.12,0.37,Medium,10,Active,1,Churned,8.99
5f35fd9b-f8b6-4c0c-8ee5-824cec062f5a,28,26-35,Other,North America,Mobile,Premium,17.99,215.88,Crypto,2,Action,0.77,0.04,Low,21,At Risk,1,Churned,17.99
a2c2e9bb-e5dd-497c-aa8f-1a6354694023,65,56+,Female,Asia,Tablet,Basic,8.99,107.88,PayPal,3,Horror,13.42,0.25,Medium,52,At Risk,1,Churned,8.99
2eb65cb4-3e68-4e6a-abb5-fb5988bcd903,31,26-35,Female,Oceania,Mobile,Premium,17.99,215.88,Gift Card,5,Drama,4.03,0.16,Low,24,At Risk,1,Churned,17.99
467d07a0-cee3-437e-99c0-24ad8b68fb34,54,46-55,Female,North America,Laptop,Standard,13.99,167.88,Gift Card,2,Sci-Fi,4.41,0.44,Medium,9,Active,1,Churned,13.99
bc17d830-baf7-4d14-b51e-b18ee693e4b9,46,46-55,Male,South America,TV,Basic,8.99,107.88,PayPal,4,Romance,14.86,0.31,Medium,47,At Risk,1,Churned,8.99
4e449f48-1106-4a52-a52f-217f716f2987,39,36-45,Other,Europe,Tablet,Premium,17.99,215.88,Crypto,4,Horror,11.04,0.18,Medium,60,At Risk,1,Churned,17.99
c9b84086-70b7-4713-9370-09408b3c0173,29,26-35,Male,South America,Mobile,Premium,17.99,215.88,Crypto,1,Sci-Fi,15.36,0.48,Medium,31,At Risk,1,Churned,17.99
055a3dec-4f91-4b6d-b8ac-cbfdce142525,50,46-55,Other,Europe,Laptop,Basic,8.99,107.88,PayPal,3,Action,9.54,0.24,Medium,38,At Risk,1,Churned,8.99
d00e3438-46da-4754-bb0d-637232738b44,54,46-55,Male,Africa,Mobile,Basic,8.99,107.88,PayPal,5,Documentary,14.18,0.31,Medium,45,At Risk,1,Churned,8.99
658fa594-c797-41fb-b95f-7e27e0b3dcc8,32,26-35,Male,Asia,Desktop,Standard,13.99,167.88,PayPal,3,Action,1.52,0.14,Low,10,Active,1,Churned,13.99
e4dd7619-90ac-4b86-944a-f37209896674,25,18-25,Female,Oceania,Tablet,Premium,17.99,215.88,Crypto,1,Romance,0.82,0.04,Low,22,At Risk,1,Churned,17.99
6fdb47dd-024c-459a-955a-eb58b4306458,64,56+,Other,Europe,Desktop,Premium,17.99,215.88,Gift Card,3,Comedy,0.34,0.17,Medium,1,Active,1,Churned,17.99
025012fa-15f3-4f23-8772-35803aa97fae,44,36-45,Male,Europe,Laptop,Standard,13.99,167.88,PayPal,4,Action,1.01,0.07,Low,13,Active,0,Retained,0.0
94da8854-45e5-453f-99ce-a98d248d8673,44,36-45,Female,Europe,Desktop,Premium,17.99,215.88,Debit Card,1,Action,7.47,0.37,Medium,19,Active,0,Retained,0.0
6fbcc123-9037-4413-b11c-df0870f0f896,18,18-25,Male,Africa,Laptop,Basic,8.99,107.88,PayPal,3,Documentary,6.57,0.13,Low,50,At Risk,1,Churned,8.99
85e00a43-2e79-4d0b-8231-6920229fb2f9,38,36-45,Female,North America,TV,Basic,8.99,107.88,Credit Card,5,Romance,39.29,0.71,High,54,At Risk,0,Retained,0.0
4b4467e7-7863-4358-8c3e-2b5f347a1dfc,36,36-45,Female,Oceania,Tablet,Standard,13.99,167.88,Crypto,5,Comedy,3.16,0.13,Low,23,At Risk,1,Churned,13.99
7608719d-77c5-43c9-88fd-918eaaf748ba,18,18-25,Female,Africa,Laptop,Basic,8.99,107.88,Crypto,5,Romance,0.75,0.06,Low,11,Active,1,Churned,8.99
dbf86fb5-6f71-4453-95af-8dadc61159d6,21,18-25,Other,Oceania,TV,Basic,8.99,107.88,PayPal,3,Romance,5.57,0.25,Medium,21,At Risk,0,Retained,0.0
921baddb-222c-49fe-94f2-cc54858a5de8,37,36-45,Male,Africa,Mobile,Standard,13.99,167.88,Debit Card,2,Romance,3.72,0.12,Low,31,At Risk,1,Churned,13.99
893fda9f-2a90-4011-ae1f-9e5ba9cf7d6c,34,26-35,Other,South America,TV,Premium,17.99,215.88,Gift Card,5,Drama,1.94,0.05,Low,39,At Risk,1,Churned,17.99
dbb8c947-e4f5-46a0-b002-a03a0e6d5ea4,36,36-45,Female,Europe,Desktop,Premium,17.99,215.88,Gift Card,5,Sci-Fi,1.46,0.02,Low,60,At Risk,1,Churned,17.99
c8e2f96a-60f2-42b0-86f4-b7f16868f196,51,46-55,Other,North America,Laptop,Basic,8.99,107.88,Credit Card,3,Sci-Fi,2.29,0.04,Low,51,At Risk,1,Churned,8.99
df15018a-f407-4f1b-8be5-8cfb76e94670,54,46-55,Female,Europe,Laptop,Basic,8.99,107.88,Debit Card,4,Drama,6.72,0.14,Low,47,At Risk,1,Churned,8.99
b2f4e8db-e2b0-42f7-81aa-26e6239d7d25,37,36-45,Male,Europe,Mobile,Premium,17.99,215.88,Crypto,2,Comedy,2.44,0.27,Medium,8,Active,1,Churned,17.99
e84d1748-a4af-4405-b3ae-53d2ca64cd15,20,18-25,Other,South America,Mobile,Standard,13.99,167.88,Gift Card,2,Romance,5.46,0.09,Low,59,At Risk,1,Churned,13.99
9b1b8058-d053-4a3b-82e3-280336c2e162,20,18-25,Other,Africa,Tablet,Basic,8.99,107.88,Debit Card,2,Action,5.64,0.23,Medium,24,At Risk,0,Retained,0.0
d32c1ecf-9553-4e07-b563-9e800c42efe4,51,46-55,Other,Asia,Desktop,Standard,13.99,167.88,Gift Card,3,Sci-Fi,3.38,0.08,Low,40,At Risk,1,Churned,13.99
9904ca50-a24a-42c6-b4b0-5459488f77d9,39,36-45,Female,Oceania,Laptop,Premium,17.99,215.88,Debit Card,3,Documentary,1.86,0.03,Low,55,At Risk,1,Churned,17.99
04d2b903-4529-4255-8f4a-b4b688fcad51,52,46-55,Female,South America,Laptop,Premium,17.99,215.88,Crypto,4,Sci-Fi,4.12,2.06,High,1,Active,0,Retained,0.0
8b51b646-9bd3-4bba-9258-43df68214950,34,26-35,Other,Europe,Tablet,Standard,13.99,167.88,Crypto,1,Sci-Fi,7.32,0.13,Low,57,At Risk,1,Churned,13.99
bb85954d-bb34-4a56-96e8-4a8829119bb7,35,26-35,Female,Oceania,Mobile,Standard,13.99,167.88,Credit Card,1,Drama,34.3,1.81,High,18,Active,0,Retained,0.0
2200c15c-d6fe-4aa0-879c-9e929c7aeb08,47,46-55,Male,Oceania,Laptop,Premium,17.99,215.88,Debit Card,3,Documentary,3.78,0.07,Low,56,At Risk,1,Churned,17.99
e1535564-40f4-4c87-8d67-95f407c4ded6,42,36-45,Male,Africa,Tablet,Standard,13.99,167.88,Gift Card,5,Romance,10.89,0.68,High,15,Active,0,Retained,0.0
b79ffb90-91f7-44dd-98fc-83d59992fc62,34,26-35,Female,Europe,Desktop,Premium,17.99,215.88,Debit Card,3,Romance,5.24,0.25,Medium,20,Active,0,Retained,0.0
546af1fb-d39f-4610-8236-c4cd162d3c0c,44,36-45,Other,Oceania,Mobile,Premium,17.99,215.88,Crypto,4,Romance,46.8,1.0,High,46,At Risk,0,Retained,0.0
95a26a20-22a0-452e-a647-851b418f41de,34,26-35,Other,North America,Laptop,Premium,17.99,215.88,Credit Card,3,Action,22.76,0.38,Medium,59,At Risk,0,Retained,0.0
895ad12a-717f-4427-9caf-bdbc0b6bb987,68,56+,Other,Africa,TV,Premium,17.99,215.88,PayPal,1,Action,5.61,0.13,Low,41,At Risk,1,Churned,17.99
ae62aa52-5971-4017-a0d9-f7968e105e3a,20,18-25,Male,Europe,Desktop,Basic,8.99,107.88,Credit Card,1,Documentary,2.16,0.07,Low,28,At Risk,1,Churned,8.99
d99b28e5-4ecf-4ac4-871b-e205b421c803,55,46-55,Male,Africa,Mobile,Standard,13.99,167.88,Crypto,5,Sci-Fi,13.16,0.23,Medium,57,At Risk,1,Churned,13.99
62978367-96e2-470a-be63-38060506031d,68,56+,Female,Africa,Tablet,Premium,17.99,215.88,Debit Card,3,Horror,10.16,0.39,Medium,25,At Risk,0,Retained,0.0
ebf470a5-4f3b-4a61-906e-244e5b4178cc,24,18-25,Female,South America,Desktop,Standard,13.99,167.88,Credit Card,1,Comedy,35.74,0.73,High,48,At Risk,0,Retained,0.0
155fbfe6-62e7-4937-aecd-8b8c14595c20,48,46-55,Male,South America,Tablet,Basic,8.99,107.88,Debit Card,4,Romance,0.91,0.02,Low,38,At Risk,1,Churned,8.99
f858d7a7-d4bb-4aeb-af27-6560bac0725f,46,46-55,Female,Africa,TV,Standard,13.99,167.88,Gift Card,4,Documentary,7.78,0.2,Medium,37,At Risk,1,Churned,13.99
ff19f85a-c162-45d2-969d-836e7b33e80f,70,56+,Other,Oceania,Mobile,Premium,17.99,215.88,Debit Card,1,Sci-Fi,4.55,0.2,Medium,22,At Risk,1,Churned,17.99
cf64bda1-0bda-4e56-8478-81836f5b24d3,25,18-25,Male,South America,TV,Basic,8.99,107.88,Debit Card,3,Horror,22.21,0.38,Medium,57,At Risk,1,Churned,8.99
c5d86549-b3f3-4afe-9bf3-b1b47a6bf584,41,36-45,Other,Africa,Laptop,Standard,13.99,167.88,Credit Card,4,Romance,1.2,0.02,Low,49,At Risk,1,Churned,13.99
e5c7d145-545a-4927-b751-7c4159ab7b84,22,18-25,Male,Europe,TV,Basic,8.99,107.88,PayPal,3,Documentary,3.76,0.06,Low,59,At Risk,1,Churned,8.99
142de341-a41c-4cbf-98d2-1c8c86d08880,24,18-25,Other,Asia,TV,Basic,8.99,107.88,Debit Card,2,Action,10.15,1.02,High,9,Active,0,Retained,0.0
25aa1d59-9191-4128-91d6-87f8209a8712,24,18-25,Other,North America,Mobile,Basic,8.99,107.88,Gift Card,5,Drama,2.28,0.05,Low,43,At Risk,1,Churned,8.99
a1edd117-ae99-404f-82d8-efff65663f21,25,18-25,Other,Africa,Tablet,Premium,17.99,215.88,Credit Card,3,Documentary,6.08,0.3,Medium,19,Active,0,Retained,0.0
d212aebd-df18-4bac-992d-3d4e6bb90711,29,26-35,Female,South America,Mobile,Basic,8.99,107.88,Gift Card,4,Documentary,25.31,1.58,High,15,Active,0,Retained,0.0
9ef98845-2393-4e72-96fd-95047f25a4b4,62,56+,Female,Europe,Laptop,Basic,8.99,107.88,Gift Card,5,Action,19.11,0.87,High,21,At Risk,0,Retained,0.0
f81158ac-1559-4728-88fd-9c2e111fc41b,35,26-35,Female,Oceania,Desktop,Basic,8.99,107.88,Credit Card,3,Drama,21.25,0.45,Medium,46,At Risk,1,Churned,8.99
30a113c8-1b0c-4bc1-885c-e1a385ad11c0,41,36-45,Male,Africa,Laptop,Basic,8.99,107.88,Debit Card,4,Action,6.0,0.22,Medium,26,At Risk,0,Retained,0.0
81ca6a1b-94bd-4e46-afe5-e274d3b4ff1f,66,56+,Male,Europe,Mobile,Premium,17.99,215.88,Debit Card,2,Sci-Fi,7.68,0.14,Low,52,At Risk,1,Churned,17.99
4297d7f1-545a-486b-8473-214ebfa4741a,38,36-45,Other,South America,Tablet,Basic,8.99,107.88,Credit Card,4,Sci-Fi,10.9,0.24,Medium,45,At Risk,1,Churned,8.99
d37ec561-1768-4a93-be30-15a7c820e307,48,46-55,Male,North America,Desktop,Premium,17.99,215.88,Credit Card,4,Documentary,23.03,0.42,Medium,54,At Risk,0,Retained,0.0
f859113a-2fe6-48da-9ef1-8e7c7b0291ed,50,46-55,Other,Asia,Tablet,Basic,8.99,107.88,Credit Card,2,Horror,6.59,0.94,High,6,Active,0,Retained,0.0
d58ddc1e-1bdf-440a-8c6b-309077fc3f17,51,46-55,Male,North America,Mobile,Basic,8.99,107.88,Crypto,3,Action,1.56,0.03,Low,55,At Risk,1,Churned,8.99
2198e57e-f273-418b-9841-2728c362b67c,24,18-25,Male,Asia,Mobile,Basic,8.99,107.88,Gift Card,5,Action,1.59,0.04,Low,42,At Risk,1,Churned,8.99
30b99823-3634-4286-a9b9-7db9f87cb49b,44,36-45,Male,South America,Laptop,Basic,8.99,107.88,Credit Card,4,Drama,3.91,1.3,High,2,Active,0,Retained,0.0
ce3c7cbb-b993-4916-a81d-4e4ac032a5c9,65,56+,Male,Africa,Mobile,Basic,8.99,107.88,PayPal,1,Sci-Fi,2.96,0.09,Low,33,At Risk,1,Churned,8.99
55cfd789-ef07-43f7-aeac-cb4e8beb5c27,35,26-35,Male,South America,Mobile,Premium,17.99,215.88,Debit Card,3,Sci-Fi,9.88,0.9,High,10,Active,0,Retained,0.0
de4e0a07-b2f0-4b45-8764-dedff7dc00ce,62,56+,Other,Africa,Mobile,Basic,8.99,107.88,Gift Card,4,Horror,7.43,0.15,Low,49,At Risk,1,Churned,8.99
de33c8b1-ecb2-448f-8f97-a99ffbabe1be,26,26-35,Other,Oceania,Mobile,Premium,17.99,215.88,Gift Card,2,Horror,25.0,1.92,High,12,Active,0,Retained,0.0
e6e1676e-f17d-4e77-89b2-cf0e3df598ab,22,18-25,Other,South America,Mobile,Premium,17.99,215.88,Gift Card,4,Action,42.86,0.78,High,54,At Risk,0,Retained,0.0
a1d6a50d-973f-4e43-a3c0-ce5acf4b09ec,33,26-35,Female,Africa,Laptop,Basic,8.99,107.88,PayPal,5,Romance,3.05,0.11,Low,28,At Risk,1,Churned,8.99
255cd731-221c-4f98-adda-f7dffb7a03c9,25,18-25,Male,North America,Desktop,Basic,8.99,107.88,PayPal,2,Horror,9.7,1.94,High,4,Active,0,Retained,0.0
c2feda98-9478-480b-b544-ec89a3cd58b8,61,56+,Female,Asia,TV,Standard,13.99,167.88,Crypto,1,Drama,2.36,0.34,Medium,6,Active,1,Churned,13.99
12a31de2-5742-4217-a7ba-eac8cb7a79f6,61,56+,Female,North America,Tablet,Basic,8.99,107.88,Credit Card,5,Action,5.83,0.28,Medium,20,Active,0,Retained,0.0
52322a98-a709-4dcd-8cc6-e84f8461e005,50,46-55,Male,Asia,Tablet,Standard,13.99,167.88,Gift Card,4,Drama,20.95,1.1,High,18,Active,0,Retained,0.0
468c7547-f285-47e1-8fa8-d836ba848846,26,26-35,Male,North America,Tablet,Basic,8.99,107.88,PayPal,4,Horror,1.54,0.07,Low,20,Active,1,Churned,8.99
3e4d0c22-74cd-4be3-b03c-2342026e82bb,46,46-55,Female,South America,Laptop,Standard,13.99,167.88,Gift Card,2,Horror,4.56,0.3,Medium,14,Active,1,Churned,13.99
880a72cd-79fd-44fd-806f-b9bdcedd04f4,63,56+,Male,Europe,Laptop,Standard,13.99,167.88,Crypto,3,Horror,3.98,0.19,Medium,20,Active,1,Churned,13.99
cbeb85c5-9480-4ea2-b6ab-8518eece6961,54,46-55,Other,Asia,Desktop,Premium,17.99,215.88,Crypto,4,Romance,0.48,0.01,Low,59,At Risk,1,Churned,17.99
1141bdf2-a5e8-4026-9422-d4844620fe61,40,36-45,Male,South America,Desktop,Basic,8.99,107.88,Gift Card,2,Romance,0.28,0.01,Low,37,At Risk,1,Churned,8.99
54372fef-6fb6-421f-bab6-606fb3a90f0c,18,18-25,Male,Europe,Mobile,Standard,13.99,167.88,Credit Card,4,Romance,20.23,0.55,High,36,At Risk,0,Retained,0.0
989ca7a0-a0c3-4e55-a23c-3f4458291008,63,56+,Male,Africa,Tablet,Premium,17.99,215.88,Credit Card,5,Horror,0.67,0.07,Low,9,Active,0,Retained,0.0
7955efc4-a06e-43e7-9b8e-028e700955bd,62,56+,Other,Europe,TV,Standard,13.99,167.88,Gift Card,3,Romance,18.27,0.43,Medium,41,At Risk,1,Churned,13.99
e5187426-4fcb-4133-8191-022dbde6aee2,42,36-45,Male,Africa,Mobile,Premium,17.99,215.88,Debit Card,3,Drama,1.87,0.09,Low,20,Active,1,Churned,17.99
6f26710a-d654-4a36-99e4-bdaf2943fe2e,29,26-35,Male,Africa,Mobile,Standard,13.99,167.88,Gift Card,4,Documentary,23.05,0.62,High,36,At Risk,0,Retained,0.0
6836917d-1c7f-4651-861b-1c4ebbeb6020,66,56+,Female,Oceania,TV,Basic,8.99,107.88,Credit Card,1,Action,2.61,0.06,Low,44,At Risk,1,Churned,8.99
cc8af428-e171-48ac-8ac3-3354d52bffaa,57,56+,Male,Oceania,Tablet,Premium,17.99,215.88,Crypto,5,Action,15.52,1.11,High,13,Active,0,Retained,0.0
8f6bb647-36a1-40de-af06-825e69ea7f9d,56,56+,Female,Oceania,Mobile,Basic,8.99,107.88,Gift Card,2,Sci-Fi,38.59,3.51,High,10,Active,0,Retained,0.0
5ca7dc45-e131-41be-82fb-580106346593,32,26-35,Male,North America,TV,Basic,8.99,107.88,Crypto,3,Comedy,14.22,0.29,Medium,48,At Risk,1,Churned,8.99
bb98f21e-15a6-459f-9739-d007cae5734e,69,56+,Male,North America,Desktop,Standard,13.99,167.88,Crypto,5,Action,3.46,0.06,Low,60,At Risk,1,Churned,13.99
bbeab1f0-e7d0-4d12-9a73-a1927bfdb187,30,26-35,Female,South America,Tablet,Premium,17.99,215.88,Credit Card,3,Horror,5.97,1.99,High,2,Active,0,Retained,0.0
8b4f9c81-82fb-40df-8382-0dd2a0cef83c,56,56+,Male,South America,Mobile,Basic,8.99,107.88,Gift Card,3,Comedy,6.94,0.25,Medium,27,At Risk,1,Churned,8.99
5e47d43e-927d-46dc-8828-d13eaab15b4e,35,26-35,Male,Europe,Mobile,Basic,8.99,107.88,Gift Card,1,Sci-Fi,22.39,0.49,Medium,45,At Risk,1,Churned,8.99
da1333b2-35f9-4d1e-9799-55116f166b51,41,36-45,Other,Asia,Tablet,Standard,13.99,167.88,Debit Card,5,Action,3.61,0.12,Low,29,At Risk,0,Retained,0.0
19352d22-01bc-4e16-b5b7-cb2fe248f5b7,43,36-45,Other,Africa,TV,Basic,8.99,107.88,Debit Card,5,Documentary,0.37,0.02,Low,16,Active,1,Churned,8.99
1f814426-fb33-4ea8-8abb-5c5b4ec64076,60,56+,Female,North America,Mobile,Basic,8.99,107.88,Debit Card,2,Comedy,6.3,1.57,High,3,Active,0,Retained,0.0
99003cbb-a0e2-4663-9628-13f6d46f1a0c,22,18-25,Female,Africa,Desktop,Premium,17.99,215.88,Credit Card,2,Sci-Fi,15.39,0.26,Medium,58,At Risk,1,Churned,17.99
334fbf6b-0681-49de-ae3a-c08da907fda0,18,18-25,Female,North America,Laptop,Basic,8.99,107.88,Gift Card,4,Action,3.19,0.19,Medium,16,Active,1,Churned,8.99
a8fddcff-3303-437f-b4ba-c3ecab9da8f5,41,36-45,Male,Europe,Laptop,Basic,8.99,107.88,Gift Card,5,Horror,19.33,2.76,High,6,Active,0,Retained,0.0
e257dba6-fb3d-41cf-99a2-0700e8f8a568,53,46-55,Female,Africa,Mobile,Basic,8.99,107.88,Gift Card,1,Comedy,40.81,2.27,High,17,Active,0,Retained,0.0
052a034c-7746-43fc-912d-4991c01b1f95,37,36-45,Other,Oceania,TV,Basic,8.99,107.88,Gift Card,4,Horror,7.26,0.13,Low,57,At Risk,1,Churned,8.99
f6b21267-fc81-4b2c-bb52-26535593c64d,37,36-45,Male,North America,TV,Standard,13.99,167.88,Crypto,1,Action,18.92,18.92,High,0,Active,0,Retained,0.0
d567ec1c-9950-494f-b619-0071de29b581,41,36-45,Male,North America,Mobile,Premium,17.99,215.88,Crypto,4,Documentary,8.26,0.14,Low,57,At Risk,1,Churned,17.99
140506ea-05e5-40e5-abc3-253581dd24e0,59,56+,Male,Asia,Tablet,Basic,8.99,107.88,Credit Card,3,Documentary,8.85,0.52,High,16,Active,0,Retained,0.0
c85a5890-a887-41bf-b866-5cd201747ede,28,26-35,Female,South America,Tablet,Premium,17.99,215.88,Gift Card,2,Documentary,4.14,0.11,Low,37,At Risk,1,Churned,17.99
863590b0-7d07-487b-a89c-d4700d8d4e4e,70,56+,Other,Europe,TV,Premium,17.99,215.88,Crypto,4,Horror,20.54,1.03,High,19,Active,0,Retained,0.0
46bbc44d-525c-498c-bee4-71c73afbc13c,50,46-55,Other,North America,Desktop,Standard,13.99,167.88,Debit Card,2,Drama,9.9,0.9,High,10,Active,0,Retained,0.0
6a061a82-97b7-4d14-b9ae-e7df764684b1,62,56+,Other,Europe,Mobile,Premium,17.99,215.88,Gift Card,4,Horror,4.03,0.08,Low,50,At Risk,1,Churned,17.99
b5e00f1f-9d09-4429-889f-ade90e1b3cee,51,46-55,Other,Africa,Tablet,Premium,17.99,215.88,Crypto,4,Action,1.67,0.06,Low,28,At Risk,1,Churned,17.99
90826a68-bc7f-4a10-aa24-989fad597c30,27,26-35,Other,North America,TV,Basic,8.99,107.88,Debit Card,2,Horror,12.8,0.29,Medium,43,At Risk,1,Churned,8.99
81eb7012-12b8-43df-854b-711a40561be0,63,56+,Other,South America,Tablet,Standard,13.99,167.88,PayPal,1,Romance,17.51,1.35,High,12,Active,0,Retained,0.0
d1b705c9-acf8-4f48-bd4b-c0fc00234b0f,56,56+,Other,Africa,Mobile,Premium,17.99,215.88,Gift Card,5,Action,45.06,6.44,High,6,Active,0,Retained,0.0
7cf05bfb-74e6-4c8e-a949-8c4193d254d6,56,56+,Other,Asia,TV,Standard,13.99,167.88,Credit Card,2,Drama,21.77,0.42,Medium,51,At Risk,0,Retained,0.0
d9900693-90bf-43ce-953f-8d1888e0bb1b,57,56+,Male,Africa,Laptop,Premium,17.99,215.88,Crypto,1,Romance,12.13,0.49,Medium,24,At Risk,0,Retained,0.0
94226c99-e3c6-44a8-b8df-d66080b5bf30,64,56+,Other,South America,Mobile,Standard,13.99,167.88,Crypto,5,Comedy,3.68,0.07,Low,55,At Risk,1,Churned,13.99
a7723da8-3f8e-49df-b973-d9959d8bf844,50,46-55,Other,North America,Tablet,Premium,17.99,215.88,Crypto,2,Action,0.73,0.03,Low,24,At Risk,1,Churned,17.99
5649fe75-6de9-4ecc-86f6-712fdfe3848a,63,56+,Other,South America,Laptop,Basic,8.99,107.88,Debit Card,5,Comedy,2.37,0.08,Low,28,At Risk,1,Churned,8.99
0afc4baf-0aa5-44c3-b6be-949008d9c2da,47,46-55,Other,Africa,Mobile,Standard,13.99,167.88,Gift Card,3,Documentary,13.83,0.25,Medium,54,At Risk,1,Churned,13.99
dd192706-2635-46a1-9559-9ca27f7999b9,27,26-35,Female,Africa,Tablet,Premium,17.99,215.88,Gift Card,2,Drama,15.99,0.42,Medium,37,At Risk,1,Churned,17.99
bb20c584-b8c7-4e09-a487-df50428b49ba,21,18-25,Male,North America,Mobile,Basic,8.99,107.88,Debit Card,3,Comedy,21.57,0.45,Medium,47,At Risk,1,Churned,8.99
ebaa15ec-5b85-4b6c-8b99-d9ce1cba8577,52,46-55,Other,Asia,Desktop,Premium,17.99,215.88,Gift Card,1,Comedy,6.62,0.12,Low,56,At Risk,1,Churned,17.99
8e1031b6-b98f-4b5a-b035-8d7aafad3c47,27,26-35,Other,Europe,Laptop,Standard,13.99,167.88,Debit Card,4,Action,20.06,0.44,Medium,45,At Risk,0,Retained,0.0
cb536c36-8a1e-41b7-ac20-43f09a4cedbd,28,26-35,Other,Asia,Laptop,Basic,8.99,107.88,Gift Card,1,Action,0.79,0.02,Low,40,At Risk,1,Churned,8.99
e623d359-0278-4bfc-82c3-86892eed77a3,18,18-25,Male,Oceania,Laptop,Standard,13.99,167.88,Crypto,3,Sci-Fi,3.49,0.06,Low,54,At Risk,1,Churned,13.99
630f9371-9298-435a-8a66-f24f4bb528fc,19,18-25,Other,Europe,Laptop,Premium,17.99,215.88,PayPal,1,Action,8.12,2.71,High,2,Active,0,Retained,0.0
91bf7b50-f149-4e23-9e93-b614ad58212e,34,26-35,Male,Africa,Laptop,Premium,17.99,215.88,Crypto,2,Horror,28.39,0.68,High,41,At Risk,0,Retained,0.0
bc11510c-f213-4766-a2c6-904ce8c1512e,63,56+,Male,Africa,Laptop,Basic,8.99,107.88,Crypto,5,Horror,1.3,0.06,Low,20,Active,1,Churned,8.99
1769de71-a047-4194-b2a4-5e0a7ef18add,60,56+,Male,Africa,Desktop,Premium,17.99,215.88,Gift Card,3,Horror,7.31,0.33,Medium,21,At Risk,0,Retained,0.0
8d258669-8a00-4643-9a8b-f004488b0472,24,18-25,Male,North America,TV,Standard,13.99,167.88,Crypto,1,Action,3.05,0.3,Medium,9,Active,1,Churned,13.99
c1f2945d-92e6-4f96-b443-eb5b7b84220f,34,26-35,Other,Oceania,TV,Premium,17.99,215.88,Gift Card,4,Action,8.64,0.96,High,8,Active,0,Retained,0.0
ff4bc4b3-d731-4cc8-8b4f-221224581e83,55,46-55,Female,South America,Desktop,Basic,8.99,107.88,Gift Card,1,Comedy,17.61,0.49,Medium,35,At Risk,1,Churned,8.99
282e622f-a1cc-41a1-8e62-fe70a9375f25,31,26-35,Female,Asia,Laptop,Premium,17.99,215.88,Crypto,2,Comedy,5.68,0.11,Low,49,At Risk,1,Churned,17.99
7928e876-645a-49fe-a21c-9d02944d1523,28,26-35,Female,Asia,Desktop,Premium,17.99,215.88,Credit Card,2,Horror,10.53,0.44,Medium,23,At Risk,0,Retained,0.0
629740f1-2ca1-4daf-af46-9b3cb2c6fe63,58,56+,Other,Europe,Laptop,Premium,17.99,215.88,PayPal,4,Comedy,22.17,0.54,High,40,At Risk,0,Retained,0.0
a88809ec-5337-4c2d-bee2-480cdcb0ad4d,44,36-45,Female,Oceania,Desktop,Basic,8.99,107.88,Gift Card,1,Sci-Fi,58.4,2.16,High,26,At Risk,0,Retained,0.0
4f841e9d-dcd6-4e42-818e-c9789756e156,69,56+,Female,North America,Tablet,Premium,17.99,215.88,PayPal,5,Romance,5.8,0.21,Medium,26,At Risk,0,Retained,0.0
33572a9e-8851-48b3-a9b8-9b6a3f88b1d1,42,36-45,Female,Africa,Desktop,Premium,17.99,215.88,Crypto,1,Documentary,9.08,0.5,Medium,17,Active,0,Retained,0.0
7732d3d5-ded6-4927-86ff-71aa998186f9,52,46-55,Female,South America,TV,Basic,8.99,107.88,Crypto,2,Action,17.09,0.4,Medium,42,At Risk,1,Churned,8.99
0b05e78a-8c4b-4097-8bc1-72f52ff1e5d9,50,46-55,Male,South America,Mobile,Premium,17.99,215.88,PayPal,5,Comedy,12.33,0.73,High,16,Active,0,Retained,0.0
12a50fbb-54f6-4bf1-9c0d-db8bc6dfc159,20,18-25,Male,South America,Laptop,Standard,13.99,167.88,Crypto,1,Drama,12.93,0.86,High,14,Active,0,Retained,0.0
480aa107-c976-4ba7-ac36-ee39787e0eda,37,36-45,Male,South America,Laptop,Premium,17.99,215.88,Gift Card,1,Comedy,8.96,0.21,Medium,42,At Risk,1,Churned,17.99
16bcce49-e615-4ebb-80e6-bcad0eb613c9,51,46-55,Other,South America,Tablet,Standard,13.99,167.88,Gift Card,3,Documentary,1.1,0.04,Low,29,At Risk,1,Churned,13.99
d95789b7-7e89-4e4c-aa62-f881fff47dd1,49,46-55,Female,Africa,TV,Premium,17.99,215.88,Debit Card,2,Horror,3.03,0.08,Low,39,At Risk,1,Churned,17.99
37eff54d-aa2b-4cc4-8aba-ea192afc459b,40,36-45,Male,Asia,Mobile,Basic,8.99,107.88,Credit Card,1,Horror,9.07,0.76,High,11,Active,0,Retained,0.0
15559746-e817-4930-9bc7-3342d891627e,60,56+,Other,Oceania,Desktop,Premium,17.99,215.88,Crypto,2,Documentary,9.22,0.2,Medium,45,At Risk,1,Churned,17.99
dbfb92e5-f251-4870-9cf1-89bd39cee9bc,44,36-45,Female,South America,TV,Premium,17.99,215.88,Gift Card,3,Documentary,5.79,0.64,High,8,Active,0,Retained,0.0
c1f6a329-e3f2-40d7-a1e2-03175940526b,29,26-35,Female,North America,Tablet,Basic,8.99,107.88,PayPal,1,Romance,8.55,0.21,Medium,40,At Risk,1,Churned,8.99
37b9f2c3-372c-4a11-9176-4e66bdc8ea38,30,26-35,Male,Asia,Desktop,Premium,17.99,215.88,Credit Card,2,Comedy,1.87,0.27,Medium,6,Active,0,Retained,0.0
a092de74-2718-48f3-956a-679b4e32095b,20,18-25,Other,Asia,Desktop,Premium,17.99,215.88,PayPal,1,Romance,12.02,0.5,Medium,23,At Risk,0,Retained,0.0
7bf6c6f7-98e4-45d8-bba8-e23ec8e56048,55,46-55,Other,Asia,Laptop,Basic,8.99,107.88,Crypto,4,Romance,6.2,0.13,Low,45,At Risk,1,Churned,8.99
aa0e03bb-5758-4edb-9d50-e2539e629c75,21,18-25,Male,South America,Tablet,Basic,8.99,107.88,Crypto,3,Romance,11.16,0.19,Medium,58,At Risk,1,Churned,8.99
97d0f609-4ed9-4c1b-bcfb-443ffb41e275,29,26-35,Other,Asia,Laptop,Standard,13.99,167.88,Gift Card,2,Documentary,3.2,0.06,Low,54,At Risk,1,Churned,13.99
0e10b5dc-491e-4846-8c4f-1c77e212012e,41,36-45,Female,South America,Mobile,Premium,17.99,215.88,Crypto,4,Drama,8.44,0.23,Medium,36,At Risk,1,Churned,17.99
61ccaa63-d356-4c51-a436-db45268b829e,28,26-35,Other,Africa,Desktop,Standard,13.99,167.88,PayPal,1,Documentary,8.87,0.22,Medium,39,At Risk,1,Churned,13.99
a5b6b29e-7a7e-4f62-9eea-b64ff3861d78,25,18-25,Other,North America,Tablet,Premium,17.99,215.88,Credit Card,2,Sci-Fi,2.9,0.1,Low,29,At Risk,1,Churned,17.99
05c4636f-6e42-4460-9449-9667b4ce9fbd,25,18-25,Female,Africa,Tablet,Basic,8.99,107.88,PayPal,4,Documentary,0.17,0.0,Low,58,At Risk,1,Churned,8.99
146b3e1f-e680-446f-8f4a-54de55694a39,41,36-45,Female,North America,TV,Premium,17.99,215.88,Crypto,2,Comedy,5.24,0.1,Low,49,At Risk,1,Churned,17.99
a1a58d35-7759-4b6e-aeb1-438c26f3b366,67,56+,Other,South America,Desktop,Standard,13.99,167.88,Debit Card,2,Romance,10.24,0.85,High,11,Active,0,Retained,0.0
1e696e35-8de8-4004-9518-cb7281926da8,49,46-55,Male,North America,Mobile,Basic,8.99,107.88,PayPal,2,Horror,9.68,0.88,High,10,Active,0,Retained,0.0
4ae5d0f2-121d-4820-9404-26032ef97eba,58,56+,Female,Oceania,TV,Basic,8.99,107.88,Debit Card,1,Romance,15.28,0.36,Medium,42,At Risk,1,Churned,8.99
408e8f7f-608c-4b8d-bf43-d68933ab6606,66,56+,Female,North America,Laptop,Standard,13.99,167.88,Gift Card,1,Sci-Fi,4.96,0.99,High,4,Active,0,Retained,0.0
cce5be2a-9112-4447-93af-db8dd2263ed1,50,46-55,Male,Africa,Laptop,Basic,8.99,107.88,Gift Card,3,Sci-Fi,0.3,0.01,Low,43,At Risk,1,Churned,8.99
3d1d4b0b-7556-4ab7-8a9f-f47e37c61ac1,64,56+,Female,North America,Laptop,Standard,13.99,167.88,PayPal,2,Romance,3.38,0.09,Low,38,At Risk,1,Churned,13.99
e8444cdf-5d82-4110-9138-1d882576c44e,55,46-55,Male,South America,Desktop,Premium,17.99,215.88,Debit Card,4,Romance,11.61,0.53,High,21,At Risk,0,Retained,0.0
cb2fa434-022a-42a5-97ea-56caf52190af,40,36-45,Female,Africa,TV,Premium,17.99,215.88,Debit Card,5,Comedy,2.65,0.12,Low,21,At Risk,0,Retained,0.0
25fca800-6c8b-4d78-a43a-ff33ff870ea8,33,26-35,Male,Africa,Desktop,Standard,13.99,167.88,Crypto,2,Comedy,16.27,5.42,High,2,Active,0,Retained,0.0
b6f391a5-6046-41cd-bd2a-bb08cba87ade,35,26-35,Other,Oceania,Tablet,Basic,8.99,107.88,Gift Card,2,Action,2.55,0.09,Low,26,At Risk,1,Churned,8.99
08645725-d1af-4d97-ab3d-2e4f806c7f82,67,56+,Male,Asia,TV,Basic,8.99,107.88,Credit Card,2,Documentary,101.06,5.05,High,19,Active,0,Retained,0.0
cb43f579-8d20-441e-9de6-2680dee7b966,62,56+,Male,Oceania,TV,Standard,13.99,167.88,Debit Card,4,Drama,3.95,0.07,Low,54,At Risk,1,Churned,13.99
d778081e-6fc5-4121-bd2c-2d23134b04b8,61,56+,Male,South America,Desktop,Standard,13.99,167.88,Credit Card,4,Comedy,13.1,0.28,Medium,45,At Risk,0,Retained,0.0
a1f04ee3-d220-47e3-aba1-1fcdb769db0a,68,56+,Female,Europe,Laptop,Premium,17.99,215.88,Debit Card,1,Romance,8.28,0.17,Medium,47,At Risk,1,Churned,17.99
997cbf98-32d4-40da-9947-3faefe7425ad,39,36-45,Female,South America,Tablet,Standard,13.99,167.88,Debit Card,3,Sci-Fi,0.12,0.03,Low,3,Active,0,Retained,0.0
78d3f793-dcfd-4d7a-acb2-83fa6cdc33c8,66,56+,Other,Asia,Mobile,Premium,17.99,215.88,Credit Card,4,Comedy,6.15,0.15,Low,39,At Risk,0,Retained,0.0
60e6c533-6c9c-4ca6-a917-a27cbe86aa1d,30,26-35,Male,Oceania,Desktop,Standard,13.99,167.88,Credit Card,1,Comedy,3.18,0.11,Low,27,At Risk,1,Churned,13.99
abb49c7b-8ac5-47b5-a703-ece9fb8d520a,40,36-45,Female,Asia,Desktop,Premium,17.99,215.88,Debit Card,2,Romance,18.01,1.2,High,14,Active,0,Retained,0.0
9a31ef57-a971-484e-a186-29ed435f5442,40,36-45,Female,North America,Laptop,Basic,8.99,107.88,PayPal,2,Comedy,15.45,0.26,Medium,58,At Risk,1,Churned,8.99
5673e225-586b-4e99-8613-8aa01162aaf8,23,18-25,Other,Oceania,Mobile,Standard,13.99,167.88,Gift Card,4,Horror,5.52,0.55,High,9,Active,0,Retained,0.0
a18a210b-9083-420a-924e-9719359d2bac,70,56+,Female,Africa,Laptop,Standard,13.99,167.88,PayPal,4,Romance,19.11,0.66,High,28,At Risk,0,Retained,0.0
6c6e1e7a-2ba2-4934-bd13-d2ce7afe9b7c,55,46-55,Male,Europe,Tablet,Premium,17.99,215.88,Gift Card,3,Action,1.08,0.02,Low,46,At Risk,1,Churned,17.99
320b668c-0d42-45da-b0ce-12503b250c96,64,56+,Male,Africa,Mobile,Standard,13.99,167.88,Crypto,1,Sci-Fi,1.29,0.13,Low,9,Active,1,Churned,13.99
7f15e45b-1f7a-4fd2-851d-60ab2cb332c1,29,26-35,Other,South America,Mobile,Basic,8.99,107.88,Crypto,3,Comedy,27.02,2.7,High,9,Active,0,Retained,0.0
d4d13760-ac88-41b9-84dd-47c40ba26551,67,56+,Male,South America,Tablet,Basic,8.99,107.88,PayPal,4,Comedy,12.0,0.57,High,20,Active,0,Retained,0.0
22f87c88-86f3-412d-8fa6-2c15ed0b6573,29,26-35,Female,North America,Desktop,Basic,8.99,107.88,Crypto,3,Romance,4.84,0.1,Low,49,At Risk,1,Churned,8.99
1a57587b-d48d-45d1-8315-92cac73d6e3d,53,46-55,Female,Europe,Tablet,Premium,17.99,215.88,Crypto,4,Sci-Fi,19.37,0.47,Medium,40,At Risk,1,Churned,17.99
3abb8f5e-2c86-47ae-a744-e20a7cf52642,67,56+,Male,Africa,Mobile,Standard,13.99,167.88,Credit Card,3,Sci-Fi,23.1,0.39,Medium,59,At Risk,0,Retained,0.0
16bda772-63ea-4e5c-965d-daca311c6a7c,30,26-35,Male,Asia,Tablet,Standard,13.99,167.88,PayPal,5,Action,4.99,0.28,Medium,17,Active,0,Retained,0.0
98642ab8-58f0-4356-912e-7b4425666afe,37,36-45,Female,Europe,Desktop,Basic,8.99,107.88,PayPal,1,Sci-Fi,28.01,0.78,High,35,At Risk,0,Retained,0.0
94224e57-69e7-4350-99bb-9740aa185bbd,25,18-25,Male,South America,Desktop,Standard,13.99,167.88,PayPal,5,Documentary,12.66,0.49,Medium,25,At Risk,0,Retained,0.0
d949fbce-cb2f-4e7d-90ba-6cfac9f1186f,19,18-25,Male,Europe,Desktop,Standard,13.99,167.88,Debit Card,1,Comedy,43.11,4.31,High,9,Active,0,Retained,0.0
9c0261eb-7cd4-47c0-8548-369d8838d46f,23,18-25,Male,Asia,Tablet,Premium,17.99,215.88,Debit Card,4,Comedy,8.41,0.28,Medium,29,At Risk,0,Retained,0.0
137afd34-0646-4d13-ab57-0adf696ce9af,53,46-55,Male,Africa,Mobile,Standard,13.99,167.88,Debit Card,3,Romance,28.91,1.03,High,27,At Risk,0,Retained,0.0
8e403409-9787-47c1-bf20-402eff1b5288,58,56+,Female,Asia,Laptop,Premium,17.99,215.88,Debit Card,3,Horror,0.14,0.0,Low,54,At Risk,1,Churned,17.99
da2d3172-12b3-4348-975d-4334d32bd28e,27,26-35,Male,North America,Tablet,Premium,17.99,215.88,Credit Card,1,Romance,9.6,0.16,Low,60,At Risk,1,Churned,17.99
146badc9-8bea-4703-970a-5735ef9e9896,36,36-45,Other,South America,Mobile,Standard,13.99,167.88,Debit Card,2,Sci-Fi,17.04,0.53,High,31,At Risk,0,Retained,0.0
2f8b0059-b300-4da0-bacc-749ab45c3722,44,36-45,Male,Oceania,Tablet,Basic,8.99,107.88,Debit Card,2,Horror,2.84,0.22,Medium,12,Active,1,Churned,8.99
cb4abf9b-83d9-4750-b258-e05045a74ae0,55,46-55,Female,South America,TV,Premium,17.99,215.88,PayPal,4,Documentary,0.15,0.15,Low,0,Active,0,Retained,0.0
951166de-8d22-49ad-afff-2d0f720aedc8,38,36-45,Male,South America,Mobile,Standard,13.99,167.88,Credit Card,2,Documentary,7.44,0.21,Medium,34,At Risk,1,Churned,13.99
135953be-32e3-4fd8-a0ae-8234fdc7a8dc,29,26-35,Male,Asia,Desktop,Basic,8.99,107.88,Crypto,3,Drama,10.93,0.18,Medium,59,At Risk,1,Churned,8.99
b3fa7afc-d504-446f-8f32-30c061b305d9,32,26-35,Female,North America,Tablet,Premium,17.99,215.88,Gift Card,5,Romance,18.58,0.98,High,18,Active,0,Retained,0.0
894bdf78-d2ce-4630-ad1c-c770beae1bfd,70,56+,Male,Asia,Mobile,Standard,13.99,167.88,PayPal,4,Comedy,32.59,4.07,High,7,Active,0,Retained,0.0
73e2a9b9-8d0b-4ad8-87e2-7fe83110c999,30,26-35,Male,North America,Desktop,Premium,17.99,215.88,Crypto,3,Romance,46.55,0.95,High,48,At Risk,0,Retained,0.0
b8ddfe4f-977c-46d4-b995-fc1756d4ddd9,65,56+,Male,South America,Mobile,Premium,17.99,215.88,Gift Card,4,Drama,15.52,15.52,High,0,Active,0,Retained,0.0
e2099718-98c9-4ab1-8b20-cdc7184feacf,50,46-55,Other,South America,Desktop,Basic,8.99,107.88,Credit Card,5,Drama,25.08,0.46,Medium,53,At Risk,0,Retained,0.0
4d69fd9b-a1e8-48a9-a0b3-ea425eacd7e0,61,56+,Male,North America,Mobile,Standard,13.99,167.88,PayPal,4,Horror,14.2,0.39,Medium,35,At Risk,0,Retained,0.0
dff09d24-0925-4658-95d4-89b6ced8d1ca,39,36-45,Other,Oceania,Desktop,Premium,17.99,215.88,Credit Card,4,Romance,15.64,0.63,High,24,At Risk,0,Retained,0.0
44d38c32-c73b-4041-9eb6-c850b7ac39c7,25,18-25,Female,Africa,Mobile,Basic,8.99,107.88,Credit Card,5,Documentary,22.29,0.41,Medium,54,At Risk,0,Retained,0.0
e42d9b7c-45aa-407a-8bd8-5e0622a2ecbf,29,26-35,Male,North America,Mobile,Basic,8.99,107.88,Credit Card,2,Romance,8.06,0.58,High,13,Active,0,Retained,0.0
b6342efb-3668-4707-9bcd-ae6ba9180b54,57,56+,Male,Africa,Tablet,Basic,8.99,107.88,Credit Card,1,Action,4.76,0.08,Low,58,At Risk,1,Churned,8.99
3eb2ec73-7f46-4fbc-a330-e4c7400ea6cd,29,26-35,Other,North America,Desktop,Standard,13.99,167.88,Gift Card,3,Romance,7.29,0.16,Low,44,At Risk,1,Churned,13.99
15af8821-bdd5-4c9b-8aff-88435d9efaae,44,36-45,Male,Asia,Laptop,Standard,13.99,167.88,PayPal,3,Action,4.2,0.11,Low,39,At Risk,1,Churned,13.99
ef23baaf-4a7b-41d2-903f-4f772ab31c26,22,18-25,Other,South America,Tablet,Basic,8.99,107.88,Crypto,1,Drama,0.91,0.02,Low,39,At Risk,1,Churned,8.99
a0fc6f9f-8c84-43ef-9dcd-2d0cab4faaf2,33,26-35,Male,North America,Mobile,Basic,8.99,107.88,Crypto,1,Drama,3.15,0.07,Low,42,At Risk,1,Churned,8.99
49d7dd83-0c7b-4f1d-8b1c-1cc13096b151,25,18-25,Female,Europe,Tablet,Basic,8.99,107.88,Credit Card,4,Sci-Fi,5.78,0.13,Low,45,At Risk,1,Churned,8.99
a7678a7a-b501-41b5-b5d3-abf39e61644e,54,46-55,Other,Asia,Mobile,Premium,17.99,215.88,PayPal,1,Horror,19.95,0.33,Medium,59,At Risk,1,Churned,17.99
caa9db16-975d-48b6-963d-e6c30c58eeb0,21,18-25,Female,Asia,Mobile,Basic,8.99,107.88,PayPal,2,Comedy,5.49,0.17,Medium,31,At Risk,1,Churned,8.99
471fb8cd-4497-4e20-a9c5-cfb8b3729308,19,18-25,Other,South America,Laptop,Premium,17.99,215.88,Debit Card,1,Action,1.87,0.27,Medium,6,Active,1,Churned,17.99
28994e1c-df97-40f1-9b04-20cb29462486,23,18-25,Other,Asia,Tablet,Basic,8.99,107.88,Gift Card,3,Romance,15.3,0.31,Medium,49,At Risk,1,Churned,8.99
6de03854-44a1-40e2-94b7-5fd20db6a39d,19,18-25,Female,South America,Tablet,Standard,13.99,167.88,Debit Card,5,Drama,0.82,0.02,Low,39,At Risk,1,Churned,13.99
14ee7859-5504-41ac-aac7-9bc5d66a0bb9,40,36-45,Male,Europe,Mobile,Standard,13.99,167.88,Debit Card,1,Drama,4.87,0.24,Medium,19,Active,1,Churned,13.99
25cc756b-6f70-4855-9d3f-36af6724cec5,31,26-35,Female,Europe,Desktop,Premium,17.99,215.88,Debit Card,5,Drama,2.2,0.05,Low,43,At Risk,1,Churned,17.99
6bb1aca9-0bb6-4a2c-a5ea-b04faf91ec09,38,36-45,Female,North America,Mobile,Basic,8.99,107.88,Debit Card,1,Documentary,2.7,0.05,Low,49,At Risk,1,Churned,8.99
ecc5a056-e4b1-4000-a217-e5932f7a3ec1,25,18-25,Other,North America,Laptop,Premium,17.99,215.88,Credit Card,3,Documentary,5.75,0.72,High,7,Active,0,Retained,0.0
33cfe352-95d7-49f7-b368-ce5218758112,39,36-45,Male,Europe,Tablet,Premium,17.99,215.88,Crypto,3,Horror,9.28,0.23,Medium,39,At Risk,1,Churned,17.99
7c912f5e-49f4-40e7-a68d-0a8a3ae3bcf9,64,56+,Male,North America,TV,Basic,8.99,107.88,Debit Card,5,Action,5.01,0.1,Low,49,At Risk,1,Churned,8.99
ed400be4-19d2-4196-aea3-680c798f0e17,21,18-25,Other,Oceania,Mobile,Standard,13.99,167.88,Credit Card,3,Documentary,8.27,0.15,Low,53,At Risk,1,Churned,13.99
e821aafd-dfc3-4ffb-9129-3741f65aef17,32,26-35,Other,Europe,Desktop,Standard,13.99,167.88,Crypto,1,Action,3.37,0.17,Medium,19,Active,1,Churned,13.99
0b945a37-fe3d-48f3-8bd9-0ce0d58c74de,62,56+,Male,Oceania,Laptop,Basic,8.99,107.88,PayPal,4,Drama,1.71,0.12,Low,13,Active,1,Churned,8.99
6fda8923-b925-4e65-97e4-ed9481d66b44,69,56+,Female,South America,Laptop,Standard,13.99,167.88,Gift Card,1,Romance,2.48,0.04,Low,55,At Risk,1,Churned,13.99
6df35e17-ca7f-42c2-a978-28b213e921e9,63,56+,Female,South America,Mobile,Premium,17.99,215.88,PayPal,1,Horror,7.58,0.29,Medium,25,At Risk,0,Retained,0.0
5b9b1694-e5d7-49be-af2a-9ee50f968320,23,18-25,Female,Oceania,Laptop,Premium,17.99,215.88,Debit Card,2,Action,18.15,1.07,High,16,Active,0,Retained,0.0
31862a3b-baef-4cf2-9ece-f6bc288b9224,68,56+,Female,Africa,Laptop,Premium,17.99,215.88,Crypto,3,Documentary,15.56,0.29,Medium,53,At Risk,1,Churned,17.99
ed57e399-b34c-447e-ab12-d72946d0fc73,60,56+,Other,North America,Mobile,Premium,17.99,215.88,Credit Card,5,Documentary,2.0,0.06,Low,32,At Risk,1,Churned,17.99
435c5516-9ca4-4623-8c1b-6e7c568352ca,38,36-45,Male,North America,TV,Standard,13.99,167.88,PayPal,5,Drama,8.79,0.49,Medium,17,Active,0,Retained,0.0
591e2d65-1b87-48ff-8e68-93917868cd24,61,56+,Male,Oceania,TV,Premium,17.99,215.88,Crypto,3,Horror,13.17,0.32,Medium,40,At Risk,1,Churned,17.99
856b5e64-f982-4156-adb9-f005d6c56ee2,56,56+,Male,North America,Laptop,Basic,8.99,107.88,PayPal,5,Drama,9.9,0.24,Medium,41,At Risk,1,Churned,8.99
ac171460-b30b-48bb-9949-f420e21c3982,33,26-35,Other,North America,Desktop,Basic,8.99,107.88,Crypto,5,Comedy,8.92,0.18,Medium,48,At Risk,1,Churned,8.99
86ef9bd7-c8e2-4dc7-8a6f-ec68e57730df,58,56+,Male,Africa,Laptop,Basic,8.99,107.88,Credit Card,2,Comedy,6.35,0.26,Medium,23,At Risk,0,Retained,0.0
2b46513e-8412-4b99-91aa-d614206322d1,41,36-45,Female,North America,Mobile,Premium,17.99,215.88,PayPal,4,Documentary,0.57,0.01,Low,52,At Risk,1,Churned,17.99
aba3a59d-6ff0-4069-bdaf-6847d1148489,45,36-45,Female,Africa,Laptop,Premium,17.99,215.88,Credit Card,3,Sci-Fi,15.41,2.2,High,6,Active,0,Retained,0.0
eaf657b9-53f1-4b33-9521-61b096e9666b,59,56+,Female,Asia,Tablet,Standard,13.99,167.88,PayPal,4,Horror,4.17,0.07,Low,57,At Risk,1,Churned,13.99
07717e07-d7a1-4bee-8bf5-c51e19276964,24,18-25,Other,Asia,Mobile,Basic,8.99,107.88,Debit Card,3,Sci-Fi,11.85,11.85,High,0,Active,0,Retained,0.0
d2038fcb-1899-4b27-acc7-8bd054f32003,38,36-45,Female,Oceania,Mobile,Standard,13.99,167.88,PayPal,3,Horror,32.31,2.69,High,11,Active,0,Retained,0.0
1bfddb22-4308-411a-897e-1081198500ce,59,56+,Other,South America,Desktop,Basic,8.99,107.88,Debit Card,3,Horror,12.4,0.28,Medium,43,At Risk,1,Churned,8.99
735f5a63-06cb-47d4-8240-138887fdbab6,40,36-45,Other,Oceania,Tablet,Basic,8.99,107.88,Crypto,4,Sci-Fi,6.86,3.43,High,1,Active,0,Retained,0.0
6b6918bb-7f5d-4d77-a829-0b5a803100bd,53,46-55,Female,Europe,Mobile,Premium,17.99,215.88,Crypto,3,Horror,17.99,17.99,High,0,Active,0,Retained,0.0
c6e04c65-8c8b-4cc2-acbe-772bf63edfff,31,26-35,Other,North America,TV,Basic,8.99,107.88,Credit Card,4,Drama,7.64,0.16,Low,46,At Risk,1,Churned,8.99
7de2a54b-751d-44a9-9755-3ed3e90742c0,59,56+,Other,Oceania,Laptop,Basic,8.99,107.88,Credit Card,4,Drama,35.89,2.99,High,11,Active,0,Retained,0.0
b4b4555b-8433-434f-9383-001239cf8129,58,56+,Female,North America,Laptop,Basic,8.99,107.88,PayPal,2,Comedy,8.53,0.95,High,8,Active,0,Retained,0.0
97920ba3-ed2d-418c-93f1-bf3d0f0148bc,18,18-25,Other,Africa,Laptop,Premium,17.99,215.88,Debit Card,5,Romance,27.6,2.3,High,11,Active,0,Retained,0.0
850e58a9-93e1-4c1a-a8f8-d8a39ce4e461,20,18-25,Male,Oceania,Laptop,Premium,17.99,215.88,Crypto,1,Action,8.87,0.35,Medium,24,At Risk,0,Retained,0.0
d25183cb-ffaa-4b4e-8a22-140d3a21a7de,59,56+,Female,Asia,TV,Basic,8.99,107.88,Debit Card,1,Action,12.03,0.35,Medium,33,At Risk,1,Churned,8.99
6dd067ff-f2b5-423c-8c38-ab5ceab92ff4,28,26-35,Female,South America,Mobile,Premium,17.99,215.88,Debit Card,3,Romance,16.69,0.35,Medium,47,At Risk,1,Churned,17.99
4b19503c-673b-4073-bdc1-f672de41d568,48,46-55,Other,Asia,Laptop,Premium,17.99,215.88,Crypto,5,Sci-Fi,1.54,0.07,Low,22,At Risk,1,Churned,17.99
296d587f-e02a-4e4c-a88a-cc31e10823f3,35,26-35,Female,Asia,Tablet,Premium,17.99,215.88,Debit Card,4,Sci-Fi,25.2,0.51,Medium,48,At Risk,0,Retained,0.0
2ea80c34-962f-4983-a53a-f5781331d132,46,46-55,Other,South America,Tablet,Basic,8.99,107.88,Credit Card,4,Action,4.11,0.24,Medium,16,Active,1,Churned,8.99
19da3460-ef3d-4094-aa3f-f168246b42a2,57,56+,Other,Asia,Desktop,Standard,13.99,167.88,Debit Card,2,Horror,4.81,0.22,Medium,21,At Risk,1,Churned,13.99
10ee957b-891f-4fee-8861-eb84aeec2de1,67,56+,Other,Asia,Mobile,Standard,13.99,167.88,Debit Card,5,Horror,1.93,0.04,Low,48,At Risk,1,Churned,13.99
0427fde9-46c6-469c-bc4a-6d8e39a85df9,67,56+,Male,South America,Desktop,Standard,13.99,167.88,Crypto,4,Horror,0.01,0.01,Low,1,Active,0,Retained,0.0
e35b86c8-465a-4945-8f2d-a6c42b61f6d8,49,46-55,Male,North America,TV,Standard,13.99,167.88,Debit Card,4,Action,19.77,0.36,Medium,54,At Risk,0,Retained,0.0
c46cced1-d263-4237-ac16-4248956204f5,48,46-55,Male,South America,TV,Premium,17.99,215.88,Debit Card,2,Comedy,2.98,0.43,Medium,6,Active,0,Retained,0.0
b91503ef-c830-4d47-986c-6e87d8e718bb,23,18-25,Female,Asia,Laptop,Basic,8.99,107.88,PayPal,2,Comedy,27.77,1.26,High,21,At Risk,0,Retained,0.0
e7847fc5-4848-485d-8172-53505ff5c1d5,43,36-45,Other,South America,Desktop,Basic,8.99,107.88,PayPal,4,Documentary,6.86,0.16,Low,41,At Risk,1,Churned,8.99
292beacd-895e-4d60-bdc4-69faec93ce66,49,46-55,Male,Asia,Laptop,Basic,8.99,107.88,PayPal,4,Romance,10.85,0.39,Medium,27,At Risk,0,Retained,0.0
f6080e6d-2a61-4d67-bb58-6ab35b805bca,65,56+,Male,Oceania,Laptop,Standard,13.99,167.88,Gift Card,2,Documentary,10.44,0.18,Medium,58,At Risk,1,Churned,13.99
c26ca12f-3a9d-4522-ad03-95e1a45137eb,59,56+,Female,North America,TV,Basic,8.99,107.88,Credit Card,3,Drama,24.62,1.12,High,21,At Risk,0,Retained,0.0
1112b137-d4fe-448d-9188-af48334fbc53,48,46-55,Female,Asia,Desktop,Basic,8.99,107.88,Debit Card,1,Action,6.94,0.13,Low,52,At Risk,1,Churned,8.99
5b61c411-6055-4022-a40a-b05d1555eac4,21,18-25,Male,Oceania,Mobile,Standard,13.99,167.88,Crypto,3,Drama,4.52,1.13,High,3,Active,0,Retained,0.0
10e961c3-40de-45cb-bcf5-76836ec603d7,61,56+,Male,Africa,Mobile,Premium,17.99,215.88,Crypto,5,Drama,1.63,0.04,Low,36,At Risk,1,Churned,17.99
bf0363ac-7c6a-4e50-bfb5-ff71151df8f1,34,26-35,Female,North America,Desktop,Basic,8.99,107.88,Credit Card,2,Documentary,12.42,0.43,Medium,28,At Risk,0,Retained,0.0
bb04c7d9-f77a-4793-b984-e9d20d7cecb2,51,46-55,Male,Africa,TV,Standard,13.99,167.88,Crypto,5,Action,38.31,7.66,High,4,Active,0,Retained,0.0
0bf99c02-b45f-4b75-a9eb-11aad9c48c54,23,18-25,Male,Asia,Tablet,Standard,13.99,167.88,PayPal,1,Sci-Fi,14.9,0.36,Medium,40,At Risk,1,Churned,13.99
10f0eb98-3902-458f-9e2f-24f48f83ae41,30,26-35,Other,South America,Desktop,Premium,17.99,215.88,Debit Card,3,Romance,7.13,0.14,Low,49,At Risk,1,Churned,17.99
b423daa9-5960-4361-8806-025fdd52d654,20,18-25,Male,Oceania,TV,Premium,17.99,215.88,Gift Card,4,Romance,7.81,0.14,Low,53,At Risk,1,Churned,17.99
ee7b619d-8df1-47ce-8ab5-060c29ac3d3e,42,36-45,Female,North America,Desktop,Standard,13.99,167.88,Credit Card,5,Action,0.48,0.08,Low,5,Active,0,Retained,0.0
3f260c2f-4b6c-49d7-9617-2f906b933ca8,62,56+,Female,Asia,Desktop,Standard,13.99,167.88,Debit Card,5,Sci-Fi,6.55,0.12,Low,52,At Risk,0,Retained,0.0
1e5a70bf-83da-4c7b-b76c-606333bfa7aa,49,46-55,Male,Oceania,Desktop,Premium,17.99,215.88,Gift Card,1,Comedy,29.41,1.96,High,14,Active,0,Retained,0.0
f0e1cc4a-8545-4e03-9f16-9e83b65e44aa,41,36-45,Female,Europe,Mobile,Basic,8.99,107.88,Credit Card,2,Drama,32.8,0.99,High,32,At Risk,0,Retained,0.0
032719c1-eafd-4963-9362-778c661ad881,65,56+,Female,Asia,Tablet,Basic,8.99,107.88,PayPal,5,Sci-Fi,0.24,0.01,Low,28,At Risk,1,Churned,8.99
041d3c04-aa19-4359-861a-05327029f960,34,26-35,Other,Africa,TV,Standard,13.99,167.88,Debit Card,5,Romance,33.38,0.62,High,53,At Risk,0,Retained,0.0
d32f3fc2-f9df-45b7-bd91-4ed789bd17bb,32,26-35,Other,South America,Laptop,Standard,13.99,167.88,Debit Card,1,Comedy,14.18,0.24,Medium,59,At Risk,1,Churned,13.99
752d1403-7fc8-46d1-8532-f861147b73dc,33,26-35,Other,Asia,Tablet,Standard,13.99,167.88,PayPal,3,Romance,6.97,0.15,Low,44,At Risk,1,Churned,13.99
28652897-1058-46fd-a152-0acea9e9284f,47,46-55,Female,Asia,TV,Basic,8.99,107.88,Crypto,4,Documentary,6.39,0.12,Low,54,At Risk,1,Churned,8.99
d6c4c6fc-d6ac-4f13-9518-103cc3cd52c6,33,26-35,Other,Asia,Tablet,Premium,17.99,215.88,Credit Card,5,Sci-Fi,6.35,0.2,Medium,30,At Risk,0,Retained,0.0
af17ffdc-f27a-4159-9c8d-addd1bfb0979,67,56+,Other,Europe,Laptop,Standard,13.99,167.88,PayPal,4,Documentary,2.79,0.05,Low,53,At Risk,1,Churned,13.99
ff583d32-c660-49dd-ba75-54106ef7d44a,20,18-25,Female,South America,Tablet,Basic,8.99,107.88,Debit Card,4,Romance,47.0,1.81,High,25,At Risk,0,Retained,0.0
85003a46-57ba-4ad5-8240-99d3d8b9ef27,43,36-45,Other,Europe,Mobile,Standard,13.99,167.88,Debit Card,4,Romance,38.84,0.68,High,56,At Risk,0,Retained,0.0
0c807992-f90b-4e89-85e3-9178d3bae4a8,36,36-45,Female,Africa,Tablet,Standard,13.99,167.88,Debit Card,5,Comedy,2.56,0.37,Medium,6,Active,0,Retained,0.0
ef6d974d-c79d-4fe6-b2e8-a3d375ea37c8,54,46-55,Female,Europe,Mobile,Basic,8.99,107.88,Debit Card,3,Action,13.25,0.27,Medium,49,At Risk,1,Churned,8.99
16241f0a-8cfe-4ded-88f9-12e70315e6aa,26,26-35,Other,Asia,Desktop,Standard,13.99,167.88,Credit Card,4,Romance,12.76,0.23,Medium,54,At Risk,0,Retained,0.0
1f0aa18c-1417-4ca7-9895-7dac0baee3ee,25,18-25,Male,North America,TV,Standard,13.99,167.88,PayPal,1,Action,26.47,0.43,Medium,60,At Risk,0,Retained,0.0
f229d011-40b4-4e21-ac8e-394de1b4d6bc,37,36-45,Male,Europe,Desktop,Standard,13.99,167.88,Gift Card,5,Comedy,1.33,0.02,Low,60,At Risk,1,Churned,13.99
f0a64ef5-b531-4c85-9f81-5ce41490de02,43,36-45,Male,Europe,TV,Basic,8.99,107.88,Credit Card,1,Drama,10.02,0.2,Medium,50,At Risk,1,Churned,8.99
b6b3f022-6564-45d9-a070-90f66db4d09d,69,56+,Male,Africa,TV,Basic,8.99,107.88,PayPal,3,Horror,7.66,0.16,Low,46,At Risk,1,Churned,8.99
422f3159-6fd0-42d4-9bc8-4f8dc29d531e,32,26-35,Female,Africa,Mobile,Standard,13.99,167.88,Debit Card,1,Sci-Fi,22.99,0.72,High,31,At Risk,0,Retained,0.0
24b27817-e433-45cf-8439-8658f84b5d2e,35,26-35,Female,South America,Laptop,Basic,8.99,107.88,Gift Card,2,Comedy,9.2,0.34,Medium,26,At Risk,1,Churned,8.99
5de098c2-fa28-45bf-ae9f-f31dbaa387c0,29,26-35,Other,Asia,Tablet,Premium,17.99,215.88,PayPal,4,Comedy,4.46,0.1,Low,42,At Risk,1,Churned,17.99
d7f54be2-58dd-46b8-b43b-4ff590876743,34,26-35,Other,North America,Desktop,Premium,17.99,215.88,Crypto,1,Documentary,2.94,0.07,Low,39,At Risk,1,Churned,17.99
938fec83-206c-4bb3-8ae6-7aa0bd8e7683,45,36-45,Other,Europe,Tablet,Premium,17.99,215.88,PayPal,3,Drama,2.59,0.05,Low,56,At Risk,1,Churned,17.99
ece05305-60ed-4148-b003-3d3fde5ac23b,46,46-55,Other,North America,Desktop,Standard,13.99,167.88,Debit Card,3,Horror,1.22,0.02,Low,59,At Risk,1,Churned,13.99
72e1395c-665a-40d9-99d4-150a7d6ba156,31,26-35,Other,North America,Tablet,Basic,8.99,107.88,Debit Card,1,Action,10.38,0.24,Medium,42,At Risk,1,Churned,8.99
9490f2fb-6881-415d-a9c2-55855ad016fc,68,56+,Female,Asia,Mobile,Basic,8.99,107.88,PayPal,5,Horror,15.56,0.29,Medium,53,At Risk,1,Churned,8.99
5bd2fa59-db60-4274-9e7c-f64de753ff84,36,36-45,Female,Europe,Tablet,Standard,13.99,167.88,PayPal,2,Comedy,11.94,0.26,Medium,45,At Risk,1,Churned,13.99
e60ca66e-6129-4c74-9917-2039b803fb3a,68,56+,Female,Asia,TV,Basic,8.99,107.88,Gift Card,1,Romance,24.27,0.71,High,33,At Risk,1,Churned,8.99
7dae5dd3-9815-4ae0-a868-c1d08eb7ec3f,50,46-55,Male,North America,Tablet,Basic,8.99,107.88,PayPal,5,Action,4.3,0.08,Low,54,At Risk,1,Churned,8.99
2477d719-b049-4b4c-8f1d-d9173919eedd,18,18-25,Female,Africa,Desktop,Standard,13.99,167.88,Crypto,2,Sci-Fi,9.77,0.17,Medium,57,At Risk,1,Churned,13.99
375eca39-a99b-48a4-b4c0-bb0e8722d963,34,26-35,Male,South America,TV,Premium,17.99,215.88,Gift Card,1,Action,3.92,0.78,High,4,Active,0,Retained,0.0
d2927ae0-0518-4579-aed1-4ad9a039d1d0,39,36-45,Other,Oceania,Tablet,Premium,17.99,215.88,PayPal,4,Drama,13.51,0.25,Medium,54,At Risk,0,Retained,0.0
e74a58dd-5c33-41a4-a2f5-ba8f634216dc,45,36-45,Male,Europe,Laptop,Premium,17.99,215.88,Debit Card,5,Sci-Fi,27.2,3.02,High,8,Active,0,Retained,0.0
913c9b60-2bf4-495a-9e80-74719a9c5047,23,18-25,Male,Oceania,Tablet,Premium,17.99,215.88,Gift Card,5,Romance,16.51,0.39,Medium,41,At Risk,1,Churned,17.99
e66f76a6-9e44-4d2a-ac84-d297b96abe7c,56,56+,Female,Europe,TV,Standard,13.99,167.88,PayPal,4,Drama,4.05,0.81,High,4,Active,0,Retained,0.0
018fad5a-7be7-48ad-993f-68fe75ed0b9b,31,26-35,Male,Asia,TV,Standard,13.99,167.88,PayPal,1,Comedy,2.2,0.07,Low,29,At Risk,1,Churned,13.99
5f0a5e42-5c88-417a-b627-1f3057237d04,31,26-35,Female,Europe,Mobile,Standard,13.99,167.88,Credit Card,4,Comedy,2.02,0.05,Low,39,At Risk,1,Churned,13.99
07d43b0b-94e3-4ea5-9281-7d959494690d,31,26-35,Male,Africa,Desktop,Standard,13.99,167.88,Gift Card,4,Horror,54.98,0.95,High,57,At Risk,0,Retained,0.0
91c22005-2619-4f68-a797-531076bc8d6a,41,36-45,Female,Asia,Tablet,Basic,8.99,107.88,PayPal,2,Romance,7.78,7.78,High,0,Active,0,Retained,0.0
2a93d86f-7768-4c2d-93f0-82a7356ef894,32,26-35,Other,Oceania,Laptop,Standard,13.99,167.88,Gift Card,2,Documentary,1.43,0.07,Low,19,Active,1,Churned,13.99
4c14bede-0e49-4c69-bd98-ad6fa46fed15,67,56+,Male,Africa,Laptop,Premium,17.99,215.88,PayPal,5,Comedy,18.54,0.31,Medium,58,At Risk,0,Retained,0.0
44e5fbde-b513-4d69-accb-f083a5863d89,46,46-55,Female,Africa,Desktop,Basic,8.99,107.88,PayPal,2,Romance,4.84,0.17,Medium,27,At Risk,1,Churned,8.99
090d46ba-d78e-4f49-a4c6-9bf211df3f91,54,46-55,Male,Asia,Mobile,Premium,17.99,215.88,PayPal,4,Comedy,6.65,0.28,Medium,23,At Risk,0,Retained,0.0
66513bd6-e31b-4dc4-9b1b-aff8caa18e88,59,56+,Male,Oceania,Tablet,Premium,17.99,215.88,Crypto,3,Comedy,47.14,1.31,High,35,At Risk,0,Retained,0.0
acc43c61-4f60-49b8-a93b-4241c02b2be2,44,36-45,Other,South America,Laptop,Basic,8.99,107.88,Gift Card,5,Sci-Fi,20.91,3.48,High,5,Active,0,Retained,0.0
079d22b5-cb52-4784-862a-93eb40a6fc9d,62,56+,Male,Africa,TV,Basic,8.99,107.88,Gift Card,3,Action,3.31,0.15,Low,21,At Risk,1,Churned,8.99
fb137217-22e7-4472-9f24-c3e1982c0bbd,46,46-55,Male,South America,Laptop,Standard,13.99,167.88,Credit Card,1,Action,2.98,0.06,Low,51,At Risk,1,Churned,13.99
e25dbc8a-284a-4064-bddd-ea62c7fde074,68,56+,Other,Africa,Desktop,Standard,13.99,167.88,Crypto,5,Action,37.3,1.17,High,31,At Risk,0,Retained,0.0
4a72d855-c7d1-41ea-bf1d-5e0eba3be8d8,28,26-35,Female,Oceania,Mobile,Premium,17.99,215.88,Credit Card,3,Documentary,10.38,0.31,Medium,33,At Risk,1,Churned,17.99
ffef8fb1-3847-4535-a403-fad7ac35eb46,55,46-55,Male,Oceania,Desktop,Premium,17.99,215.88,Credit Card,4,Comedy,6.14,0.24,Medium,25,At Risk,0,Retained,0.0
44c431b4-0f1a-4403-b701-98ab0f23f260,70,56+,Other,Europe,Mobile,Standard,13.99,167.88,Gift Card,3,Romance,4.75,0.09,Low,54,At Risk,1,Churned,13.99
70f8a703-4e16-495b-97b5-739c7edace9e,69,56+,Male,Africa,Desktop,Standard,13.99,167.88,Credit Card,5,Romance,7.26,0.15,Low,48,At Risk,0,Retained,0.0
7e829bbe-ef04-481e-88d9-8eeae0a7cac6,31,26-35,Other,North America,Tablet,Standard,13.99,167.88,Crypto,5,Sci-Fi,23.56,0.57,High,40,At Risk,0,Retained,0.0
48130993-574a-4765-b5f0-5f98dba9547e,55,46-55,Female,North America,Desktop,Basic,8.99,107.88,Credit Card,4,Horror,7.86,0.21,Medium,36,At Risk,1,Churned,8.99
efc777d9-e7a2-404c-9626-3b30b333dcce,40,36-45,Other,Africa,Tablet,Standard,13.99,167.88,Debit Card,1,Comedy,7.48,0.14,Low,54,At Risk,1,Churned,13.99
e51e6d48-d863-4799-9f3d-75b6980b5d3e,36,36-45,Male,Oceania,Laptop,Premium,17.99,215.88,Debit Card,3,Drama,2.13,0.04,Low,54,At Risk,1,Churned,17.99
ce0b32de-26ff-4f3d-bd27-9c85e6f2bf26,62,56+,Female,Africa,Tablet,Basic,8.99,107.88,Gift Card,2,Sci-Fi,6.12,0.12,Low,51,At Risk,1,Churned,8.99
3ef8e526-3060-49e4-b23d-7c8325593d35,63,56+,Other,Asia,Laptop,Basic,8.99,107.88,Debit Card,2,Comedy,10.71,0.24,Medium,43,At Risk,1,Churned,8.99
4e3215e3-48be-4ea9-86e4-057e5ce9bf39,43,36-45,Male,Asia,TV,Standard,13.99,167.88,PayPal,4,Action,1.06,0.04,Low,27,At Risk,0,Retained,0.0
9d71a390-0c88-40da-b62e-7ff0cd29f65b,18,18-25,Other,Europe,TV,Premium,17.99,215.88,Debit Card,5,Sci-Fi,12.22,0.25,Medium,48,At Risk,0,Retained,0.0
11d0215f-7d5c-439a-ab60-98c27e38d982,23,18-25,Female,Oceania,Tablet,Standard,13.99,167.88,Credit Card,1,Sci-Fi,3.9,1.95,High,1,Active,0,Retained,0.0
b81e2759-c1e2-433e-a4e1-d7fe65a14464,21,18-25,Female,Europe,Tablet,Premium,17.99,215.88,Credit Card,4,Romance,19.77,0.86,High,22,At Risk,0,Retained,0.0
cee2b2d5-7bd7-46de-8d55-36b262b78b70,53,46-55,Male,Africa,Desktop,Basic,8.99,107.88,Gift Card,5,Action,2.42,0.2,Medium,11,Active,1,Churned,8.99
c83d8343-0bd3-42a8-a312-9b6e75367d29,64,56+,Other,Oceania,Mobile,Premium,17.99,215.88,Crypto,4,Drama,7.0,0.7,High,9,Active,0,Retained,0.0
2c4930a3-789b-4ed5-8f39-e8c64a740269,21,18-25,Other,Europe,Laptop,Standard,13.99,167.88,PayPal,3,Drama,61.8,1.47,High,41,At Risk,0,Retained,0.0
16a200cb-3249-413a-977d-6ad61271b74f,50,46-55,Female,Asia,Desktop,Basic,8.99,107.88,Gift Card,3,Comedy,2.84,0.08,Low,36,At Risk,1,Churned,8.99
4f6c6788-a003-4eca-b344-5e47ace30e12,38,36-45,Other,Europe,Tablet,Standard,13.99,167.88,Crypto,4,Documentary,5.32,0.21,Medium,24,At Risk,0,Retained,0.0
c56d6009-0b18-47d0-a605-99c63f1cf8c3,67,56+,Male,South America,Tablet,Standard,13.99,167.88,Credit Card,3,Action,0.44,0.02,Low,27,At Risk,1,Churned,13.99
f4db7304-7056-46c8-88dd-0b612ad71ba2,70,56+,Female,Europe,Tablet,Standard,13.99,167.88,Debit Card,1,Comedy,7.16,0.17,Medium,40,At Risk,1,Churned,13.99
6fb66bbb-0951-4845-a4cd-3ce9151ab345,58,56+,Other,Europe,Mobile,Standard,13.99,167.88,Gift Card,3,Action,0.73,0.05,Low,14,Active,1,Churned,13.99
ca15d77a-57d5-44c3-bcb3-a0c4d1abbbdd,21,18-25,Other,Asia,TV,Basic,8.99,107.88,PayPal,5,Drama,2.73,0.06,Low,48,At Risk,1,Churned,8.99
567dc920-9ae2-41ca-b169-a6706369169f,28,26-35,Other,Africa,Desktop,Premium,17.99,215.88,Crypto,4,Action,17.1,1.01,High,16,Active,0,Retained,0.0
6fbc22eb-6eb2-4df2-82f7-1fa1d07d4802,61,56+,Male,North America,Desktop,Basic,8.99,107.88,Debit Card,1,Comedy,20.11,1.12,High,17,Active,0,Retained,0.0
c7580297-a79c-4487-a676-afefffc00a0c,27,26-35,Male,South America,TV,Basic,8.99,107.88,Crypto,5,Romance,31.0,0.53,High,57,At Risk,0,Retained,0.0
b63bbb24-3940-4377-bda2-081dc5008511,63,56+,Other,Europe,Desktop,Standard,13.99,167.88,Credit Card,1,Horror,11.42,0.2,Medium,57,At Risk,1,Churned,13.99
c7bd6a1e-dd9b-4ae0-8640-b800f73384ae,51,46-55,Male,Africa,Tablet,Premium,17.99,215.88,Credit Card,4,Documentary,14.64,0.61,High,23,At Risk,0,Retained,0.0
f25ebdda-0532-43da-91be-d2ff34c108cc,40,36-45,Female,Oceania,Mobile,Basic,8.99,107.88,Gift Card,1,Drama,5.54,0.46,Medium,11,Active,1,Churned,8.99
b47239a1-8e93-4c1a-87b5-3ba3b6d46a77,47,46-55,Female,Europe,Desktop,Premium,17.99,215.88,Crypto,4,Drama,34.18,0.67,High,50,At Risk,0,Retained,0.0
c06f7f28-0fde-4b15-819b-ec1061932a50,19,18-25,Other,Asia,Mobile,Basic,8.99,107.88,Debit Card,4,Sci-Fi,1.23,0.03,Low,47,At Risk,1,Churned,8.99
c6c8cbb4-b03d-4aa7-ae8f-591c88f61aa2,43,36-45,Female,Europe,TV,Basic,8.99,107.88,Credit Card,4,Drama,7.51,2.5,High,2,Active,0,Retained,0.0
4ef69a1f-c2b7-4e85-b0f5-318696e2675c,63,56+,Male,North America,TV,Standard,13.99,167.88,PayPal,1,Sci-Fi,16.41,0.47,Medium,34,At Risk,1,Churned,13.99
7a8163de-f9a8-416e-8019-79049bb31e9b,39,36-45,Female,Europe,Laptop,Standard,13.99,167.88,Crypto,1,Documentary,11.29,0.28,Medium,40,At Risk,1,Churned,13.99
c064e06e-7e55-493f-817f-ca67c074b251,20,18-25,Other,Africa,Desktop,Basic,8.99,107.88,PayPal,1,Drama,0.37,0.01,Low,27,At Risk,1,Churned,8.99
b7aa7d7c-1680-4a40-9646-3fbc458fdef6,39,36-45,Female,Oceania,Mobile,Basic,8.99,107.88,Credit Card,3,Horror,7.24,0.8,High,8,Active,0,Retained,0.0
107172f9-17aa-4d27-9316-211b12b7ca66,30,26-35,Other,Africa,Mobile,Premium,17.99,215.88,Credit Card,2,Drama,21.23,0.42,Medium,50,At Risk,0,Retained,0.0
e4cedabe-2ad7-4c28-ad24-34ad6ac0a7db,46,46-55,Male,Oceania,Tablet,Standard,13.99,167.88,Gift Card,1,Drama,0.89,0.02,Low,35,At Risk,1,Churned,13.99
360177a9-b5fd-4c78-ba0d-a0dad34611f6,66,56+,Other,Africa,TV,Basic,8.99,107.88,Crypto,5,Documentary,1.21,0.15,Low,7,Active,1,Churned,8.99
9cf98ae9-3ca2-4174-a7ca-0fb8969544aa,19,18-25,Other,Asia,Desktop,Premium,17.99,215.88,Crypto,2,Action,13.21,0.4,Medium,32,At Risk,1,Churned,17.99
6d0baae0-e0c5-4a4e-8e3b-97bf14be6147,54,46-55,Male,Asia,TV,Premium,17.99,215.88,Debit Card,2,Sci-Fi,18.07,1.2,High,14,Active,0,Retained,0.0
2d568e58-1bce-43d3-b509-529c4907feb6,32,26-35,Female,Africa,Laptop,Standard,13.99,167.88,Debit Card,5,Comedy,12.46,0.69,High,17,Active,0,Retained,0.0
c154deff-4e9e-4fe4-9d67-f48908ff54d9,40,36-45,Female,Oceania,Tablet,Basic,8.99,107.88,Debit Card,4,Comedy,3.95,0.11,Low,34,At Risk,1,Churned,8.99
71f2e2cc-c590-4263-a857-9d41079aeca5,51,46-55,Female,Oceania,Mobile,Basic,8.99,107.88,PayPal,4,Documentary,7.4,0.15,Low,49,At Risk,1,Churned,8.99
1750bbeb-a4d1-4fdd-9d4b-6da8f2110f83,24,18-25,Other,Africa,Tablet,Premium,17.99,215.88,PayPal,5,Documentary,5.54,0.12,Low,47,At Risk,0,Retained,0.0
a5c9b131-7db9-49dc-bbf0-ab2cc975db2e,50,46-55,Male,South America,Tablet,Basic,8.99,107.88,PayPal,1,Drama,34.91,0.62,High,55,At Risk,0,Retained,0.0
f34c660c-8130-46ea-b9eb-2b94983e70f0,52,46-55,Female,South America,Tablet,Premium,17.99,215.88,PayPal,4,Drama,19.84,0.38,Medium,51,At Risk,0,Retained,0.0
b3df269b-9a99-4b0d-b72a-309d9eb0fdff,40,36-45,Male,Africa,Laptop,Standard,13.99,167.88,Credit Card,1,Drama,1.53,0.06,Low,23,At Risk,1,Churned,13.99
762bdb2f-9869-459d-a388-b7d7499de3d1,24,18-25,Female,Oceania,Mobile,Standard,13.99,167.88,Debit Card,4,Sci-Fi,30.63,0.52,High,58,At Risk,0,Retained,0.0
8c5e8ece-8b04-4187-943f-c47e7452ac98,29,26-35,Female,South America,TV,Premium,17.99,215.88,Crypto,2,Action,3.17,0.35,Medium,8,Active,1,Churned,17.99
1ba7df97-738b-4bda-84bc-342e75f0bb3b,68,56+,Other,Oceania,Tablet,Basic,8.99,107.88,Credit Card,2,Horror,21.58,0.7,High,30,At Risk,0,Retained,0.0
0b029466-21a8-4aa2-a32d-7957bc97dd15,18,18-25,Female,North America,Tablet,Basic,8.99,107.88,Debit Card,1,Horror,18.12,6.04,High,2,Active,0,Retained,0.0
78f2bf62-fba1-46a6-833c-110010ab98ad,45,36-45,Female,South America,Tablet,Standard,13.99,167.88,Debit Card,3,Sci-Fi,16.1,1.15,High,13,Active,0,Retained,0.0
68ce89c8-a5b2-4117-b896-352c78e682a5,20,18-25,Other,Africa,TV,Standard,13.99,167.88,Credit Card,2,Sci-Fi,2.75,0.92,High,2,Active,0,Retained,0.0
e06fb7ea-7713-4fac-a996-c7ea9349c0f1,38,36-45,Male,North America,Laptop,Premium,17.99,215.88,Gift Card,1,Romance,4.88,0.38,Medium,12,Active,1,Churned,17.99
8c3c1be4-1e6e-44d8-8c71-d45fd198b10a,70,56+,Other,South America,Laptop,Standard,13.99,167.88,Debit Card,2,Comedy,1.42,0.08,Low,17,Active,1,Churned,13.99
8f7170b0-9f51-4774-88cc-a5881e14d60d,25,18-25,Male,Africa,Mobile,Standard,13.99,167.88,Debit Card,5,Drama,3.84,0.08,Low,45,At Risk,1,Churned,13.99
391f7245-b2ef-4328-b1f0-47135a7252ce,42,36-45,Female,Europe,Tablet,Premium,17.99,215.88,Gift Card,1,Documentary,6.45,0.12,Low,52,At Risk,1,Churned,17.99
c3d0acc2-11f2-410c-bdcb-15da9958e18d,56,56+,Female,Europe,Laptop,Premium,17.99,215.88,Gift Card,3,Comedy,10.31,0.32,Medium,31,At Risk,1,Churned,17.99
602855b3-cd60-4b34-9201-1dfb89a22d88,49,46-55,Other,Asia,Desktop,Basic,8.99,107.88,Gift Card,5,Action,3.16,0.1,Low,31,At Risk,1,Churned,8.99
910f20e5-3307-4e9f-928d-bf6b69fbc430,25,18-25,Female,Africa,Mobile,Premium,17.99,215.88,Debit Card,4,Drama,50.94,1.76,High,28,At Risk,0,Retained,0.0
05e332ce-23b3-4687-90ae-3a9a515490ff,39,36-45,Other,Africa,Laptop,Premium,17.99,215.88,Credit Card,2,Documentary,0.33,0.01,Low,29,At Risk,1,Churned,17.99
5802fec8-2f12-4cea-8fe6-64a2d9038aba,37,36-45,Female,North America,Tablet,Premium,17.99,215.88,PayPal,4,Comedy,19.29,0.45,Medium,42,At Risk,0,Retained,0.0
4a384e91-f1c0-47f5-a245-485175a01a96,21,18-25,Male,North America,Mobile,Standard,13.99,167.88,Debit Card,3,Romance,0.19,0.0,Low,59,At Risk,1,Churned,13.99
72636137-36a1-4188-98f6-faaa54b0a5aa,32,26-35,Male,Europe,Tablet,Standard,13.99,167.88,Debit Card,1,Drama,7.88,0.2,Medium,38,At Risk,1,Churned,13.99
0687c494-6a02-4c35-9ed5-4932776b9162,49,46-55,Other,Oceania,TV,Premium,17.99,215.88,Debit Card,3,Documentary,0.21,0.01,Low,26,At Risk,1,Churned,17.99
215aac75-022a-4a4a-90c3-160a8a792257,29,26-35,Female,South America,Tablet,Basic,8.99,107.88,Crypto,2,Documentary,15.6,1.3,High,11,Active,0,Retained,0.0
21a179f2-e450-4d64-a10f-439788529ba6,56,56+,Male,Oceania,Laptop,Basic,8.99,107.88,Debit Card,2,Romance,6.72,3.36,High,1,Active,0,Retained,0.0
16eef2bf-6be9-48c4-bc16-37c86a697011,35,26-35,Female,Oceania,Mobile,Premium,17.99,215.88,Credit Card,5,Action,19.05,0.33,Medium,57,At Risk,0,Retained,0.0
f53ae566-c104-415c-a1f2-4e8e5e814603,38,36-45,Female,Asia,Desktop,Premium,17.99,215.88,PayPal,4,Action,10.11,0.42,Medium,23,At Risk,0,Retained,0.0
22bb275c-104e-497a-b1eb-227b79c9a40b,22,18-25,Female,Europe,TV,Basic,8.99,107.88,Crypto,5,Action,4.4,0.13,Low,34,At Risk,1,Churned,8.99
7ce95fbf-f28c-4734-b710-35650d1be437,68,56+,Other,North America,Tablet,Basic,8.99,107.88,Gift Card,5,Action,23.54,0.69,High,33,At Risk,0,Retained,0.0
f96cf079-d1d5-42bb-9878-4865d631dd13,46,46-55,Male,North America,Laptop,Basic,8.99,107.88,Debit Card,1,Drama,13.5,0.3,Medium,44,At Risk,1,Churned,8.99
87d56579-1f8f-477f-a0bf-ab16a504a431,38,36-45,Male,Africa,TV,Basic,8.99,107.88,Credit Card,5,Comedy,11.77,0.24,Medium,49,At Risk,1,Churned,8.99
f640922d-1951-4e52-8d07-58299a016cf0,31,26-35,Male,Oceania,Tablet,Standard,13.99,167.88,Gift Card,1,Sci-Fi,8.85,1.47,High,5,Active,0,Retained,0.0
7f4f807a-f985-419c-820c-17ecfd0e613a,64,56+,Female,Oceania,Tablet,Standard,13.99,167.88,Credit Card,1,Documentary,13.89,0.32,Medium,43,At Risk,1,Churned,13.99
32eb81b5-af6f-44d3-bc33-4de00ebe132d,42,36-45,Female,Africa,Laptop,Standard,13.99,167.88,Crypto,5,Horror,4.37,0.23,Medium,18,Active,1,Churned,13.99
79b9c555-5d7f-401d-8ac8-a13fb0c5c1cf,51,46-55,Female,Oceania,Laptop,Standard,13.99,167.88,Gift Card,1,Sci-Fi,4.35,0.1,Low,44,At Risk,1,Churned,13.99
d105d2bf-fcf9-44c6-b086-51c0d096dbb4,23,18-25,Male,Europe,Laptop,Basic,8.99,107.88,Crypto,5,Horror,1.81,1.81,High,0,Active,0,Retained,0.0
42608df0-d58d-440c-8038-cc4f2352733f,56,56+,Female,South America,Laptop,Premium,17.99,215.88,Debit Card,5,Comedy,32.38,2.02,High,15,Active,0,Retained,0.0
557d44b5-24ef-4176-a0bc-33f51ec3c62a,59,56+,Male,Europe,TV,Standard,13.99,167.88,Crypto,3,Romance,4.41,0.12,Low,35,At Risk,1,Churned,13.99
6119cd5f-25ae-468c-a4c8-0e86ce0da93f,20,18-25,Female,North America,Tablet,Premium,17.99,215.88,Debit Card,3,Documentary,4.18,0.11,Low,36,At Risk,1,Churned,17.99
01e0e04b-2235-4fb9-8fb9-973653881bd7,56,56+,Male,South America,Mobile,Basic,8.99,107.88,Debit Card,1,Comedy,7.39,0.14,Low,53,At Risk,1,Churned,8.99
a92b4d05-6e6e-435e-b8ab-ed160c1a0671,22,18-25,Male,North America,Desktop,Premium,17.99,215.88,Debit Card,1,Horror,0.77,0.03,Low,29,At Risk,1,Churned,17.99
8eedeb3b-2b2f-4fbf-8c78-78d95da51319,65,56+,Other,Africa,TV,Standard,13.99,167.88,Credit Card,5,Documentary,2.92,1.46,High,1,Active,0,Retained,0.0
0de1d06b-e229-4173-ae8f-a5e2602c629a,40,36-45,Male,North America,Laptop,Standard,13.99,167.88,Debit Card,1,Documentary,8.17,1.63,High,4,Active,0,Retained,0.0
7dd16f76-9942-47b6-ae7f-fe82db8b862c,27,26-35,Other,South America,Laptop,Premium,17.99,215.88,PayPal,3,Drama,27.3,5.46,High,4,Active,0,Retained,0.0
96fa01b4-dcd1-4b01-bff4-4c52bc6e55bf,66,56+,Male,North America,Desktop,Premium,17.99,215.88,Credit Card,3,Romance,42.58,0.77,High,54,At Risk,0,Retained,0.0
674799d1-2e7f-485b-bec5-b874a7d43a30,70,56+,Other,Europe,Desktop,Basic,8.99,107.88,Gift Card,2,Drama,7.97,0.32,Medium,24,At Risk,1,Churned,8.99
e11b6d38-05be-4524-9735-a838b05d752b,22,18-25,Female,South America,TV,Premium,17.99,215.88,PayPal,5,Drama,4.98,4.98,High,0,Active,0,Retained,0.0
9efe5bf3-7810-450a-a05a-4dc4ad997e2a,64,56+,Male,Oceania,Tablet,Premium,17.99,215.88,Crypto,5,Sci-Fi,6.42,0.18,Medium,35,At Risk,1,Churned,17.99
9e0064ca-ef2e-4133-92b6-baae9a0fbab5,58,56+,Female,Europe,Tablet,Premium,17.99,215.88,Crypto,3,Documentary,30.44,0.52,High,57,At Risk,0,Retained,0.0
88a98e69-9e49-4d28-98d7-1e0b1bce6138,58,56+,Male,South America,Tablet,Premium,17.99,215.88,Debit Card,5,Romance,32.88,32.88,High,0,Active,0,Retained,0.0
bf9da4d1-f789-4552-93e8-3b529290ed7d,29,26-35,Female,Africa,Mobile,Basic,8.99,107.88,Debit Card,2,Comedy,11.19,0.93,High,11,Active,0,Retained,0.0
93ffabf9-401d-4998-ba07-69b25693af8f,34,26-35,Male,Africa,Laptop,Basic,8.99,107.88,Credit Card,2,Romance,1.77,0.16,Low,10,Active,1,Churned,8.99
7798c7b5-2c45-40bb-b512-c35124084997,58,56+,Female,Asia,Desktop,Premium,17.99,215.88,Credit Card,4,Horror,30.18,0.62,High,48,At Risk,0,Retained,0.0
0cf9f5e9-d094-49c5-a870-c736b66720a1,62,56+,Other,Oceania,Desktop,Standard,13.99,167.88,PayPal,3,Romance,3.61,3.61,High,0,Active,0,Retained,0.0
1d3013fb-2d20-4f30-b937-1df99dafb903,49,46-55,Other,Europe,TV,Basic,8.99,107.88,Gift Card,2,Sci-Fi,0.59,0.01,Low,45,At Risk,1,Churned,8.99
fc43da7e-fdb4-4950-924d-1dea2738ae4c,47,46-55,Female,Oceania,Laptop,Standard,13.99,167.88,PayPal,2,Action,7.04,0.2,Medium,34,At Risk,1,Churned,13.99
e832c2fc-cd6b-419d-8c4c-e3c2a995c0da,38,36-45,Male,South America,Desktop,Premium,17.99,215.88,PayPal,3,Horror,0.47,0.01,Low,48,At Risk,1,Churned,17.99
d4d09568-7425-484c-876a-0d23fbd58db7,23,18-25,Other,Asia,Mobile,Premium,17.99,215.88,PayPal,2,Horror,0.24,0.01,Low,23,At Risk,1,Churned,17.99
bad0e971-e8d5-4e75-979b-1663960b5f7f,46,46-55,Female,South America,Desktop,Premium,17.99,215.88,Credit Card,5,Action,34.32,0.98,High,34,At Risk,0,Retained,0.0
d670c278-b9ea-43fc-b638-8a136c66a9d0,47,46-55,Other,Europe,TV,Standard,13.99,167.88,Debit Card,1,Drama,42.79,14.26,High,2,Active,0,Retained,0.0
9064a593-c430-4ce4-be40-2fce743f1440,64,56+,Male,Africa,Laptop,Standard,13.99,167.88,Debit Card,1,Drama,7.6,0.17,Medium,44,At Risk,1,Churned,13.99
3513193b-7a3b-4f79-8c6c-0fdeec771f7c,60,56+,Other,Europe,TV,Premium,17.99,215.88,Credit Card,2,Documentary,8.4,0.16,Low,53,At Risk,1,Churned,17.99
b906246e-44aa-441f-85c5-fc2aa946b0cb,59,56+,Female,South America,Laptop,Standard,13.99,167.88,Crypto,5,Romance,29.55,29.55,High,0,Active,0,Retained,0.0
05b8250f-403e-455e-8588-acfd28455970,18,18-25,Female,Africa,Desktop,Standard,13.99,167.88,Crypto,5,Comedy,6.99,0.15,Low,46,At Risk,1,Churned,13.99
43fb462c-015a-4412-ab1e-61798120a503,61,56+,Female,North America,TV,Premium,17.99,215.88,PayPal,5,Sci-Fi,0.78,0.02,Low,33,At Risk,1,Churned,17.99
5e9407b5-aba7-4f9b-a6ce-7c7d5b22d0c1,65,56+,Male,Asia,Mobile,Premium,17.99,215.88,PayPal,2,Action,31.99,0.55,High,57,At Risk,0,Retained,0.0
079d4971-f869-4eb4-9d75-a43a98c3df95,48,46-55,Male,North America,Tablet,Standard,13.99,167.88,PayPal,2,Drama,6.71,0.14,Low,46,At Risk,1,Churned,13.99
1e25499f-f040-4626-b6d9-a923812d8aa1,22,18-25,Female,Europe,Laptop,Premium,17.99,215.88,Credit Card,5,Sci-Fi,14.35,7.17,High,1,Active,0,Retained,0.0
1ce4b8f6-4a3b-433e-b6df-03b90ab10530,39,36-45,Male,Europe,Desktop,Basic,8.99,107.88,Gift Card,2,Documentary,6.04,0.16,Low,37,At Risk,1,Churned,8.99
04c15b59-8639-4ca1-a09c-b3cdf6cd26e9,29,26-35,Female,Europe,Mobile,Premium,17.99,215.88,Debit Card,3,Horror,8.87,0.21,Medium,41,At Risk,1,Churned,17.99
9c9bcf2e-647a-4b9f-a950-dbec36feafd2,50,46-55,Male,South America,TV,Basic,8.99,107.88,Crypto,2,Sci-Fi,20.96,0.51,Medium,40,At Risk,0,Retained,0.0
b7b3766d-a554-4590-930c-4fac22ad5609,65,56+,Female,Africa,Tablet,Basic,8.99,107.88,Gift Card,1,Comedy,1.64,0.04,Low,43,At Risk,1,Churned,8.99
a7bce00c-ce93-4774-b7aa-19c634036995,63,56+,Other,Asia,TV,Premium,17.99,215.88,Crypto,1,Horror,51.75,1.67,High,30,At Risk,0,Retained,0.0
22576ce0-1d98-41da-818e-272c0718c042,43,36-45,Other,South America,Mobile,Standard,13.99,167.88,Debit Card,5,Documentary,5.12,0.19,Medium,26,At Risk,0,Retained,0.0
0d2a0b24-a292-4470-b7b3-ef99948c12ed,46,46-55,Other,Europe,TV,Premium,17.99,215.88,Debit Card,1,Drama,10.37,0.3,Medium,34,At Risk,1,Churned,17.99
682fdf52-1ebf-4d53-a4b0-141a586bd183,39,36-45,Female,Africa,Tablet,Basic,8.99,107.88,Credit Card,5,Documentary,2.44,0.06,Low,43,At Risk,1,Churned,8.99
7e3cf4e1-5524-4c58-9e6f-181025287358,33,26-35,Other,Europe,Laptop,Premium,17.99,215.88,Debit Card,2,Sci-Fi,1.97,0.03,Low,60,At Risk,1,Churned,17.99
7dc4b049-4b46-484c-8424-bdcc319c961a,54,46-55,Male,Asia,Desktop,Basic,8.99,107.88,Credit Card,2,Action,2.41,0.13,Low,18,Active,1,Churned,8.99
778255d3-5584-4006-8e97-c9256d319ebe,50,46-55,Other,South America,Laptop,Standard,13.99,167.88,Gift Card,1,Horror,4.03,2.02,High,1,Active,0,Retained,0.0
c2228620-0aeb-4528-9afb-6c5acf3a4584,50,46-55,Female,Asia,TV,Premium,17.99,215.88,PayPal,1,Action,19.01,2.72,High,6,Active,0,Retained,0.0
c9fe7a97-ae87-4846-99cc-dffc804d029e,49,46-55,Other,Oceania,Desktop,Standard,13.99,167.88,Crypto,4,Action,2.33,0.06,Low,41,At Risk,1,Churned,13.99
70b56f5e-a3c0-404d-99d8-7aa2814b5a4d,35,26-35,Female,Europe,TV,Basic,8.99,107.88,PayPal,5,Comedy,30.91,1.29,High,23,At Risk,0,Retained,0.0
95fb8941-2b7c-429c-a1d6-d142fcebae4b,18,18-25,Female,South America,Desktop,Standard,13.99,167.88,Gift Card,3,Documentary,1.59,0.14,Low,10,Active,1,Churned,13.99
d0eea795-1f4e-4edb-9bd6-d37816cef777,18,18-25,Female,Europe,Desktop,Standard,13.99,167.88,Debit Card,4,Sci-Fi,1.48,0.05,Low,27,At Risk,0,Retained,0.0
c8778c91-31b9-4288-8522-0fc97992be4e,28,26-35,Female,Asia,TV,Basic,8.99,107.88,PayPal,2,Comedy,9.2,1.15,High,7,Active,0,Retained,0.0
21a219c6-4cd0-4da5-aea7-20e42999e21a,18,18-25,Other,North America,Tablet,Basic,8.99,107.88,PayPal,5,Comedy,12.33,0.54,High,22,At Risk,0,Retained,0.0
5561ccd8-e146-49f5-8565-f3592b99c120,57,56+,Male,Europe,Desktop,Standard,13.99,167.88,Gift Card,2,Drama,1.24,0.03,Low,37,At Risk,1,Churned,13.99
702ab0a5-683f-47fa-b391-95acd2d54a89,51,46-55,Other,Asia,TV,Basic,8.99,107.88,Crypto,2,Horror,0.3,0.01,Low,58,At Risk,1,Churned,8.99
1f1887b9-f6a0-4e02-bdde-ca416a4c59ed,65,56+,Male,Europe,Desktop,Basic,8.99,107.88,Crypto,4,Horror,24.31,0.93,High,25,At Risk,0,Retained,0.0
4441c4ff-a006-4c5a-98d4-31e630b35f3c,22,18-25,Male,North America,Mobile,Standard,13.99,167.88,Debit Card,4,Documentary,13.64,0.72,High,18,Active,0,Retained,0.0
f74ff24c-51f6-475d-bf10-78327965060f,59,56+,Other,South America,Desktop,Premium,17.99,215.88,Debit Card,4,Comedy,4.17,2.08,High,1,Active,0,Retained,0.0
fb637754-0acb-469f-adc6-8f653eb28048,29,26-35,Female,Europe,Mobile,Premium,17.99,215.88,PayPal,5,Horror,9.33,0.93,High,9,Active,0,Retained,0.0
82c7d813-e397-4de4-8100-fc27da80fd7f,59,56+,Male,North America,Mobile,Premium,17.99,215.88,Credit Card,5,Action,31.05,7.76,High,3,Active,0,Retained,0.0
0f1b36d1-4484-445c-b533-065818d12a59,19,18-25,Male,South America,Tablet,Premium,17.99,215.88,Crypto,5,Drama,3.28,0.11,Low,30,At Risk,1,Churned,17.99
3bd93596-85f5-4e95-bd11-1c6f0b3cd87d,61,56+,Female,North America,Mobile,Standard,13.99,167.88,Credit Card,2,Comedy,30.0,0.59,High,50,At Risk,0,Retained,0.0
a5d3af2e-027f-4ff1-811c-5b08b95aa234,34,26-35,Male,Africa,Desktop,Basic,8.99,107.88,Crypto,4,Comedy,11.2,0.23,Medium,48,At Risk,1,Churned,8.99
2d38083f-cfad-40b3-8343-c572f3d841d8,23,18-25,Male,Oceania,Laptop,Standard,13.99,167.88,Credit Card,5,Documentary,23.96,0.73,High,32,At Risk,0,Retained,0.0
a954f81c-754f-4b5b-bf48-510a882ae1e6,66,56+,Female,Oceania,Mobile,Basic,8.99,107.88,Crypto,3,Action,0.74,0.03,Low,27,At Risk,1,Churned,8.99
94efcb70-ed00-4597-ad2b-cb64e70c3fac,59,56+,Male,Europe,TV,Standard,13.99,167.88,Credit Card,5,Comedy,9.77,0.32,Medium,30,At Risk,0,Retained,0.0
6e4d182d-a3ce-4477-bc55-af71b882893a,22,18-25,Female,Oceania,Desktop,Premium,17.99,215.88,Debit Card,1,Comedy,5.64,0.19,Medium,29,At Risk,0,Retained,0.0
135cfb15-52a8-4e74-8383-7a65f8c1bd7c,62,56+,Female,Africa,Mobile,Basic,8.99,107.88,Gift Card,1,Comedy,6.69,0.22,Medium,30,At Risk,1,Churned,8.99
c013d89c-ded5-477f-a7a1-82f17a4bc821,44,36-45,Female,Africa,Laptop,Premium,17.99,215.88,PayPal,1,Documentary,18.89,1.57,High,11,Active,0,Retained,0.0
d202349e-dd45-42e7-84a9-fa604082763f,65,56+,Female,South America,TV,Basic,8.99,107.88,Debit Card,2,Romance,26.98,26.98,High,0,Active,0,Retained,0.0
fd689478-3167-465d-b35c-2f2238dec6b1,31,26-35,Other,Europe,Tablet,Premium,17.99,215.88,Gift Card,1,Drama,16.79,0.39,Medium,42,At Risk,1,Churned,17.99
f05696ed-c46f-44f2-9356-17a9b6de2f88,53,46-55,Other,Africa,TV,Premium,17.99,215.88,Gift Card,1,Sci-Fi,7.79,3.9,High,1,Active,0,Retained,0.0
ef22bb3e-f5d3-495a-9e74-c6589bd524fb,28,26-35,Female,Europe,Tablet,Standard,13.99,167.88,Crypto,3,Comedy,25.72,0.42,Medium,60,At Risk,0,Retained,0.0
4213e867-3c80-4fd0-b3c6-e2541d2c96ed,58,56+,Female,Asia,Tablet,Premium,17.99,215.88,Crypto,1,Comedy,2.91,0.16,Low,17,Active,1,Churned,17.99
c07e896d-752f-4841-9fa4-aa8c9ed4acf5,36,36-45,Female,South America,Mobile,Premium,17.99,215.88,Credit Card,2,Documentary,13.32,0.29,Medium,45,At Risk,1,Churned,17.99
faaf8bca-8e08-486c-8968-51c445f22219,66,56+,Other,South America,Tablet,Premium,17.99,215.88,Credit Card,1,Comedy,0.15,0.0,Low,44,At Risk,1,Churned,17.99
1abb50cc-2669-4928-88c7-d4ab9d4c4481,57,56+,Other,Africa,TV,Basic,8.99,107.88,PayPal,4,Documentary,4.59,0.08,Low,54,At Risk,1,Churned,8.99
ebcedfc0-ae7b-4860-ad1e-3546b9425f43,47,46-55,Other,South America,Mobile,Basic,8.99,107.88,PayPal,2,Comedy,39.78,2.34,High,16,Active,0,Retained,0.0
0e09d94c-15d8-4621-bb91-7439249d7087,67,56+,Male,Oceania,Tablet,Standard,13.99,167.88,PayPal,2,Comedy,10.29,0.23,Medium,44,At Risk,1,Churned,13.99
ac7d370b-5d58-4576-b476-0b9bc78e8750,33,26-35,Male,North America,Desktop,Standard,13.99,167.88,PayPal,4,Action,14.5,0.24,Medium,60,At Risk,0,Retained,0.0
4b38a420-d599-48b2-9b49-b4d3ddfa370b,22,18-25,Male,Africa,Laptop,Premium,17.99,215.88,PayPal,5,Drama,33.82,1.3,High,25,At Risk,0,Retained,0.0
068d3ec3-4558-4ce6-9c85-06f657b6bd3f,19,18-25,Other,North America,Mobile,Standard,13.99,167.88,Debit Card,4,Sci-Fi,13.27,0.37,Medium,35,At Risk,0,Retained,0.0
ca2c759f-eb04-494f-8fc1-cd125bf44244,42,36-45,Female,Europe,Laptop,Premium,17.99,215.88,Credit Card,1,Comedy,2.22,0.05,Low,40,At Risk,1,Churned,17.99
04bde8d7-e8ac-4858-811e-4d2ed879f3b2,23,18-25,Male,Europe,TV,Basic,8.99,107.88,PayPal,4,Romance,17.27,1.57,High,10,Active,0,Retained,0.0
731179a6-acc0-4d35-8dff-4ab8a6a427d0,23,18-25,Male,Africa,Desktop,Premium,17.99,215.88,Debit Card,4,Action,4.93,0.13,Low,38,At Risk,1,Churned,17.99
ea275892-9e6a-4ea7-bff4-2fd8e8b52e9a,61,56+,Other,Oceania,Mobile,Basic,8.99,107.88,Crypto,2,Action,4.71,0.52,High,8,Active,1,Churned,8.99
a2405e26-4977-4666-96f0-555b63ef33f5,20,18-25,Female,South America,Mobile,Standard,13.99,167.88,Debit Card,4,Sci-Fi,2.43,0.05,Low,48,At Risk,1,Churned,13.99
3585efe7-1d69-4db5-ac08-839a0e8df609,56,56+,Female,Asia,TV,Basic,8.99,107.88,Crypto,3,Romance,2.86,0.05,Low,58,At Risk,1,Churned,8.99
9fd6430d-c973-4120-8dc5-d4f4bd8b2973,61,56+,Male,Africa,Laptop,Standard,13.99,167.88,PayPal,3,Documentary,2.19,0.04,Low,48,At Risk,1,Churned,13.99
535accfb-6771-4dc9-98aa-94a627c9d53a,50,46-55,Male,South America,Laptop,Basic,8.99,107.88,Crypto,5,Documentary,4.46,0.14,Low,31,At Risk,1,Churned,8.99
e90ac329-d5ca-425a-8ee5-e4d465f17cf1,31,26-35,Male,Africa,Tablet,Standard,13.99,167.88,Gift Card,4,Comedy,10.69,0.51,Medium,20,Active,0,Retained,0.0
a69c4c3d-1d84-4a11-afbf-096c2d9d4746,59,56+,Other,Africa,TV,Basic,8.99,107.88,PayPal,1,Comedy,8.26,0.21,Medium,39,At Risk,1,Churned,8.99
089923b3-af5c-4e4d-a9ae-44fdc09c96ed,23,18-25,Other,Asia,Mobile,Premium,17.99,215.88,PayPal,1,Sci-Fi,4.05,0.37,Medium,10,Active,1,Churned,17.99
bb281009-8f9e-4de8-a2be-18ead738858e,40,36-45,Male,Europe,Tablet,Standard,13.99,167.88,PayPal,1,Horror,1.11,0.05,Low,20,Active,1,Churned,13.99
4faf647b-445b-40e8-a4cc-322e3c0cf8c1,41,36-45,Other,South America,Laptop,Standard,13.99,167.88,Gift Card,2,Horror,6.01,0.4,Medium,14,Active,0,Retained,0.0
5e0c466c-778c-4fc4-959f-c9c585c28e03,62,56+,Female,Asia,TV,Standard,13.99,167.88,Credit Card,1,Sci-Fi,1.12,0.03,Low,42,At Risk,1,Churned,13.99
10fb9dda-dcb6-4f56-a21a-48efd69b6947,52,46-55,Female,Asia,Desktop,Standard,13.99,167.88,Credit Card,5,Comedy,13.19,0.69,High,18,Active,0,Retained,0.0
43a2287a-3941-451d-9039-112f75a510ab,70,56+,Male,Africa,Mobile,Premium,17.99,215.88,Crypto,4,Sci-Fi,15.29,0.35,Medium,43,At Risk,1,Churned,17.99
bedcd2ac-2dd8-4df1-85c4-3b099174e2e3,20,18-25,Male,Africa,TV,Standard,13.99,167.88,PayPal,4,Horror,22.07,0.55,High,39,At Risk,0,Retained,0.0
8196b73c-db52-4aed-b976-cbaa245c008b,51,46-55,Other,Asia,TV,Basic,8.99,107.88,Credit Card,2,Drama,10.44,0.25,Medium,40,At Risk,1,Churned,8.99
c97606a8-478f-4114-aca0-fa17084ef4b3,51,46-55,Female,North America,TV,Premium,17.99,215.88,Crypto,2,Horror,2.62,0.07,Low,37,At Risk,1,Churned,17.99
08bcd88f-9bc2-4463-bc5f-498b5a3e6c27,20,18-25,Other,North America,TV,Standard,13.99,167.88,PayPal,1,Sci-Fi,5.41,0.14,Low,38,At Risk,1,Churned,13.99
9f0232a1-f6d5-4ab9-bdb4-8258c05c7d63,62,56+,Other,Europe,TV,Basic,8.99,107.88,PayPal,5,Comedy,17.15,0.69,High,24,At Risk,0,Retained,0.0
19e36af2-7843-4b27-9fd1-32169a2da1fa,48,46-55,Male,Europe,Tablet,Standard,13.99,167.88,PayPal,4,Romance,1.14,0.09,Low,11,Active,0,Retained,0.0
1d9e1a86-6cb4-4b0e-8c0b-8e4aad38184f,50,46-55,Male,North America,Desktop,Premium,17.99,215.88,Credit Card,2,Documentary,20.04,0.53,High,37,At Risk,0,Retained,0.0
e4c81362-e709-4351-aab3-69e8a590ef40,48,46-55,Male,South America,Laptop,Basic,8.99,107.88,Gift Card,5,Sci-Fi,34.77,1.45,High,23,At Risk,0,Retained,0.0
b62a8e36-a7a1-434b-bc18-f55f6d0569c5,45,36-45,Other,Africa,Laptop,Basic,8.99,107.88,PayPal,1,Comedy,8.87,1.48,High,5,Active,0,Retained,0.0
0ec75c65-a599-4e39-8878-3455437f38d3,49,46-55,Female,Oceania,TV,Standard,13.99,167.88,Gift Card,1,Horror,18.79,1.57,High,11,Active,0,Retained,0.0
4f9ba8fb-4fe1-4c92-996a-313e16e6a939,54,46-55,Other,Europe,Laptop,Standard,13.99,167.88,Gift Card,5,Horror,0.72,0.72,High,0,Active,0,Retained,0.0
15dd5aab-02a9-4353-b946-129f72a1560b,63,56+,Other,Asia,Mobile,Standard,13.99,167.88,Crypto,2,Documentary,1.97,0.09,Low,21,At Risk,1,Churned,13.99
db495161-ed07-4cd1-82d4-50a9e4c8c5c0,25,18-25,Female,North America,Mobile,Standard,13.99,167.88,PayPal,4,Comedy,7.36,3.68,High,1,Active,0,Retained,0.0
bb9475e9-1a35-46a1-908e-0fcbca2b075d,29,26-35,Other,Africa,Mobile,Standard,13.99,167.88,Credit Card,5,Drama,14.85,0.37,Medium,39,At Risk,0,Retained,0.0
bab5dc46-e42e-406c-bcde-6ec042c2379b,68,56+,Other,South America,TV,Premium,17.99,215.88,Crypto,4,Documentary,11.27,0.21,Medium,52,At Risk,1,Churned,17.99
3be193c1-71c9-4feb-8146-f7c113153a5e,41,36-45,Female,Asia,Tablet,Basic,8.99,107.88,Crypto,1,Sci-Fi,11.55,0.2,Medium,57,At Risk,1,Churned,8.99
067df9b8-5818-4c62-b69c-7d52b011a2ee,35,26-35,Other,South America,Mobile,Premium,17.99,215.88,Credit Card,2,Horror,2.41,0.05,Low,49,At Risk,1,Churned,17.99
e096d116-d8cc-473d-aca9-e8f785e96471,59,56+,Other,Oceania,Laptop,Basic,8.99,107.88,Credit Card,4,Romance,2.58,0.05,Low,54,At Risk,1,Churned,8.99
a354f784-6051-47cd-9266-f9f76ae17cf9,29,26-35,Male,South America,Tablet,Basic,8.99,107.88,PayPal,3,Horror,5.94,0.15,Low,38,At Risk,1,Churned,8.99
1d46a6b0-f972-4e84-b7e5-53c37d927a82,55,46-55,Other,Africa,Tablet,Standard,13.99,167.88,Debit Card,5,Documentary,47.33,1.69,High,27,At Risk,0,Retained,0.0
30c6845d-fcd3-4100-be4a-6939a129e80d,28,26-35,Other,North America,Laptop,Basic,8.99,107.88,Credit Card,5,Romance,1.58,0.06,Low,27,At Risk,1,Churned,8.99
ad1f7c5d-8ae0-47c9-b206-7c8815ae90c8,48,46-55,Female,South America,Tablet,Standard,13.99,167.88,Credit Card,1,Action,5.49,0.16,Low,33,At Risk,1,Churned,13.99
d2e9c9a4-1ffa-4197-a19a-bfc1ba75e82e,45,36-45,Female,Oceania,Desktop,Standard,13.99,167.88,Crypto,1,Comedy,0.26,0.04,Low,5,Active,1,Churned,13.99
789a8aba-0b46-435e-a7a7-903883ab845d,21,18-25,Other,Oceania,Desktop,Premium,17.99,215.88,PayPal,3,Drama,8.16,0.16,Low,49,At Risk,1,Churned,17.99
4cadb250-9598-41b1-9aa5-b69f7c146ac3,54,46-55,Male,Africa,Tablet,Premium,17.99,215.88,Crypto,3,Action,5.47,0.27,Medium,19,Active,0,Retained,0.0
110faa05-b3a5-4946-93c0-4d7e014cf3d4,23,18-25,Other,North America,Laptop,Premium,17.99,215.88,Crypto,5,Horror,4.59,0.13,Low,35,At Risk,1,Churned,17.99
8408aa81-381c-4653-ad47-eff2475f2fe6,24,18-25,Male,Africa,Tablet,Basic,8.99,107.88,PayPal,2,Drama,14.73,0.46,Medium,31,At Risk,1,Churned,8.99
846071b8-3512-4c74-8ce2-29621445a8e0,69,56+,Female,North America,Desktop,Premium,17.99,215.88,Debit Card,4,Drama,50.94,0.85,High,59,At Risk,0,Retained,0.0
aee0bad7-f0d3-4485-af23-b9e4dfa52fd4,19,18-25,Female,Africa,TV,Standard,13.99,167.88,Crypto,3,Documentary,12.01,12.01,High,0,Active,0,Retained,0.0
85c2635d-3904-4955-b4fe-1467211e58d9,48,46-55,Female,Oceania,Desktop,Premium,17.99,215.88,Debit Card,1,Comedy,55.75,2.42,High,22,At Risk,0,Retained,0.0
8a651951-8fd2-431e-968d-ed0041ad09cd,37,36-45,Other,South America,TV,Premium,17.99,215.88,Crypto,5,Sci-Fi,3.58,0.11,Low,33,At Risk,1,Churned,17.99
33a5ffac-c883-407a-9910-f24995588d22,30,26-35,Other,Oceania,Laptop,Premium,17.99,215.88,Credit Card,5,Romance,14.88,0.88,High,16,Active,0,Retained,0.0
5f236990-4ea0-4f3d-bad9-81da221f49ab,50,46-55,Other,Asia,Desktop,Premium,17.99,215.88,Debit Card,1,Horror,10.01,0.2,Medium,48,At Risk,1,Churned,17.99
66fb3011-2fb9-4506-8854-e332308091c2,23,18-25,Other,South America,Mobile,Standard,13.99,167.88,Gift Card,3,Romance,36.88,0.7,High,52,At Risk,0,Retained,0.0
de3fea5a-0bac-47ec-8304-83c1f89f049e,18,18-25,Female,Africa,Desktop,Standard,13.99,167.88,Crypto,5,Documentary,13.02,1.86,High,6,Active,0,Retained,0.0
f88695e3-3887-4837-b06e-44545116971b,69,56+,Other,South America,Laptop,Premium,17.99,215.88,Crypto,4,Action,5.07,0.2,Medium,25,At Risk,0,Retained,0.0
25786b48-b57f-43d4-8a62-b852aa91d6eb,40,36-45,Male,Africa,TV,Standard,13.99,167.88,Credit Card,3,Drama,3.58,0.16,Low,21,At Risk,1,Churned,13.99
d01b5f38-e5e2-424a-bf0f-65f51fc1d64c,33,26-35,Other,Europe,Laptop,Basic,8.99,107.88,PayPal,3,Sci-Fi,10.34,0.49,Medium,20,Active,0,Retained,0.0
c480d2b5-7843-47fb-94c0-9f40c6c3d562,32,26-35,Male,South America,Tablet,Standard,13.99,167.88,PayPal,3,Comedy,40.69,1.7,High,23,At Risk,0,Retained,0.0
5cd95d80-f5f2-405a-b630-3b517d652c66,36,36-45,Other,Oceania,Laptop,Basic,8.99,107.88,PayPal,2,Action,8.32,0.4,Medium,20,Active,0,Retained,0.0
249f226e-b40a-41f9-93a2-32a9504d7dd9,33,26-35,Other,Europe,TV,Premium,17.99,215.88,Gift Card,1,Comedy,13.25,1.2,High,10,Active,0,Retained,0.0
207f3314-e691-4165-9db7-11d5209f16b8,39,36-45,Other,Europe,Mobile,Basic,8.99,107.88,Gift Card,1,Horror,11.55,1.05,High,10,Active,0,Retained,0.0
485e76bb-675c-4eb5-b1e2-82a4934adc5f,28,26-35,Female,North America,Desktop,Basic,8.99,107.88,PayPal,1,Drama,2.47,0.07,Low,37,At Risk,1,Churned,8.99
d6e2c3f2-1b15-47fc-a1db-49862399a770,44,36-45,Male,North America,Laptop,Premium,17.99,215.88,Gift Card,4,Drama,41.31,0.68,High,60,At Risk,0,Retained,0.0
daddb68f-42a4-46d6-aa0a-39a8dec340f8,34,26-35,Female,Europe,Tablet,Basic,8.99,107.88,Credit Card,5,Action,7.71,0.23,Medium,32,At Risk,1,Churned,8.99
001b5926-1113-493d-80a4-f09012f2f43b,24,18-25,Female,Oceania,Mobile,Basic,8.99,107.88,Gift Card,4,Romance,2.3,0.06,Low,37,At Risk,1,Churned,8.99
fe3f068b-304f-4982-adbc-b2d992a4dfba,59,56+,Other,Oceania,Laptop,Standard,13.99,167.88,Debit Card,3,Sci-Fi,8.76,0.73,High,11,Active,0,Retained,0.0
534a8d77-57a7-4b82-a0ff-f55952dc55b1,32,26-35,Male,Oceania,Mobile,Standard,13.99,167.88,PayPal,4,Drama,2.81,0.14,Low,19,Active,0,Retained,0.0
30918cb9-5f0f-453f-a5ce-88069390debc,52,46-55,Other,Oceania,Desktop,Basic,8.99,107.88,Gift Card,5,Sci-Fi,19.21,0.62,High,30,At Risk,0,Retained,0.0
c2d3c910-2a29-4ae5-9f49-238b32cd2b34,46,46-55,Male,South America,Tablet,Premium,17.99,215.88,Crypto,5,Horror,27.63,0.95,High,28,At Risk,0,Retained,0.0
4bac5430-7ecd-45e2-99ba-f2c89c88edce,19,18-25,Male,Oceania,Desktop,Standard,13.99,167.88,Debit Card,2,Documentary,4.71,0.26,Medium,17,Active,1,Churned,13.99
01758428-1a21-4640-8f6c-36c669b35b03,23,18-25,Male,Africa,TV,Basic,8.99,107.88,PayPal,1,Documentary,7.33,0.35,Medium,20,Active,1,Churned,8.99
f6b290df-1d8b-42d8-9aac-5b19f94e441f,69,56+,Female,Africa,Tablet,Standard,13.99,167.88,Crypto,5,Sci-Fi,2.78,0.1,Low,28,At Risk,1,Churned,13.99
1e1a8c33-1975-4586-b9e5-62c598f1ec78,24,18-25,Male,Oceania,Tablet,Standard,13.99,167.88,Debit Card,1,Drama,9.02,0.64,High,13,Active,0,Retained,0.0
d2a0a7b8-a6c8-47cc-832f-000b87721bca,65,56+,Female,North America,TV,Basic,8.99,107.88,PayPal,4,Action,20.0,0.74,High,26,At Risk,0,Retained,0.0
5f2c7678-c330-4a6e-ab6b-2aa6446621e5,59,56+,Female,South America,Desktop,Premium,17.99,215.88,Crypto,2,Documentary,6.0,0.67,High,8,Active,0,Retained,0.0
f67de85d-948d-472f-ac82-35eeddb732b1,46,46-55,Female,Africa,Laptop,Premium,17.99,215.88,Debit Card,2,Horror,4.65,0.39,Medium,11,Active,1,Churned,17.99
c86cc60f-22f1-4233-829a-59d67a049bc7,70,56+,Male,Europe,Tablet,Basic,8.99,107.88,PayPal,1,Action,6.86,0.12,Low,58,At Risk,1,Churned,8.99
dbf49e6b-5487-4076-ad57-58e87c51afdc,64,56+,Female,South America,Laptop,Basic,8.99,107.88,Gift Card,5,Action,5.78,0.25,Medium,22,At Risk,0,Retained,0.0
e67ca5f6-85c4-44d9-b257-120a96520964,22,18-25,Female,Oceania,Desktop,Premium,17.99,215.88,Debit Card,5,Horror,1.7,0.08,Low,20,Active,0,Retained,0.0
a50f0102-dae4-47af-b71f-bbe15439c86b,21,18-25,Female,South America,Tablet,Basic,8.99,107.88,Credit Card,3,Romance,23.24,2.11,High,10,Active,0,Retained,0.0
e6883a9e-8210-4351-9acd-cd814c82f075,53,46-55,Female,Africa,Tablet,Basic,8.99,107.88,Debit Card,4,Documentary,33.71,0.78,High,42,At Risk,0,Retained,0.0
df29e495-0935-4eb2-8330-15d416f94131,30,26-35,Other,Africa,Desktop,Standard,13.99,167.88,Crypto,5,Drama,3.79,0.18,Medium,20,Active,1,Churned,13.99
2f4ba72c-20a1-4e4c-be17-4cdcb85aed84,54,46-55,Male,Europe,Mobile,Basic,8.99,107.88,Credit Card,2,Action,8.09,0.4,Medium,19,Active,0,Retained,0.0
7f42c766-a854-4c9c-890e-fe4aa2e468d8,54,46-55,Other,South America,Tablet,Premium,17.99,215.88,Debit Card,1,Documentary,7.4,0.14,Low,52,At Risk,1,Churned,17.99
a0a99e1e-afe1-4f6a-9435-828c93f0423b,33,26-35,Other,Europe,Tablet,Standard,13.99,167.88,PayPal,5,Sci-Fi,7.87,0.18,Medium,42,At Risk,0,Retained,0.0
d6517555-2524-4794-8793-69011d3f7527,70,56+,Male,Asia,TV,Basic,8.99,107.88,Crypto,1,Action,6.01,0.43,Medium,13,Active,1,Churned,8.99
302a7a07-2d07-4d15-aa7c-e8000c97f321,49,46-55,Other,North America,Mobile,Basic,8.99,107.88,Credit Card,3,Sci-Fi,53.75,0.96,High,55,At Risk,0,Retained,0.0
1ac33b59-9ffa-45ea-bce9-95b004d48235,53,46-55,Male,Asia,Mobile,Premium,17.99,215.88,Crypto,5,Horror,4.69,0.52,High,8,Active,0,Retained,0.0
0c77bb21-f163-4c27-b2d7-cd3691c0d932,60,56+,Female,Asia,Mobile,Basic,8.99,107.88,Crypto,2,Horror,3.49,0.15,Low,22,At Risk,1,Churned,8.99
fffbf94b-2308-4687-a8bb-12e0347a511d,37,36-45,Male,Oceania,TV,Premium,17.99,215.88,Credit Card,2,Sci-Fi,7.16,0.55,High,12,Active,0,Retained,0.0
38c0cb0d-73e5-492d-86ae-af609fdc20f3,55,46-55,Other,Asia,Laptop,Premium,17.99,215.88,Gift Card,2,Comedy,18.87,0.32,Medium,58,At Risk,1,Churned,17.99
436e88e3-310d-4e5c-993d-2c984387b918,65,56+,Other,Asia,TV,Basic,8.99,107.88,PayPal,1,Sci-Fi,1.68,0.42,Medium,3,Active,1,Churned,8.99
c069c37d-b02d-4509-b039-bf16d73d22fb,18,18-25,Male,Asia,TV,Standard,13.99,167.88,Crypto,2,Horror,0.64,0.03,Low,18,Active,1,Churned,13.99
33208f6c-63b0-473e-ab21-97527b057c83,38,36-45,Other,Asia,TV,Standard,13.99,167.88,Credit Card,3,Romance,17.05,0.49,Medium,34,At Risk,1,Churned,13.99
5a2186bb-646a-4b19-8c83-54a103376f3e,69,56+,Male,North America,Mobile,Basic,8.99,107.88,Credit Card,5,Drama,14.35,0.28,Medium,50,At Risk,1,Churned,8.99
3710e889-665a-4e74-82b4-84338bbd4ec5,59,56+,Male,Africa,Desktop,Standard,13.99,167.88,Debit Card,1,Action,1.65,0.03,Low,53,At Risk,1,Churned,13.99
ff1360fb-906c-459e-b73c-dbe79d6c0bba,20,18-25,Male,Oceania,Mobile,Standard,13.99,167.88,PayPal,1,Sci-Fi,13.57,0.29,Medium,45,At Risk,1,Churned,13.99
4597d5ab-47a9-4d12-80a8-0babe6446f8d,30,26-35,Female,Europe,Tablet,Basic,8.99,107.88,Credit Card,2,Romance,10.64,3.55,High,2,Active,0,Retained,0.0
54f85781-8e1c-4902-864e-01c6f423bb3c,49,46-55,Female,North America,Mobile,Basic,8.99,107.88,Credit Card,4,Drama,1.73,0.06,Low,28,At Risk,1,Churned,8.99
5f1e4fd7-5fd5-4d17-9506-07d94708a5a6,70,56+,Other,Oceania,TV,Basic,8.99,107.88,Crypto,5,Romance,1.33,0.02,Low,54,At Risk,1,Churned,8.99
3159a3b9-ff3a-4ecd-976b-44e795002c17,25,18-25,Other,Africa,Desktop,Standard,13.99,167.88,Credit Card,4,Romance,16.76,0.31,Medium,53,At Risk,0,Retained,0.0
727a57d8-56dd-4b96-8e01-c0841ed37406,28,26-35,Other,South America,Mobile,Basic,8.99,107.88,Gift Card,3,Drama,14.14,0.83,High,16,Active,0,Retained,0.0
1a613704-dbee-4a93-b9d1-7949da2b1aab,59,56+,Male,Europe,Mobile,Standard,13.99,167.88,Gift Card,4,Horror,0.98,0.05,Low,19,Active,1,Churned,13.99
ce69dec0-1f59-4584-ae9b-509c66fb056a,61,56+,Other,South America,TV,Standard,13.99,167.88,Debit Card,4,Romance,0.94,0.05,Low,19,Active,0,Retained,0.0
00bdfac1-c682-408a-b6e1-73fdbfd9453c,39,36-45,Female,South America,Laptop,Premium,17.99,215.88,Gift Card,3,Action,11.83,0.21,Medium,55,At Risk,1,Churned,17.99
2a4fafb1-ea01-4a1b-aacc-a09cf8eb1040,37,36-45,Other,North America,Mobile,Basic,8.99,107.88,Gift Card,4,Horror,55.15,0.92,High,59,At Risk,0,Retained,0.0
a8725398-953d-4250-af9d-f99ecb96b562,18,18-25,Other,Asia,Tablet,Premium,17.99,215.88,Crypto,4,Comedy,46.06,0.79,High,57,At Risk,0,Retained,0.0
3160aa58-0bf6-4e81-a1af-51903f0c0588,65,56+,Female,Oceania,Mobile,Standard,13.99,167.88,Crypto,2,Horror,70.99,1.92,High,36,At Risk,0,Retained,0.0
762e1664-e032-49bd-b40b-6ffc62b9f79d,65,56+,Other,Europe,Laptop,Standard,13.99,167.88,Debit Card,5,Sci-Fi,20.56,1.87,High,10,Active,0,Retained,0.0
8965ad72-c8b5-478a-879e-8136cdd2b134,46,46-55,Other,South America,Desktop,Premium,17.99,215.88,Credit Card,5,Drama,4.14,0.1,Low,42,At Risk,1,Churned,17.99
40d27e9f-dd96-4b7b-b4c1-b9e098c71542,32,26-35,Other,Europe,Tablet,Standard,13.99,167.88,Debit Card,5,Action,14.48,0.26,Medium,55,At Risk,0,Retained,0.0
e26bf752-9b54-4ad5-95c0-ebfdd1985e6a,64,56+,Female,Oceania,Desktop,Basic,8.99,107.88,Gift Card,4,Romance,28.66,0.99,High,28,At Risk,0,Retained,0.0
dbe93e6b-0841-4e21-8651-6e8ecac62efc,46,46-55,Male,South America,Mobile,Standard,13.99,167.88,PayPal,1,Romance,8.79,0.16,Low,54,At Risk,1,Churned,13.99
4d0d9fe7-24e6-423a-909d-9842181b5945,41,36-45,Other,Asia,Tablet,Basic,8.99,107.88,PayPal,4,Romance,48.84,1.02,High,47,At Risk,0,Retained,0.0
6e59af78-eae8-4862-a459-ccb4bb6c9077,43,36-45,Male,South America,Desktop,Premium,17.99,215.88,Gift Card,4,Drama,6.6,0.55,High,11,Active,0,Retained,0.0
c0f1eefc-9a25-44f6-bf4b-85d606fd6b15,28,26-35,Female,North America,Tablet,Standard,13.99,167.88,Gift Card,4,Horror,0.34,0.01,Low,38,At Risk,1,Churned,13.99
ff85f5f5-218c-4a52-b148-7b8883f635aa,59,56+,Other,South America,Laptop,Premium,17.99,215.88,Debit Card,1,Romance,6.25,3.12,High,1,Active,0,Retained,0.0
17e2425b-34d9-4947-93ef-3f2d2f3ea259,69,56+,Female,Africa,Tablet,Standard,13.99,167.88,PayPal,3,Horror,6.08,0.13,Low,47,At Risk,1,Churned,13.99
c0afed78-fc9f-4375-a3a2-a4e02e01946f,30,26-35,Female,Asia,Tablet,Basic,8.99,107.88,Gift Card,2,Comedy,6.93,0.14,Low,50,At Risk,1,Churned,8.99
299e91ef-64c6-4cde-83d5-49b2c453eeb6,36,36-45,Female,Oceania,TV,Basic,8.99,107.88,PayPal,2,Comedy,17.32,0.49,Medium,34,At Risk,1,Churned,8.99
8303a039-6a27-43cf-9410-2bb30cd7df1a,64,56+,Female,North America,Tablet,Standard,13.99,167.88,Gift Card,3,Action,8.11,1.16,High,6,Active,0,Retained,0.0
a6ffb99c-83d7-4249-ad0f-6e34402a52d8,31,26-35,Other,Asia,Mobile,Standard,13.99,167.88,PayPal,5,Horror,12.62,0.44,Medium,28,At Risk,0,Retained,0.0
e4995385-d038-45d3-8363-db73a27d7469,19,18-25,Male,Africa,Tablet,Standard,13.99,167.88,Credit Card,3,Romance,3.45,0.18,Medium,18,Active,1,Churned,13.99
e30087d7-5154-4bed-b206-a5a3a8beb672,63,56+,Male,South America,Desktop,Standard,13.99,167.88,Debit Card,3,Sci-Fi,27.07,1.42,High,18,Active,0,Retained,0.0
c2385a8f-375b-4476-b78d-072cd47b996c,27,26-35,Other,South America,Mobile,Basic,8.99,107.88,PayPal,5,Comedy,71.38,2.16,High,32,At Risk,0,Retained,0.0
5a416884-375a-4442-b7c6-b480321dd6fd,57,56+,Male,South America,Laptop,Standard,13.99,167.88,Crypto,5,Comedy,3.64,0.1,Low,36,At Risk,1,Churned,13.99
b35d25da-2139-4003-95ae-4692112104fc,20,18-25,Other,Asia,Tablet,Standard,13.99,167.88,PayPal,3,Action,0.75,0.01,Low,53,At Risk,1,Churned,13.99
4a6f3042-0fd3-47d6-ba34-bac14e81e872,53,46-55,Male,Oceania,Laptop,Standard,13.99,167.88,Debit Card,4,Action,7.31,0.41,Medium,17,Active,0,Retained,0.0
e495cf16-e38d-4e9f-900c-2f4a9d00a0bb,49,46-55,Other,Asia,Tablet,Premium,17.99,215.88,Gift Card,4,Sci-Fi,7.69,1.54,High,4,Active,0,Retained,0.0
bdf58108-85ad-4ec0-b613-65576525b913,69,56+,Other,Asia,Desktop,Premium,17.99,215.88,Debit Card,4,Action,11.3,0.33,Medium,33,At Risk,0,Retained,0.0
a213aa66-7585-47f8-b1fa-3bd2bc3a1387,58,56+,Female,North America,TV,Premium,17.99,215.88,Gift Card,5,Romance,7.58,0.18,Medium,40,At Risk,1,Churned,17.99
3853a2be-416d-4b36-ab0f-1e9284166094,44,36-45,Male,Oceania,Tablet,Basic,8.99,107.88,Credit Card,3,Drama,12.76,0.3,Medium,41,At Risk,1,Churned,8.99
96c14d7e-0813-4f70-be22-9198e307cc5d,20,18-25,Male,Oceania,Tablet,Basic,8.99,107.88,Gift Card,4,Documentary,8.0,0.14,Low,58,At Risk,1,Churned,8.99
9cac0e48-698a-4808-9ca9-9601ff0bd4d2,67,56+,Female,Europe,Laptop,Standard,13.99,167.88,PayPal,5,Horror,16.06,0.85,High,18,Active,0,Retained,0.0
b2903ea6-d58c-4ffa-bf43-3e5e6a25ca06,69,56+,Male,South America,Tablet,Standard,13.99,167.88,Crypto,3,Drama,42.72,0.81,High,52,At Risk,0,Retained,0.0
edb9036d-95f9-4998-9910-78ba85869dbd,57,56+,Male,Asia,TV,Standard,13.99,167.88,Crypto,3,Romance,2.09,0.15,Low,13,Active,1,Churned,13.99
ac6eb271-0239-4957-b828-c89508fcfbea,62,56+,Male,Oceania,Desktop,Standard,13.99,167.88,Credit Card,2,Sci-Fi,7.31,0.27,Medium,26,At Risk,0,Retained,0.0
9721209e-3147-456f-a2c0-81d23b4cf822,34,26-35,Male,Oceania,Desktop,Standard,13.99,167.88,Crypto,3,Documentary,10.25,0.24,Medium,41,At Risk,1,Churned,13.99
f915a366-31c7-4a9e-9042-ca526c771219,23,18-25,Other,Europe,Laptop,Standard,13.99,167.88,Crypto,5,Comedy,3.1,0.24,Medium,12,Active,1,Churned,13.99
75532a22-9cd9-492c-8865-fa4ac7da2ec8,58,56+,Other,Europe,TV,Basic,8.99,107.88,Credit Card,3,Action,10.9,0.47,Medium,22,At Risk,0,Retained,0.0
44f3ba44-b95d-4e50-a786-bac4d06f4a43,19,18-25,Female,Europe,Desktop,Basic,8.99,107.88,Credit Card,4,Drama,49.17,4.1,High,11,Active,0,Retained,0.0
18779bcb-ba2b-41da-b751-e70b812061ec,67,56+,Female,North America,Desktop,Basic,8.99,107.88,PayPal,3,Documentary,9.24,3.08,High,2,Active,0,Retained,0.0
3f32e8c5-615b-4a3b-a864-db2688f7834f,66,56+,Male,South America,Desktop,Standard,13.99,167.88,Debit Card,2,Action,16.55,0.33,Medium,49,At Risk,1,Churned,13.99
7b0ad82d-6571-430e-90f4-906259e0e89c,59,56+,Female,Europe,Laptop,Basic,8.99,107.88,Credit Card,4,Sci-Fi,9.12,2.28,High,3,Active,0,Retained,0.0
82aeef39-ddb0-40ad-bae1-5c436e0cf042,57,56+,Male,Africa,Mobile,Basic,8.99,107.88,Crypto,2,Action,1.62,0.09,Low,17,Active,1,Churned,8.99
